bedrooms,bathrooms,sqft_living,sqft_lot,floors,waterfront,view,condition,sqft_basement,house_age,is_renovated,years_since_renovation,city_target_enc
3.0,2.0,1340,1384,3.0,0,0,3,0,6,0,6,570223.1185050136
4.0,3.25,3540,159430,2.0,0,0,3,0,7,0,7,549237.5
5.0,6.5,7270,130017,2.0,0,0,3,850,4,0,4,602238.7424242424
3.0,2.25,998,904,2.0,0,0,3,200,7,0,7,573185.0026954178
5.0,2.75,3060,7015,1.0,0,0,5,1460,35,0,35,574543.2427470535
3.0,2.5,2130,6969,2.0,0,0,3,0,11,0,11,339211.3264705882
4.0,2.0,2520,6000,1.0,0,0,3,1120,93,1,7,583475.1987418453
4.0,1.0,1940,9533,1.0,0,0,3,860,52,1,11,306368.0406504065
3.0,2.5,1350,1250,3.0,0,0,3,80,8,0,8,583475.1987418453
4.0,2.5,2160,5298,2.5,0,0,4,0,112,0,112,573185.0026954178
3.0,2.5,1370,1350,2.0,0,0,3,360,7,0,7,573185.0026954178
4.0,4.5,5420,101930,1.0,0,0,3,1530,13,0,13,664018.5575757576
4.0,2.5,2830,5000,2.0,0,0,3,0,19,0,19,583475.1987418453
3.0,2.5,2010,2287,2.0,0,0,3,620,0,0,0,602238.7424242424
4.0,2.75,3300,12090,2.0,0,0,3,0,61,0,61,1786342.857142857
2.0,2.5,1230,1391,2.0,0,0,3,360,10,1,11,573185.0026954178
3.0,1.5,1720,7119,1.5,0,0,4,0,62,0,62,423979.98295454547
1.0,1.0,810,2451,1.0,0,0,5,0,73,0,73,583475.1987418453
3.0,1.75,1560,8078,1.5,1,4,4,0,86,0,86,1182030.1090909091
3.0,2.0,2560,216777,1.0,0,0,3,0,28,0,28,308362.248
4.0,3.25,4700,38412,2.0,0,0,3,1280,36,0,36,859295.1570351758
2.0,1.0,1220,2500,1.0,0,0,3,450,104,1,8,574543.2427470535
5.0,2.75,3650,20150,1.0,0,0,4,1290,39,0,39,854623.3027093596
3.0,3.25,2170,12508,1.5,0,0,5,520,86,1,44,1204170.349206349
4.0,2.25,2540,228254,1.0,0,0,3,1090,24,1,5,420648.1666666667
2.0,1.0,910,4500,1.5,0,0,4,0,108,1,24,570223.1185050136
4.0,2.5,2980,4930,2.0,0,0,3,90,14,0,14,881585.4168316831
4.0,1.75,2120,4650,1.0,0,1,3,930,63,1,20,573185.0026954178
4.0,3.5,3460,3997,2.0,0,0,3,900,10,1,11,573185.0026954178
5.0,3.0,2480,10090,1.0,0,0,3,1180,10,1,11,583475.1987418453
3.0,2.25,2200,16921,2.0,0,0,3,0,27,1,14,351942.0882352941
4.0,2.0,1730,5500,1.0,0,0,5,720,71,0,71,570223.1185050136
3.0,2.5,2920,34527,1.0,0,4,4,1120,60,1,31,583475.1987418453
3.0,1.0,990,8012,1.0,0,0,4,0,48,0,48,379453.5624401914
4.0,2.5,3040,6887,2.0,0,0,3,0,15,0,15,701918.4194214876
5.0,3.0,4530,258746,1.5,0,0,4,1330,11,0,11,607079.2441860465
3.0,1.5,1370,8470,1.0,0,0,4,0,53,1,13,308362.248
3.0,2.5,1940,4927,2.0,0,0,3,0,10,1,11,376968.54547619045
3.0,2.5,1040,2643,2.0,0,0,3,320,10,1,11,574543.2427470535
4.0,2.25,1800,8623,1.0,0,0,4,440,34,0,34,654481.2884615385
3.0,1.75,1720,5000,1.0,0,0,3,0,60,1,0,573185.0026954178
3.0,1.0,980,6380,1.0,0,0,3,220,73,1,20,570223.1185050136
4.0,2.5,3110,6142,2.0,0,0,3,0,10,1,11,659713.198757764
5.0,3.0,2100,7715,1.0,0,0,3,850,1,1,91,345010.7211538461
3.0,1.5,2020,11358,1.0,0,0,4,830,58,0,58,675464.6038732395
4.0,1.75,2350,11914,1.0,0,0,4,0,53,1,13,1204170.349206349
4.0,2.25,3290,12329,1.5,0,0,4,0,46,0,46,1223622.0
5.0,2.25,2180,7813,2.0,0,0,3,0,28,0,28,339211.3264705882
2.0,2.25,1290,1334,3.0,0,0,3,0,7,0,7,570223.1185050136
3.0,1.0,1460,9750,1.0,0,0,4,0,45,0,45,297151.21774193546
2.0,1.0,1290,2828,2.0,0,0,3,0,6,0,6,664018.5575757576
4.0,2.5,2350,3150,1.5,0,0,4,660,104,0,104,583475.1987418453
3.0,1.0,1080,8100,1.0,0,0,4,0,59,1,5,433780.94444444444
4.0,2.5,2670,13463,2.0,0,0,4,0,25,0,25,602238.7424242424
4.0,3.25,3680,5759,2.0,0,0,3,840,11,0,11,611394.2276422764
3.0,1.75,1440,8040,1.0,0,0,3,480,63,1,20,573185.0026954178
4.0,1.75,1940,4800,1.0,0,0,5,910,92,1,58,583475.1987418453
3.0,1.0,1280,9898,1.0,0,0,3,0,46,1,17,632047.53125
3.0,2.75,2980,27144,1.5,1,2,5,800,97,0,97,372098.1818181818
3.0,1.0,970,8580,1.0,0,0,3,0,55,1,25,290510.51923076925
4.0,3.0,2110,5000,1.5,0,2,4,470,84,0,84,573185.0026954178
2.0,2.5,1480,1369,3.0,0,0,3,0,5,0,5,662070.8855421686
2.0,1.0,700,10540,1.0,0,0,3,0,61,0,61,515479.54545454547
3.0,2.0,2700,6120,1.0,0,0,4,1350,52,0,52,583475.1987418453
4.0,3.25,2330,9687,2.0,0,3,3,0,96,0,96,574543.2427470535
5.0,1.75,3380,20021,1.0,0,0,4,1690,51,0,51,1379400.0
4.0,2.75,2600,2750,1.5,0,0,3,980,78,0,78,573185.0026954178
2.0,1.75,1360,8100,1.0,0,0,3,500,39,0,39,583475.1987418453
4.0,2.5,2780,6369,1.0,0,0,3,1190,36,0,36,655071.1991869919
3.0,1.0,1250,53143,1.0,0,0,5,0,69,0,69,351942.0882352941
3.0,2.5,2620,8950,2.0,0,0,3,0,22,0,22,881585.4168316831
3.0,1.5,1350,7620,1.0,0,0,5,0,73,0,73,378731.27777777775
4.0,3.0,2400,3340,1.0,0,0,4,1200,50,0,50,576183.7791741472
4.0,2.5,2760,5000,1.5,0,0,5,1080,86,1,44,583475.1987418453
4.0,2.25,3070,16028,1.0,0,3,3,1200,38,0,38,1099543.2580645161
2.0,1.75,2040,28593,1.5,1,3,4,0,95,1,24,483484.7826086957
4.0,2.0,1770,6000,2.0,0,0,5,0,103,1,33,583475.1987418453
4.0,3.75,3490,9170,2.0,0,0,3,0,2,1,102,859215.5687192117
2.0,1.5,830,1333,2.0,0,0,3,0,9,0,9,570223.1185050136
2.0,2.5,980,895,2.0,0,0,3,310,5,0,5,573185.0026954178
3.0,2.5,1570,1433,3.0,0,0,3,0,4,0,4,583475.1987418453
4.0,3.25,3270,5187,2.0,0,0,3,160,0,0,0,659713.198757764
4.0,2.5,2160,6223,2.0,0,0,3,0,4,0,4,339211.3264705882
4.0,3.75,3280,11000,2.0,0,0,3,960,6,0,6,654481.2884615385
4.0,2.5,3360,7685,2.0,0,0,3,0,13,0,13,376968.54547619045
5.0,2.75,3150,7119,2.0,0,0,3,0,1,1,91,667110.3374233128
3.0,3.5,1810,1846,2.0,0,0,4,370,5,0,5,570223.1185050136
4.0,2.5,2740,7140,2.0,0,0,3,0,21,0,21,712166.302173913
5.0,4.75,3830,35000,1.0,0,0,3,1700,38,0,38,610245.4411764706
3.0,3.25,3190,5283,2.0,0,0,3,0,7,0,7,589927.1679389313
3.0,2.25,2350,10450,1.0,0,0,3,960,37,1,10,453958.47826086957
4.0,2.25,2510,8165,1.0,0,0,4,900,42,0,42,290510.51923076925
2.0,2.0,1680,4950,1.0,0,0,3,0,8,0,8,659713.198757764
3.0,2.0,1770,6610,1.0,0,0,4,810,60,1,35,433780.94444444444
3.0,1.0,1090,7315,1.0,0,0,5,0,33,0,33,371872.2878787879
5.0,2.5,3001,5710,2.0,0,0,3,0,8,0,8,302187.765625
5.0,3.0,2450,4591,2.0,0,0,3,0,20,0,20,570223.1185050136
3.0,3.25,3610,59677,2.0,0,0,3,1170,11,0,11,611394.2276422764
4.0,2.0,2250,7500,1.0,0,0,5,1050,58,0,58,847974.924611399
3.0,1.5,1240,7735,1.0,0,0,4,0,57,1,13,881585.4168316831
4.0,2.0,2260,6000,1.0,0,0,3,830,56,1,10,570223.1185050136
4.0,1.75,2090,8164,1.0,0,0,4,1020,51,0,51,659713.198757764
5.0,1.75,2020,7902,1.0,0,0,3,800,52,1,11,583475.1987418453
3.0,1.75,1960,5000,1.0,0,0,5,980,103,1,30,574543.2427470535
5.0,2.25,3120,16672,2.0,0,0,4,0,45,0,45,1400000.0
3.0,1.5,1250,7500,1.0,0,0,3,0,47,1,3,297151.21774193546
3.0,2.25,1490,9600,1.0,0,0,4,320,27,0,27,420648.1666666667
6.0,3.0,2890,2370,2.5,0,0,3,600,108,1,0,573185.0026954178
3.0,1.0,1900,33888,1.5,0,0,4,0,72,1,32,297123.8925619835
3.0,1.75,1680,2400,1.0,0,0,5,810,92,1,58,583475.1987418453
3.0,2.5,2030,8398,2.0,0,0,4,0,39,0,39,859215.5687192117
4.0,2.5,3740,8700,1.0,0,0,3,1480,10,1,11,377807.7863636364
3.0,1.75,1580,11750,1.0,0,0,4,400,63,1,15,573185.0026954178
3.0,2.25,1780,6120,1.5,0,0,4,390,87,0,87,576183.7791741472
2.0,1.0,910,6232,1.0,0,0,3,0,71,1,12,574543.2427470535
7.0,4.0,3440,8100,2.0,0,0,3,0,44,1,0,570223.1185050136
3.0,2.5,1740,13750,2.0,0,0,4,0,39,0,39,847974.924611399
5.0,2.5,3400,8970,1.0,0,0,4,1700,55,0,55,420507.6153846154
4.0,3.25,4400,16625,2.0,0,0,3,0,11,0,11,692567.8918918918
3.0,2.5,2010,14298,2.0,0,0,3,0,37,1,10,483484.7826086957
4.0,2.25,2710,38180,2.0,0,0,4,0,37,0,37,610245.4411764706
4.0,2.5,5300,26211,2.0,1,2,2,730,91,0,91,570223.1185050136
3.0,1.5,1310,3880,1.0,0,0,3,220,58,1,13,574543.2427470535
4.0,1.5,1950,12559,1.5,0,0,3,0,75,1,45,257737.16
3.0,1.0,1040,6535,1.0,0,0,3,0,67,1,2,583475.1987418453
3.0,1.75,1090,7200,1.0,0,0,3,0,46,1,17,655071.1991869919
2.0,0.75,650,5360,1.0,0,0,4,0,83,0,83,573185.0026954178
3.0,2.0,1480,6600,1.0,0,2,3,740,71,1,12,574543.2427470535
2.0,1.0,790,2640,1.0,0,0,3,0,41,1,1,654481.2884615385
4.0,2.5,3560,11119,1.0,0,2,3,1270,28,0,28,859215.5687192117
4.0,2.5,3000,5548,2.0,0,0,3,0,8,0,8,673746.1363636364
4.0,2.5,3490,7494,2.0,0,3,3,0,14,0,14,859215.5687192117
3.0,1.75,2340,10495,1.0,0,0,4,0,47,0,47,1182030.1090909091
3.0,1.75,1650,8254,1.0,0,0,5,590,63,0,63,420507.6153846154
3.0,2.0,1940,5820,1.5,0,0,5,790,70,0,70,583475.1987418453
5.0,3.0,3410,9600,1.0,0,0,4,1540,46,0,46,664524.1592356688
3.0,1.0,1710,4050,1.5,0,0,3,0,105,1,10,573185.0026954178
4.0,1.5,2740,4000,2.0,0,0,5,810,109,0,109,573185.0026954178
3.0,2.75,1250,892,2.0,0,0,3,210,4,0,4,573185.0026954178
3.0,2.25,2450,42180,1.0,0,0,4,0,36,1,14,306341.6666666667
3.0,1.75,1690,8190,1.0,0,0,4,0,56,1,42,859295.1570351758
4.0,1.75,1950,13320,1.0,0,0,4,580,45,0,45,854623.3027093596
5.0,2.0,2290,7125,1.0,0,0,3,1100,50,1,14,859295.1570351758
5.0,3.25,3370,17458,1.0,0,2,5,1370,32,0,32,1223622.0
3.0,1.0,1090,8640,1.0,0,0,4,0,41,0,41,372098.1818181818
3.0,1.0,1190,9486,1.0,0,0,4,0,61,1,31,583115.9090909091
5.0,4.25,3530,7924,2.0,0,0,3,0,13,0,13,1223622.0
3.0,1.0,1440,5000,2.0,0,0,3,0,104,1,8,573185.0026954178
4.0,1.75,2180,13529,1.0,0,0,3,1090,58,1,13,466114.81481481483
4.0,1.0,1410,6000,1.0,0,0,3,600,89,1,12,583475.1987418453
3.0,2.5,1950,8251,2.0,0,0,3,0,24,1,5,306983.0317460318
5.0,3.25,4860,23723,2.0,0,2,4,1040,25,0,25,1182030.1090909091
3.0,1.0,1660,7210,1.0,0,0,3,560,51,1,6,289521.22794117645
3.0,1.0,1390,12823,1.0,0,0,4,0,46,0,46,607079.2441860465
3.0,2.0,1350,14200,1.0,0,0,3,0,25,0,25,420657.71428571426
3.0,2.0,1530,5401,1.0,0,0,4,0,77,0,77,576183.7791741472
3.0,1.5,1270,5112,1.0,0,0,3,0,64,1,9,583475.1987418453
4.0,2.25,2140,6355,2.0,0,0,3,0,12,0,12,547301.5576923077
4.0,2.5,2040,5616,2.0,0,0,3,0,2,1,102,466376.511627907
3.0,3.5,2876,5086,2.0,0,0,3,516,7,0,7,632047.53125
3.0,2.5,1580,1161,2.0,0,0,3,570,6,0,6,574543.2427470535
4.0,3.5,3400,5196,2.0,0,0,3,0,2,1,102,533938.304347826
4.0,2.5,3520,6773,2.5,0,0,3,870,8,0,8,570223.1185050136
4.0,2.5,2210,4861,2.0,0,0,3,0,1,1,91,570223.1185050136
4.0,2.5,2790,5602,2.0,0,0,3,0,5,0,5,371872.2878787879
3.0,2.5,1450,5008,1.0,0,0,3,610,7,0,7,573185.0026954178
4.0,1.75,1620,4980,1.0,0,0,4,760,67,1,26,583475.1987418453
3.0,1.5,1220,1086,3.0,0,0,3,0,7,0,7,573185.0026954178
3.0,1.75,2000,5000,1.0,0,0,4,890,93,0,93,570223.1185050136
4.0,2.5,2190,7350,2.5,0,0,5,0,56,0,56,1182030.1090909091
4.0,1.75,1900,8250,1.0,0,0,4,950,59,1,5,881585.4168316831
3.0,1.0,1700,4400,1.5,0,0,4,0,108,1,24,573185.0026954178
5.0,2.5,2540,3832,2.0,0,0,5,780,85,0,85,574543.2427470535
2.0,1.0,1170,8925,1.0,0,2,3,0,103,1,35,295841.6666666667
5.0,5.0,5774,31675,1.0,0,2,3,1284,30,0,30,298547.1904761905
3.0,2.25,2120,15003,2.0,0,0,3,0,30,0,30,377807.7863636364
3.0,1.75,2170,26460,1.0,0,0,3,720,28,0,28,712166.302173913
4.0,2.75,2450,15002,1.0,0,0,5,0,40,0,40,480427.5
2.0,1.0,700,5200,1.0,0,0,5,0,62,1,16,379453.5624401914
3.0,2.5,1780,7214,1.0,0,0,4,380,28,0,28,301453.96774193546
3.0,2.0,1850,8250,1.0,0,0,4,700,62,0,62,308362.248
3.0,2.0,1570,5706,1.0,0,0,3,0,16,1,8,294280.725
3.0,1.0,1290,5500,1.0,0,0,3,310,63,1,20,573185.0026954178
5.0,2.0,1700,7314,1.0,0,0,3,700,58,1,13,583475.1987418453
2.0,1.5,1159,4800,1.0,0,0,3,0,66,1,20,583475.1987418453
3.0,2.75,1850,9600,1.5,0,0,5,0,49,0,49,654481.2884615385
2.0,1.0,840,3522,1.0,0,0,3,0,67,1,2,574543.2427470535
3.0,2.5,1690,1618,2.0,0,0,3,540,0,0,0,609064.7603305785
3.0,1.0,1050,9876,1.0,0,0,3,0,61,0,61,445182.39130434784
3.0,1.75,1400,3825,1.5,0,0,4,300,110,0,110,574543.2427470535
3.0,2.5,2550,7200,2.0,0,2,3,0,33,1,1,574543.2427470535
3.0,2.5,1840,5011,2.0,0,0,3,0,2,1,102,339556.4805970149
3.0,1.5,2360,6750,2.0,0,0,5,430,88,0,88,583475.1987418453
4.0,2.5,2240,14667,2.0,0,0,4,0,25,0,25,674250.625
4.0,2.5,2700,4004,2.0,0,0,3,0,10,1,11,611821.4210526316
3.0,2.5,3030,30007,1.5,0,0,4,0,22,0,22,602057.1753246753
3.0,1.75,1830,5120,1.5,0,2,5,0,111,0,111,583475.1987418453
3.0,2.5,2220,6049,2.0,0,0,4,0,24,0,24,302187.765625
3.0,2.5,2090,7640,1.0,0,0,3,730,52,1,0,428665.7159090909
3.0,1.75,1600,6120,1.5,0,0,3,0,90,1,3,570223.1185050136
4.0,1.75,2010,8625,1.0,0,0,4,670,57,1,13,423979.98295454547
2.0,1.0,830,4000,1.0,0,0,3,0,59,1,9,574543.2427470535
4.0,2.5,2010,7226,2.0,0,0,3,0,19,0,19,308362.248
3.0,1.0,1050,5402,1.5,0,0,4,0,108,1,24,583475.1987418453
4.0,2.5,2150,39449,1.0,0,0,3,730,36,0,36,730700.0
3.0,1.0,860,11900,1.0,0,0,4,0,51,0,51,301453.96774193546
3.0,2.5,3100,20553,1.0,0,0,3,0,60,1,9,423979.98295454547
3.0,1.0,1100,17334,1.0,0,0,3,0,36,0,36,306983.0317460318
3.0,1.5,1830,8000,1.0,0,0,4,0,57,1,13,854623.3027093596
2.0,1.75,1250,34395,1.0,0,0,4,0,64,1,31,290510.51923076925
3.0,2.5,1820,4883,2.0,0,0,3,0,9,0,9,447643.1818181818
3.0,2.0,2090,42689,1.5,0,0,3,0,55,1,16,468500.0
3.0,3.5,2100,12384,2.0,0,0,3,0,34,0,34,352033.1
4.0,2.5,2310,14023,2.0,0,0,3,0,23,0,23,413841.8
4.0,2.25,2060,5649,1.0,0,0,5,700,73,0,73,583475.1987418453
4.0,2.25,4470,60373,2.0,0,0,3,0,26,1,14,612917.84375
3.0,1.0,1660,7500,1.0,0,0,4,600,74,1,13,574543.2427470535
5.0,4.5,3810,8019,2.0,0,0,3,0,6,0,6,712166.302173913
3.0,1.75,2110,10200,2.0,0,0,4,0,48,0,48,377807.7863636364
2.0,2.0,2370,217800,1.5,0,0,3,770,22,0,22,609064.7603305785
3.0,2.25,1970,3716,2.0,0,0,3,0,17,0,17,379453.5624401914
4.0,2.5,2470,33305,2.0,0,0,3,0,21,0,21,662070.8855421686
3.0,1.0,1480,7830,1.0,0,0,3,0,62,1,6,433780.94444444444
5.0,3.0,2257,10117,1.0,0,0,3,894,9,0,9,260515.44444444444
2.0,1.0,700,6000,1.0,0,0,4,0,65,1,29,420507.6153846154
4.0,2.0,1630,9010,1.0,0,0,4,580,39,0,39,308362.248
4.0,2.5,3430,10157,2.0,0,0,3,0,14,0,14,665473.701171875
5.0,1.75,2220,6000,1.5,0,0,3,800,91,1,16,583475.1987418453
3.0,1.75,1340,7473,1.0,0,0,4,0,41,0,41,294280.725
2.0,1.0,980,2130,1.0,0,0,4,120,96,1,40,583475.1987418453
3.0,2.5,2580,13096,2.0,0,0,3,0,28,0,28,667110.3374233128
4.0,2.5,2230,4541,2.0,0,0,3,0,8,0,8,319992.64705882355
4.0,2.0,2290,11137,1.0,0,0,4,0,59,1,5,859215.5687192117
3.0,1.0,1260,8280,1.0,0,0,3,0,68,0,68,570223.1185050136
4.0,2.75,1680,11180,1.0,0,0,4,0,48,0,48,664018.5575757576
4.0,3.25,3200,7081,2.0,0,0,3,0,10,1,11,704425.8029661017
4.0,2.5,3320,7644,2.0,0,0,3,0,19,0,19,859215.5687192117
4.0,2.5,3040,24123,2.0,0,0,3,0,15,0,15,297123.8925619835
4.0,2.75,2270,7375,1.0,0,0,4,980,41,0,41,675464.6038732395
3.0,2.5,2910,17172,2.0,0,0,3,0,25,0,25,298547.1904761905
5.0,2.25,2510,9887,2.0,0,0,3,0,42,1,12,1204170.349206349
2.0,1.0,1240,7200,1.0,0,0,3,0,47,1,3,345922.0
3.0,2.75,2580,5200,2.0,0,0,3,0,6,0,6,371872.2878787879
3.0,2.75,2470,3600,2.0,0,0,3,0,7,0,7,609064.7603305785
4.0,3.5,4910,9444,1.5,0,0,3,1800,7,0,7,692567.8918918918
3.0,2.5,1690,5025,2.0,0,0,3,0,11,0,11,291133.71153846156
4.0,2.5,2240,12032,1.0,0,0,3,0,31,1,5,712166.302173913
3.0,2.0,1650,7352,1.0,0,0,3,490,35,1,0,377807.7863636364
4.0,2.5,2710,5880,2.0,0,0,3,0,16,1,8,294280.725
3.0,1.5,1260,10350,1.0,0,0,3,0,55,1,25,859215.5687192117
3.0,1.0,1150,8100,1.0,0,0,3,0,82,0,82,573185.0026954178
4.0,2.75,2550,7636,1.0,0,0,3,1110,28,0,28,707300.656504065
3.0,1.75,1490,6930,1.0,0,0,4,0,24,0,24,306368.0406504065
4.0,1.75,2020,7865,1.0,0,0,4,1010,51,0,51,370580.66352040815
2.0,1.0,1320,4520,1.0,0,1,3,0,102,1,43,583475.1987418453
3.0,1.0,1230,10350,1.0,0,0,4,0,57,1,13,371872.2878787879
4.0,2.5,2070,7800,2.0,0,0,3,0,25,0,25,298547.1904761905
4.0,1.75,2930,11562,1.0,0,3,3,1260,67,1,2,583475.1987418453
3.0,1.0,1090,8520,1.0,0,0,3,0,47,1,3,290510.51923076925
3.0,1.0,1400,7066,1.0,0,0,3,0,57,1,14,570223.1185050136
4.0,2.0,1550,4815,1.5,0,0,3,0,105,1,10,573185.0026954178
3.0,1.0,1220,13000,1.0,0,0,4,0,59,1,5,428665.7159090909
3.0,2.5,1870,7344,1.0,0,0,3,400,34,0,34,661873.9341085271
3.0,2.25,2150,30476,2.0,0,0,3,0,23,0,23,338981.5238095238
3.0,1.0,980,3090,1.5,0,0,3,0,111,1,9,574543.2427470535
3.0,1.5,1490,8475,1.0,0,0,4,0,51,0,51,667110.3374233128
3.0,1.5,1120,7000,1.0,0,0,3,0,59,1,9,881585.4168316831
3.0,2.25,1180,9630,2.0,0,0,3,0,28,0,28,451624.14634146343
4.0,2.5,3240,20301,2.0,0,0,3,0,29,0,29,664018.5575757576
4.0,2.5,2150,6807,2.0,0,0,4,0,23,0,23,297151.21774193546
3.0,2.5,2240,10800,2.0,0,0,3,0,18,0,18,445182.39130434784
3.0,2.0,1400,7384,1.0,0,0,3,250,35,1,0,376968.54547619045
3.0,2.25,1980,40887,1.0,0,0,4,0,34,0,34,664524.1592356688
3.0,1.0,1330,20562,1.5,0,0,3,0,55,1,25,400620.86486486485
4.0,2.5,3200,7535,2.0,0,0,3,0,8,0,8,583475.1987418453
2.0,1.0,1490,6000,1.0,0,0,3,400,68,0,68,576183.7791741472
5.0,4.25,3920,16258,2.0,0,0,3,1020,24,1,5,854623.3027093596
5.0,1.75,2000,3750,2.0,0,0,4,0,93,0,93,576183.7791741472
4.0,2.5,2680,9185,2.0,0,0,3,0,25,0,25,609064.7603305785
4.0,2.0,1670,9987,1.0,0,0,3,0,47,1,3,289521.22794117645
4.0,3.0,3150,9130,2.0,0,0,3,0,13,0,13,704425.8029661017
4.0,3.25,2740,7266,2.0,0,0,3,680,11,0,11,602238.7424242424
4.0,1.75,1890,8000,1.0,0,0,4,640,54,1,13,428665.7159090909
7.0,3.5,2870,29699,1.0,0,0,3,1350,53,1,10,583475.1987418453
3.0,1.0,1160,10384,1.0,0,0,4,0,45,0,45,341878.1945205479
4.0,1.75,3550,19865,2.0,0,0,3,0,52,1,12,1789164.2857142857
3.0,1.75,1790,6117,1.0,0,2,3,440,74,1,18,576183.7791741472
3.0,1.75,1680,250470,1.0,0,0,4,610,74,1,13,413841.8
3.0,2.5,4560,17622,2.0,0,0,4,760,28,0,28,712166.302173913
3.0,2.25,1590,7748,2.0,0,0,4,0,23,0,23,298547.1904761905
3.0,1.0,1630,10304,1.0,0,0,5,0,61,0,61,402504.4879518072
3.0,2.5,2700,7434,2.0,0,0,3,0,23,0,23,610245.4411764706
3.0,2.5,1700,7496,2.0,0,0,3,0,20,0,20,376968.54547619045
4.0,3.25,3740,12080,1.0,0,0,3,1740,26,1,14,607079.2441860465
4.0,3.0,1980,5352,2.5,0,0,3,0,73,1,9,576183.7791741472
2.0,1.0,880,6345,1.0,0,0,3,0,95,1,13,583475.1987418453
3.0,2.0,1400,6200,1.0,0,0,3,700,66,1,20,428665.7159090909
4.0,2.0,2050,4000,1.5,0,0,5,840,73,0,73,576183.7791741472
3.0,2.5,2360,4638,2.0,0,3,3,0,18,0,18,583475.1987418453
4.0,2.0,2560,7798,1.0,0,0,4,670,67,1,26,583475.1987418453
3.0,1.5,1340,10224,1.0,0,0,4,0,58,0,58,859295.1570351758
3.0,1.0,1060,5200,1.0,0,0,5,0,44,0,44,271876.92307692306
3.0,1.5,850,2500,1.0,0,0,3,0,28,0,28,573185.0026954178
4.0,1.75,1880,7303,1.0,0,0,3,870,38,0,38,654481.2884615385
3.0,1.0,1230,12305,1.0,0,0,3,0,59,1,24,859295.1570351758
4.0,1.75,2290,10290,1.0,0,0,3,950,54,1,2,583475.1987418453
3.0,1.0,1660,6582,1.0,0,0,5,660,68,0,68,576183.7791741472
3.0,2.5,1840,2875,2.0,0,0,4,0,17,0,17,576183.7791741472
4.0,2.5,3020,17810,1.0,0,0,3,1420,35,1,0,473692.0
3.0,1.75,1410,6886,1.0,0,0,3,0,90,1,1,583475.1987418453
3.0,1.0,1010,9514,1.0,0,0,3,0,45,1,4,371872.2878787879
3.0,1.75,1960,8136,1.0,0,0,3,980,66,1,20,576183.7791741472
5.0,3.75,3580,14275,2.0,0,0,3,390,15,0,15,611394.2276422764
4.0,2.5,2240,7200,2.0,0,0,3,0,19,0,19,570223.1185050136
4.0,2.5,3310,5404,2.0,0,0,3,0,10,1,11,662070.8855421686
3.0,2.5,1232,1130,3.0,0,0,3,0,7,0,7,583475.1987418453
4.0,3.5,3930,5680,2.0,0,1,3,1110,1,1,91,602238.7424242424
3.0,2.5,1720,3600,2.0,0,0,3,0,4,0,4,664018.5575757576
3.0,2.25,1490,974,2.0,0,0,3,270,5,0,5,583475.1987418453
3.0,2.5,3150,151588,2.0,0,0,3,0,7,0,7,730700.0
4.0,2.5,3950,10856,3.0,0,0,3,0,1,1,91,704425.8029661017
5.0,2.75,3030,10335,2.0,0,0,3,0,1,1,91,635820.0
2.0,1.5,1070,9643,1.0,0,0,3,0,29,0,29,301453.96774193546
3.0,2.5,2320,36847,2.0,0,2,3,0,22,0,22,400620.86486486485
1.0,1.0,700,5100,1.0,0,0,3,0,72,1,15,583475.1987418453
3.0,2.5,2720,6439,2.0,0,0,3,0,9,0,9,547301.5576923077
3.0,2.5,1800,5761,2.0,0,0,4,0,24,0,24,573185.0026954178
3.0,1.75,1560,4049,1.5,0,2,3,560,88,1,11,573185.0026954178
3.0,2.0,1760,11410,1.0,0,0,5,700,37,0,37,377807.7863636364
4.0,3.25,3120,5000,2.0,0,0,3,750,9,0,9,573185.0026954178
2.0,1.0,2020,7200,1.0,0,3,4,320,67,1,26,574543.2427470535
3.0,2.0,1450,2400,1.5,0,0,3,0,114,1,11,583475.1987418453
4.0,2.25,1860,7000,1.0,0,0,3,740,35,1,0,298547.1904761905
4.0,2.25,2270,7800,1.0,0,0,3,980,37,1,10,655071.1991869919
3.0,2.5,1480,15639,2.0,0,0,3,0,27,1,14,421049.06666666665
5.0,1.0,1460,6032,2.0,0,0,4,0,73,1,16,345922.0
4.0,3.5,1850,6519,2.0,0,0,3,720,28,0,28,294129.8971962617
3.0,2.5,2170,5000,2.0,0,0,3,0,11,0,11,589927.1679389313
3.0,1.75,1726,197326,2.0,0,0,4,0,32,1,3,476616.0
3.0,1.75,1180,10541,1.0,0,0,4,240,33,0,33,692567.8918918918
4.0,1.5,1370,9957,1.0,0,0,3,470,42,1,12,665473.701171875
3.0,2.5,2670,13218,1.0,0,0,4,0,26,0,26,298517.84
3.0,1.0,1260,6826,1.0,0,0,3,540,70,0,70,576183.7791741472
4.0,1.0,1980,7991,1.5,0,0,3,0,52,1,11,377807.7863636364
3.0,2.0,2050,3933,1.0,0,0,3,870,88,1,13,576183.7791741472
5.0,2.75,2830,5310,2.0,0,0,3,0,8,0,8,659713.198757764
2.0,1.0,910,3600,1.0,0,0,4,0,105,1,25,583475.1987418453
4.0,2.5,2440,4000,2.0,0,0,3,0,5,0,5,339556.4805970149
3.0,2.0,2180,5440,1.0,0,0,5,1080,110,0,110,576183.7791741472
3.0,2.0,1900,6660,1.0,0,0,5,950,48,0,48,345402.7394736842
3.0,2.25,1520,1221,3.0,0,0,3,0,1,1,91,570223.1185050136
3.0,2.0,2220,6641,1.0,0,2,4,1000,67,1,26,583475.1987418453
4.0,2.75,3280,24440,2.0,0,0,3,0,18,0,18,632047.53125
3.0,2.5,2740,83199,2.0,0,4,3,0,41,1,1,297151.21774193546
2.0,1.0,830,6017,1.0,0,0,4,0,60,1,35,433780.94444444444
2.0,1.0,1010,5200,1.0,0,0,3,0,59,1,9,335615.4146341463
3.0,2.25,2060,38377,1.0,0,0,4,500,36,1,14,291133.71153846156
3.0,2.25,1990,7340,2.0,0,0,3,0,30,0,30,612917.84375
4.0,2.5,2280,7568,2.0,0,0,4,0,13,0,13,379453.5624401914
3.0,2.5,1870,5874,2.0,0,0,3,0,9,0,9,298517.84
3.0,2.25,1720,4000,1.5,0,0,4,270,93,0,93,576183.7791741472
2.0,1.0,870,6150,1.0,0,0,3,0,73,1,20,570223.1185050136
3.0,2.0,1020,1204,2.0,0,0,3,300,10,1,11,573185.0026954178
3.0,1.5,1260,3135,1.5,0,0,3,0,83,0,83,573185.0026954178
3.0,2.5,2370,7875,2.0,0,0,3,0,11,0,11,573991.6862745098
3.0,1.0,1000,18513,1.0,0,0,3,0,74,1,18,570223.1185050136
3.0,1.5,1100,1751,2.0,0,0,3,160,7,0,7,583475.1987418453
3.0,2.25,1440,7673,1.0,0,0,3,500,32,0,32,306368.0406504065
4.0,2.5,3120,14300,2.0,0,0,3,0,11,0,11,611821.4210526316
2.0,2.0,2260,9604,1.0,0,0,3,0,24,1,5,489242.0238095238
4.0,2.5,2790,7956,2.0,0,0,3,0,9,0,9,306956.0
1.0,1.0,1140,6700,1.5,0,0,3,0,94,1,35,570223.1185050136
3.0,2.25,1290,2500,2.0,0,0,4,0,27,0,27,573185.0026954178
5.0,1.75,1730,5200,1.0,0,0,4,680,36,1,14,315737.9310344828
4.0,2.5,3160,11380,2.0,0,0,3,0,31,1,5,692567.8918918918
4.0,2.5,2340,8990,2.0,0,0,3,0,11,0,11,339211.3264705882
3.0,1.5,1170,4950,1.0,0,0,4,0,54,1,13,854623.3027093596
2.0,1.0,1160,5000,1.0,0,0,4,0,77,0,77,576183.7791741472
3.0,3.0,1970,24318,1.0,0,0,3,0,4,0,4,453958.47826086957
5.0,4.25,6490,10862,2.0,0,3,4,2550,23,0,23,1223622.0
3.0,2.25,1410,1377,2.0,0,0,3,120,9,0,9,602238.7424242424
4.0,2.5,2430,5000,2.0,0,0,3,0,5,0,5,561804.3541666666
5.0,1.5,3360,5402,2.0,0,0,3,0,0,0,0,712166.302173913
3.0,2.5,1480,1663,2.0,0,0,3,300,2,1,102,576183.7791741472
5.0,2.5,3200,6455,2.0,0,0,3,0,5,0,5,573991.6862745098
3.0,2.5,2134,1984,2.5,0,0,3,0,6,0,6,611394.2276422764
3.0,3.25,1860,1787,3.0,0,0,3,0,7,0,7,428665.7159090909
4.0,3.0,5520,8313,2.0,0,3,3,1950,6,0,6,881585.4168316831
2.0,2.5,1310,1500,2.0,0,0,3,150,8,0,8,573185.0026954178
3.0,2.0,1700,4250,1.0,0,0,3,810,70,0,70,573185.0026954178
3.0,2.5,2480,8342,2.0,0,0,3,0,28,0,28,371872.2878787879
5.0,2.5,1970,8605,2.0,0,0,4,0,20,0,20,331227.0833333333
4.0,2.5,2060,7475,1.0,0,0,3,620,29,0,29,664018.5575757576
3.0,2.5,2130,3500,1.0,0,0,4,920,20,0,20,610245.4411764706
3.0,2.25,1410,14110,1.0,0,2,3,240,27,1,14,565703.2
2.0,2.0,1360,4688,1.0,0,0,3,580,70,0,70,574543.2427470535
3.0,2.0,1940,55756,1.0,0,0,5,0,60,0,60,847974.924611399
2.0,2.25,1610,2040,2.0,0,0,4,0,35,0,35,370580.66352040815
2.0,2.0,1420,9191,1.5,0,2,5,0,86,1,44,576183.7791741472
4.0,2.5,1700,7280,2.0,0,0,4,0,26,0,26,302187.765625
2.0,1.0,1490,3825,1.0,0,0,3,630,85,0,85,574543.2427470535
3.0,2.5,2680,7757,2.0,0,0,3,0,24,1,5,294129.8971962617
4.0,2.5,3190,8684,1.0,0,3,5,1510,47,0,47,881585.4168316831
5.0,1.5,2120,7700,1.5,0,0,5,0,52,0,52,370580.66352040815
4.0,2.0,1690,3250,1.5,0,0,3,140,113,0,113,573185.0026954178
4.0,2.5,1830,8601,2.0,0,0,3,0,11,0,11,339211.3264705882
2.0,1.5,1010,1968,1.5,0,0,5,0,108,0,108,576183.7791741472
4.0,2.75,2070,9300,1.0,0,0,5,950,69,0,69,428665.7159090909
3.0,1.5,1710,4500,1.5,0,0,3,300,86,1,60,583475.1987418453
4.0,1.0,1660,4690,1.5,0,0,3,400,69,1,4,576183.7791741472
4.0,1.75,2080,13629,1.0,0,0,4,1040,59,1,5,583475.1987418453
3.0,2.5,1270,9675,2.0,0,0,3,0,21,0,21,406146.40625
3.0,1.0,1080,21043,1.0,0,0,3,0,72,1,15,574543.2427470535
3.0,2.0,1610,5100,1.5,0,0,5,0,74,0,74,570223.1185050136
2.0,1.0,1120,9912,1.0,0,0,4,0,34,0,34,488882.5
4.0,2.75,2500,5257,2.0,0,0,3,0,48,1,51,583475.1987418453
3.0,1.0,970,7275,1.0,0,0,4,0,44,0,44,306368.0406504065
5.0,2.0,3370,5000,1.5,0,0,4,1230,107,0,107,574543.2427470535
3.0,1.0,1290,189486,1.0,0,0,4,0,54,1,13,308362.248
4.0,3.5,3370,435600,2.0,0,3,3,0,9,0,9,421049.06666666665
4.0,3.5,3410,10769,2.0,0,0,3,0,6,0,6,854623.3027093596
4.0,2.5,2490,8290,2.0,0,0,3,0,15,0,15,297123.8925619835
2.0,1.0,770,4000,1.0,0,0,5,0,90,1,58,570223.1185050136
1.0,1.5,810,3211,2.0,0,0,4,0,32,1,3,665473.701171875
4.0,2.5,3060,10043,1.0,0,0,4,1360,46,0,46,402504.4879518072
3.0,2.5,1690,1613,2.0,0,0,3,540,0,0,0,602238.7424242424
3.0,1.75,1890,3825,1.0,0,0,3,600,40,0,40,576183.7791741472
2.0,2.0,1470,3128,2.0,0,0,3,0,9,0,9,345402.7394736842
2.0,1.0,1060,7193,1.0,0,0,3,0,88,1,11,573185.0026954178
4.0,2.5,3480,59242,2.0,0,0,3,0,26,1,14,610245.4411764706
4.0,2.75,2730,3560,1.5,0,0,3,1180,93,1,7,583475.1987418453
3.0,2.25,1580,7941,2.0,0,0,4,0,28,0,28,302406.8613861386
3.0,2.75,2170,7900,1.0,0,0,4,790,36,1,14,301453.96774193546
2.0,1.0,930,4743,1.0,0,0,4,0,72,1,32,377807.7863636364
4.0,2.0,1580,7800,2.0,0,0,2,0,108,0,108,573185.0026954178
5.0,1.75,3290,11900,1.5,0,0,3,0,41,1,1,664524.1592356688
4.0,2.25,2110,10698,2.0,0,0,4,0,35,0,35,611821.4210526316
3.0,2.5,1670,3565,2.0,0,0,3,0,15,0,15,612917.84375
3.0,2.25,2030,7350,1.0,0,0,4,840,37,0,37,662070.8855421686
3.0,1.0,1500,4100,1.5,0,0,3,130,88,1,11,583475.1987418453
3.0,2.25,1450,1445,2.0,0,0,3,470,9,0,9,576183.7791741472
4.0,1.5,1310,8250,1.0,0,0,3,250,61,0,61,335615.4146341463
5.0,3.25,4180,49222,2.0,0,0,4,1300,35,0,35,609064.7603305785
3.0,1.75,1630,28600,1.0,0,0,3,0,47,1,3,610245.4411764706
4.0,2.5,2660,10452,2.0,0,0,3,0,21,0,21,667110.3374233128
3.0,2.5,1720,1916,2.0,0,0,3,0,9,0,9,377807.7863636364
2.0,2.25,1260,1240,3.0,0,0,3,0,10,1,11,573185.0026954178
3.0,1.75,1610,12247,1.0,0,0,3,0,33,1,1,376968.54547619045
2.0,1.0,680,8064,1.0,0,0,3,0,73,1,20,260515.44444444444
4.0,3.5,2640,5900,2.0,0,2,3,0,77,1,16,570223.1185050136
3.0,2.25,1640,7200,2.0,0,0,4,0,29,0,29,881585.4168316831
4.0,1.75,2310,8045,1.0,0,0,4,660,38,1,22,371872.2878787879
3.0,1.75,2010,4905,1.0,0,0,5,780,102,0,102,574543.2427470535
2.0,1.5,1660,4680,1.0,0,0,5,830,106,0,106,576183.7791741472
3.0,2.5,2200,3360,2.0,0,0,3,0,5,0,5,573185.0026954178
4.0,2.5,2460,4200,2.0,0,0,3,0,16,1,8,664018.5575757576
2.0,1.75,2430,23400,1.0,0,4,3,0,63,1,20,428665.7159090909
3.0,1.0,1370,7500,1.0,0,0,3,0,54,1,2,465467.35714285716
3.0,1.75,1800,10200,1.0,0,0,3,0,47,1,3,376968.54547619045
3.0,1.75,2200,7706,2.0,0,2,3,0,106,1,26,311057.8333333333
2.0,1.0,700,2334,1.0,0,0,3,0,69,1,4,570223.1185050136
3.0,2.5,1920,15124,2.0,0,0,3,0,19,0,19,406146.40625
5.0,2.75,2190,12687,1.0,0,0,5,820,36,0,36,447643.1818181818
3.0,2.25,2030,9791,1.0,0,0,4,530,30,0,30,635820.0
3.0,2.5,1350,2053,3.0,0,0,3,0,9,0,9,570223.1185050136
3.0,2.5,1680,2096,2.0,0,0,3,300,6,0,6,583475.1987418453
5.0,1.75,1250,10530,1.0,0,0,4,0,48,0,48,847974.924611399
4.0,3.0,2240,6000,1.5,0,0,4,970,100,1,69,573185.0026954178
3.0,1.0,950,7620,1.0,0,0,3,0,60,1,9,583475.1987418453
3.0,3.5,2320,3174,2.0,0,0,3,260,17,0,17,661873.9341085271
2.0,2.5,2380,9374,1.0,0,2,3,0,3,0,3,659713.198757764
2.0,2.25,1540,958,3.0,0,0,3,0,7,0,7,583475.1987418453
5.0,3.0,2100,9752,1.0,0,0,3,900,7,0,7,290510.51923076925
4.0,2.5,2500,4945,2.0,0,0,3,0,1,1,91,573991.6862745098
4.0,2.5,3230,7331,2.0,0,0,3,0,10,1,11,701918.4194214876
3.0,2.5,2830,5802,2.0,0,0,3,0,13,0,13,451624.14634146343
2.0,1.0,870,5340,1.5,0,0,2,0,108,0,108,576183.7791741472
4.0,3.0,2690,28300,1.0,0,0,3,0,60,1,15,515479.54545454547
3.0,2.5,1260,889,3.0,0,0,3,0,6,0,6,583475.1987418453
4.0,3.5,2680,10000,2.0,0,0,3,640,72,1,0,583475.1987418453
3.0,2.5,2660,4975,2.0,0,0,3,0,0,0,0,570223.1185050136
2.0,1.75,1480,5120,1.0,0,0,4,640,63,1,15,573185.0026954178
4.0,2.25,1770,33132,1.0,0,0,4,580,49,0,49,376968.54547619045
2.0,1.0,950,7692,1.0,0,0,3,0,88,1,11,576183.7791741472
2.0,1.0,860,8308,1.0,0,0,4,0,66,0,66,573185.0026954178
4.0,2.0,1960,7560,1.0,0,0,5,800,36,0,36,306368.0406504065
2.0,1.0,1770,5522,1.5,0,0,4,810,71,0,71,583475.1987418453
4.0,1.75,1280,6060,1.0,0,0,3,420,88,1,11,574543.2427470535
4.0,2.5,2150,12028,2.0,0,0,4,0,32,1,3,664018.5575757576
2.0,1.0,1790,4000,1.0,0,0,4,750,91,0,91,576183.7791741472
3.0,2.25,1990,10260,2.0,0,0,4,0,27,0,27,662070.8855421686
5.0,2.5,2430,4781,2.0,0,0,3,0,13,0,13,377807.7863636364
4.0,2.75,2820,13193,1.0,0,0,3,960,49,1,21,847974.924611399
3.0,1.0,1910,8190,1.0,0,0,4,900,68,1,25,576183.7791741472
3.0,2.25,1270,1213,2.0,0,0,3,230,9,0,9,576183.7791741472
4.0,2.75,2050,3960,1.0,0,0,4,870,28,0,28,583475.1987418453
6.0,2.0,2150,4505,1.0,0,0,3,880,62,1,6,574543.2427470535
4.0,1.75,2450,13300,1.0,0,2,4,820,27,0,27,859295.1570351758
2.0,2.25,1230,1280,2.0,0,0,3,270,2,1,102,570223.1185050136
4.0,2.25,2260,41984,1.0,0,0,4,0,47,0,47,661873.9341085271
2.0,1.0,1050,60113,1.0,0,0,4,0,71,0,71,297123.8925619835
3.0,1.75,1570,7775,2.0,0,0,3,0,32,0,32,301453.96774193546
4.0,2.0,1820,9350,1.0,0,0,4,0,47,0,47,664018.5575757576
2.0,1.75,1540,4025,1.0,0,0,4,350,106,0,106,576183.7791741472
3.0,1.5,2060,44866,1.0,0,0,3,0,61,0,61,612917.84375
4.0,3.5,4380,74052,1.0,0,0,3,0,13,0,13,664524.1592356688
3.0,1.0,1090,9900,1.0,0,0,4,0,59,1,5,664524.1592356688
3.0,1.75,1480,7225,1.0,0,0,4,0,49,0,49,377807.7863636364
4.0,1.0,1320,4440,1.5,0,0,3,0,85,0,85,576183.7791741472
1.0,2.25,2140,10350,1.0,0,0,3,670,38,0,38,602057.1753246753
4.0,3.5,4560,16643,1.0,0,3,3,2330,19,0,19,847974.924611399
4.0,3.0,2800,9764,2.0,0,0,3,0,12,0,12,351942.0882352941
3.0,1.0,1050,5000,1.0,0,0,4,0,47,0,47,370580.66352040815
3.0,1.5,1490,9630,1.0,0,0,4,0,55,0,55,451624.14634146343
2.0,1.0,1730,6375,2.0,0,0,4,0,69,0,69,576183.7791741472
4.0,1.0,1210,3760,1.5,0,0,3,0,114,1,9,574543.2427470535
4.0,2.5,2800,8494,2.0,0,0,3,0,10,1,11,339211.3264705882
3.0,1.5,1570,1050,2.0,0,0,3,0,99,0,99,573185.0026954178
3.0,2.25,1400,31626,1.0,0,0,2,260,27,0,27,297123.8925619835
4.0,2.0,2850,7861,1.0,0,4,4,1400,44,0,44,576183.7791741472
6.0,3.0,1880,7200,1.0,0,0,4,0,48,0,48,371872.2878787879
2.0,1.0,790,8424,1.0,0,0,4,0,61,1,31,428665.7159090909
2.0,1.75,1300,4000,2.0,0,0,3,0,66,1,20,570223.1185050136
3.0,1.0,2120,7735,1.0,0,0,4,1060,47,0,47,371872.2878787879
3.0,1.5,1540,4773,2.0,0,0,3,0,73,1,5,574543.2427470535
4.0,2.75,2620,13777,1.5,0,2,4,900,88,1,21,573185.0026954178
6.0,3.0,2880,3192,2.0,0,0,4,700,95,1,29,576183.7791741472
4.0,1.0,1680,4021,1.5,0,0,3,0,93,1,14,583475.1987418453
2.0,1.0,790,6969,1.0,0,0,3,0,59,1,30,664524.1592356688
3.0,1.0,1092,7500,1.5,0,0,3,0,96,0,96,576183.7791741472
3.0,1.5,1650,9936,1.0,0,0,3,560,47,1,3,302406.8613861386
3.0,2.5,2090,4700,2.0,0,0,3,0,12,0,12,315737.9310344828
4.0,1.75,2180,28710,1.0,0,0,3,1000,64,1,9,257737.16
4.0,2.5,1990,6671,2.0,0,0,3,0,25,0,25,290510.51923076925
4.0,2.5,2650,7945,2.0,0,0,3,0,8,0,8,583475.1987418453
4.0,3.5,4460,16953,1.0,0,0,3,1910,52,1,20,2144683.3333333335
3.0,1.0,910,8000,1.0,0,0,4,170,64,1,31,420507.6153846154
3.0,2.5,2770,10773,2.0,0,2,3,0,22,0,22,847974.924611399
3.0,2.0,2390,6888,2.0,0,1,5,0,75,0,75,583475.1987418453
3.0,2.5,3050,158558,1.0,0,0,4,0,27,0,27,371872.2878787879
3.0,2.5,1700,4000,2.0,0,0,3,0,11,0,11,533938.304347826
5.0,3.5,3200,43560,2.0,0,0,3,0,25,0,25,371872.2878787879
3.0,1.75,1200,4500,1.0,0,0,5,0,108,0,108,570223.1185050136
4.0,2.25,2220,6953,2.0,0,0,4,0,15,0,15,339556.4805970149
3.0,2.5,2480,9041,2.0,0,0,3,0,10,1,11,662070.8855421686
4.0,2.25,2560,12100,1.0,0,0,4,800,38,1,22,659713.198757764
4.0,1.5,2500,6300,1.0,0,0,4,1000,53,1,13,302187.765625
2.0,1.0,1150,4000,1.0,0,0,3,0,67,1,2,570223.1185050136
4.0,1.75,1650,7775,1.0,0,0,4,500,64,1,31,576183.7791741472
3.0,1.75,1140,9628,1.0,0,0,4,0,45,0,45,290510.51923076925
3.0,1.75,3400,8965,1.0,0,2,5,1580,57,0,57,574543.2427470535
3.0,1.0,1180,43124,1.0,0,0,4,0,55,0,55,611821.4210526316
3.0,2.5,1700,4105,2.0,0,0,3,0,22,0,22,576183.7791741472
3.0,1.5,1240,11200,1.0,0,0,4,0,60,1,35,859295.1570351758
5.0,2.25,2890,12478,2.0,0,0,3,0,37,1,10,707300.656504065
3.0,1.0,1060,10050,1.0,0,0,4,0,47,0,47,445182.39130434784
4.0,1.75,1590,10523,2.0,0,0,4,0,92,0,92,402504.4879518072
6.0,5.25,2860,5682,2.0,0,0,3,0,36,0,36,297123.8925619835
1.0,1.0,820,1060,1.0,0,0,3,60,7,0,7,573185.0026954178
3.0,2.0,2020,8118,1.0,0,0,3,1000,51,1,6,847974.924611399
4.0,2.25,1870,9680,1.0,0,0,4,700,55,0,55,654481.2884615385
3.0,2.5,2170,4905,2.0,0,0,3,0,10,1,11,351942.0882352941
4.0,2.5,1600,6765,1.0,0,0,3,770,67,1,3,574543.2427470535
4.0,1.75,2090,4300,1.5,0,0,4,840,89,1,46,574543.2427470535
4.0,2.0,1700,6025,1.0,0,0,3,0,36,0,36,289521.22794117645
4.0,1.75,1940,6909,1.0,0,0,4,970,73,1,16,570223.1185050136
3.0,1.0,1320,8625,1.0,0,0,4,0,57,1,13,371872.2878787879
4.0,2.25,3500,13875,1.0,0,4,4,1670,76,0,76,583475.1987418453
5.0,3.5,2800,5120,2.5,0,0,3,0,111,1,9,583475.1987418453
3.0,1.5,1080,2940,1.5,0,0,4,0,94,0,94,574543.2427470535
4.0,2.5,3550,8048,2.0,0,0,3,0,7,0,7,561804.3541666666
3.0,2.0,2010,251341,2.0,0,0,3,500,11,0,11,413841.8
3.0,1.75,1690,1468,2.0,0,0,3,310,6,0,6,570223.1185050136
3.0,1.5,1270,1443,3.0,0,0,3,0,7,0,7,583475.1987418453
3.0,2.25,1970,2377,2.0,0,0,3,290,6,0,6,574543.2427470535
4.0,2.75,3160,8097,2.0,0,0,3,0,0,0,0,654481.2884615385
3.0,2.5,1210,1200,3.0,0,0,3,0,6,0,6,583475.1987418453
4.0,3.5,3120,5086,2.0,0,0,3,640,6,0,6,573185.0026954178
4.0,2.5,2670,8765,2.0,0,0,3,0,8,0,8,377807.7863636364
3.0,2.25,1640,1204,3.0,0,0,3,0,0,0,0,576183.7791741472
4.0,2.5,2303,3680,2.0,0,0,3,0,1,1,91,308362.248
3.0,2.5,1800,3168,2.0,0,0,3,0,0,0,0,561804.3541666666
5.0,3.5,4460,2975,3.0,0,2,3,1180,1,1,91,570223.1185050136
2.0,2.5,1590,2656,2.0,0,0,3,370,5,0,5,576183.7791741472
4.0,3.5,3070,4684,2.0,0,0,3,880,5,0,5,602238.7424242424
2.0,1.75,1330,7200,1.0,0,0,3,0,21,0,21,246844.69565217392
3.0,1.0,990,6750,1.0,0,0,4,0,67,1,26,574543.2427470535
4.0,2.5,1900,5790,2.0,0,0,3,0,20,0,20,611394.2276422764
3.0,2.5,2020,1159,3.0,0,3,3,0,14,0,14,576183.7791741472
3.0,1.75,2000,9416,1.0,0,0,4,0,53,1,13,654481.2884615385
2.0,1.75,1100,7600,1.0,0,0,3,0,34,0,34,307819.2631578947
1.0,1.0,960,40946,1.0,0,0,5,0,69,0,69,560478.0714285715
4.0,2.75,3488,9614,2.0,0,0,3,0,16,1,8,659713.198757764
2.0,1.75,1890,9466,2.0,0,0,3,0,27,1,14,854623.3027093596
4.0,2.0,2030,8120,2.0,0,0,3,0,64,1,9,583475.1987418453
3.0,1.75,1380,7350,1.0,0,0,3,390,33,1,1,271876.92307692306
4.0,3.25,3660,5800,2.5,0,0,3,300,105,1,19,570223.1185050136
3.0,2.25,1870,3230,2.0,0,0,3,0,17,0,17,377807.7863636364
4.0,2.25,2080,12007,1.0,0,0,4,860,35,0,35,707300.656504065
4.0,2.75,2450,14803,2.0,0,0,4,0,26,0,26,635820.0
4.0,2.25,2750,6180,1.0,0,0,4,1250,66,0,66,574543.2427470535
3.0,1.0,1240,4842,1.0,0,0,4,0,98,0,98,570223.1185050136
3.0,2.5,1900,7604,2.0,0,0,3,0,24,1,5,665473.701171875
3.0,2.5,2540,6093,2.0,0,0,3,0,15,0,15,655071.1991869919
3.0,2.75,2100,10362,2.0,0,0,3,590,16,1,8,551871.586715821
4.0,2.0,1790,2250,1.0,0,2,4,950,105,1,25,583475.1987418453
3.0,2.0,1170,7258,1.0,0,0,3,0,30,0,30,308362.248
3.0,1.0,1060,9126,1.0,0,2,5,0,58,0,58,322780.4347826087
5.0,2.0,1930,6120,1.5,0,0,3,0,73,1,45,574543.2427470535
3.0,2.0,1540,7947,1.0,0,0,3,420,53,1,10,478132.68518518517
5.0,3.0,2876,13927,1.0,0,2,4,906,41,0,41,1157220.9705882352
3.0,2.5,2150,7484,2.0,0,0,3,0,26,1,14,712166.302173913
2.0,1.0,1140,5500,1.0,0,0,3,0,67,1,2,570223.1185050136
3.0,1.5,980,7790,1.0,0,0,5,0,45,0,45,654481.2884615385
3.0,1.75,1230,13056,1.0,0,0,4,0,52,0,52,294280.725
3.0,1.75,1390,10905,1.0,0,0,3,530,57,1,14,573185.0026954178
3.0,3.5,2380,6250,2.0,0,3,3,710,17,0,17,574543.2427470535
3.0,3.25,3690,7200,2.0,0,0,3,0,7,0,7,665473.701171875
5.0,3.25,3010,1074218,1.5,0,0,5,1000,83,0,83,602238.7424242424
3.0,1.0,1250,9126,1.0,0,0,3,0,45,1,4,632047.53125
4.0,2.75,2290,6120,2.0,0,0,4,120,88,1,21,576183.7791741472
2.0,1.0,790,5240,1.0,0,0,4,0,89,1,46,583475.1987418453
3.0,2.5,2720,6014,2.0,0,0,3,0,12,0,12,294280.725
4.0,2.75,2550,8632,1.0,0,0,3,850,42,1,12,661873.9341085271
2.0,1.0,1080,3899,1.0,0,0,4,0,42,0,42,335615.4146341463
3.0,1.75,2470,9620,1.0,0,1,4,900,52,0,52,311057.8333333333
2.0,0.75,850,7710,1.0,0,2,5,300,105,1,26,570223.1185050136
3.0,2.5,1990,8991,1.0,0,0,3,420,45,1,4,302187.765625
3.0,2.25,1800,10500,2.0,0,0,3,0,19,0,19,339211.3264705882
5.0,4.0,4850,36450,2.0,0,0,3,0,37,1,10,859295.1570351758
3.0,1.0,1020,7874,1.0,0,0,3,0,58,1,13,576183.7791741472
3.0,2.5,2420,49928,2.0,0,0,3,560,29,0,29,609064.7603305785
4.0,2.5,2910,5776,2.0,0,2,3,0,16,1,8,561804.3541666666
3.0,1.5,1060,9039,1.0,0,0,3,0,41,1,1,370580.66352040815
4.0,2.5,2340,6420,1.0,0,2,3,750,50,1,14,402504.4879518072
4.0,2.75,1800,5453,1.0,0,0,3,750,12,0,12,370580.66352040815
4.0,2.0,1660,6150,1.0,0,0,3,810,69,1,4,576183.7791741472
3.0,1.75,1300,62290,1.0,0,0,3,0,31,1,5,664524.1592356688
3.0,1.5,1780,23819,1.0,0,0,3,0,61,0,61,573185.0026954178
2.0,1.0,1030,4841,1.0,0,0,3,110,75,1,45,574543.2427470535
4.0,3.25,2790,5420,1.0,0,3,3,1660,51,1,1,423979.98295454547
3.0,1.0,1150,3000,1.0,0,0,5,0,108,0,108,574543.2427470535
4.0,2.5,3290,11446,2.0,0,0,3,0,22,0,22,445182.39130434784
4.0,2.5,3400,247421,2.0,0,0,3,0,13,0,13,505500.0
2.0,1.0,1200,4000,1.0,0,0,3,130,74,1,18,570223.1185050136
4.0,2.5,2160,8005,2.0,0,0,3,0,21,0,21,226280.0
3.0,1.0,1450,4000,1.0,0,1,4,500,66,0,66,574543.2427470535
4.0,2.5,3240,3600,2.0,0,0,3,1180,6,0,6,576183.7791741472
3.0,2.0,1470,1691,2.0,0,0,3,470,7,0,7,574543.2427470535
4.0,2.5,2360,5226,2.0,0,0,3,0,13,0,13,654481.2884615385
3.0,2.25,2230,9053,2.0,0,0,4,0,27,0,27,854623.3027093596
4.0,2.5,2630,48706,2.0,0,0,3,0,28,0,28,602057.1753246753
3.0,1.0,1010,25000,1.0,0,0,3,0,48,1,51,549237.5
3.0,2.25,1445,1471,2.0,0,0,3,145,11,0,11,611394.2276422764
3.0,1.75,2380,6000,1.5,0,0,3,1060,79,1,40,583475.1987418453
4.0,2.75,2830,13059,2.0,0,0,3,0,16,1,8,707300.656504065
4.0,2.5,3010,46173,2.0,0,0,3,0,18,0,18,664018.5575757576
4.0,2.25,2000,9000,1.0,0,0,4,0,36,1,14,298547.1904761905
3.0,2.25,2020,3600,2.0,0,0,3,0,16,1,8,661873.9341085271
3.0,2.5,2030,6326,2.0,0,0,3,0,21,0,21,341878.1945205479
3.0,2.75,2550,11160,2.0,0,0,3,0,20,0,20,402504.4879518072
2.0,1.0,970,13700,1.0,0,0,3,0,65,1,16,573185.0026954178
3.0,1.75,1540,12446,1.0,0,0,5,0,47,0,47,609064.7603305785
2.0,1.0,1396,111949,1.0,0,0,3,0,74,1,17,664018.5575757576
4.0,3.25,2780,7875,2.0,0,0,3,0,8,0,8,576183.7791741472
6.0,2.0,2220,8797,1.0,0,0,3,0,37,1,10,297123.8925619835
4.0,3.5,2350,13402,2.0,0,3,3,680,20,0,20,655071.1991869919
3.0,2.25,2760,40946,2.0,0,0,5,0,36,0,36,859215.5687192117
3.0,2.5,4460,26027,2.0,0,0,3,0,22,0,22,654481.2884615385
3.0,2.0,1440,4421,1.0,0,0,3,0,7,0,7,667110.3374233128
5.0,3.75,5330,6000,2.0,0,2,3,1760,8,0,8,611821.4210526316
4.0,2.5,2220,4228,2.0,0,0,3,0,0,0,0,573185.0026954178
5.0,4.75,5305,8401,2.0,0,2,3,1560,9,0,9,654481.2884615385
3.0,4.0,3880,13095,2.0,0,3,3,180,5,0,5,655071.1991869919
4.0,3.25,3810,8519,1.0,0,1,3,1130,7,0,7,654481.2884615385
3.0,3.0,1960,1168,2.0,0,0,3,360,7,0,7,589927.1679389313
3.0,2.5,1530,1131,3.0,0,0,3,0,5,0,5,583475.1987418453
4.0,2.25,3250,34293,2.0,0,0,4,0,31,0,31,306368.0406504065
3.0,2.5,1750,7208,2.0,0,0,3,0,20,0,20,377807.7863636364
4.0,3.25,3440,35021,2.0,0,0,3,0,31,1,5,665473.701171875
1.0,0.75,1170,14149,1.0,0,0,5,290,52,0,52,312833.3333333333
3.0,1.0,870,5330,1.0,0,0,3,0,45,1,0,271876.92307692306
4.0,2.5,2930,18199,2.0,0,0,3,0,16,1,8,707300.656504065
3.0,2.5,3160,12824,1.0,0,2,4,1340,48,0,48,847974.924611399
2.0,1.0,800,3330,1.0,0,0,3,0,96,0,96,574543.2427470535
4.0,2.5,2350,8001,2.0,0,0,4,0,27,0,27,854623.3027093596
2.0,1.75,1060,16470,1.0,0,0,3,0,37,1,10,632047.53125
3.0,1.75,2060,12558,1.0,0,0,4,710,30,0,30,667110.3374233128
2.0,1.75,1560,1750,1.0,0,0,4,780,110,0,110,573185.0026954178
4.0,1.75,3000,42200,1.0,0,3,3,1500,64,1,9,371872.2878787879
3.0,1.5,1660,4800,2.0,0,0,3,0,107,1,31,576183.7791741472
3.0,1.75,1650,5100,1.0,0,0,5,610,106,0,106,570223.1185050136
4.0,3.0,3220,8936,2.0,0,0,3,770,24,1,5,298517.84
3.0,1.5,2320,7500,1.0,0,0,3,0,38,0,38,420666.78571428574
4.0,2.75,2750,14982,1.0,0,3,3,1030,33,1,1,307819.2631578947
3.0,1.0,910,6000,1.0,0,0,2,0,58,0,58,570223.1185050136
2.0,1.5,840,867,2.0,0,0,3,0,9,0,9,576183.7791741472
3.0,2.25,1470,1578,2.0,0,0,3,380,7,0,7,570223.1185050136
6.0,2.0,2040,10812,1.0,0,0,4,0,71,0,71,370580.66352040815
3.0,1.0,1100,4046,1.5,0,4,4,0,92,0,92,311057.8333333333
2.0,1.0,940,8532,1.0,0,0,4,0,55,0,55,345010.7211538461
3.0,2.0,1110,10500,1.0,0,0,5,0,36,0,36,421049.06666666665
4.0,1.75,2200,8100,1.5,0,0,5,800,72,0,72,574543.2427470535
2.0,1.75,2860,59612,1.0,1,4,3,1350,66,1,11,291133.71153846156
2.0,1.0,740,11250,1.0,0,0,2,0,76,0,76,576183.7791741472
4.0,1.75,2740,8520,1.0,0,2,3,1370,60,1,9,583475.1987418453
3.0,1.0,1250,7300,1.0,0,0,4,0,58,0,58,859215.5687192117
4.0,2.5,3140,8060,2.0,0,0,3,0,23,0,23,302406.8613861386
2.0,1.0,820,10270,1.0,0,0,3,0,60,1,9,573185.0026954178
4.0,2.75,2570,7264,2.0,0,0,3,850,16,1,8,308362.248
4.0,2.25,2350,8140,1.0,0,0,4,920,37,0,37,859215.5687192117
4.0,3.0,3600,9200,1.0,0,4,4,1500,38,1,22,859215.5687192117
4.0,2.0,1580,8000,1.0,0,0,3,540,47,1,3,298547.1904761905
2.0,1.0,1070,5824,1.0,0,2,5,0,65,0,65,574543.2427470535
3.0,1.0,1070,6109,1.0,0,0,5,0,63,0,63,576183.7791741472
4.0,2.0,1640,5000,2.0,0,0,3,0,107,1,31,576183.7791741472
3.0,2.75,2890,12130,2.0,0,3,4,60,27,0,27,655071.1991869919
3.0,1.0,1220,7876,1.0,0,0,3,0,48,1,51,661873.9341085271
2.0,1.0,1400,4500,1.0,0,0,3,500,92,1,6,379453.5624401914
3.0,1.0,1040,6250,1.0,0,0,3,0,72,1,15,576183.7791741472
4.0,2.0,980,10640,1.0,0,0,5,0,36,0,36,406146.40625
4.0,3.25,3340,10890,1.5,0,0,3,1100,51,1,14,662070.8855421686
6.0,4.5,6040,219542,2.0,0,0,3,1940,18,0,18,611394.2276422764
3.0,3.5,1900,1612,2.0,0,0,3,470,6,0,6,573185.0026954178
4.0,1.5,1740,7292,1.0,0,0,3,720,52,1,11,260515.44444444444
3.0,2.0,2000,3207,1.0,0,0,4,900,98,0,98,573185.0026954178
3.0,1.75,1610,7200,1.0,0,0,3,520,41,1,1,573185.0026954178
4.0,2.5,3240,13978,1.0,0,0,3,1380,37,1,10,712166.302173913
5.0,2.25,2230,9600,1.0,0,0,3,910,36,0,36,607079.2441860465
2.0,2.5,1160,2174,2.0,0,0,3,0,16,1,8,583475.1987418453
4.0,2.75,2410,6000,1.0,0,0,5,1000,64,0,64,573185.0026954178
2.0,1.0,590,10945,1.5,0,0,3,0,31,1,5,434100.0
4.0,2.5,2600,17388,2.0,0,0,3,0,18,0,18,673746.1363636364
4.0,3.0,2170,8240,1.0,0,0,4,800,46,0,46,662070.8855421686
4.0,2.75,2080,4000,1.5,0,0,3,0,102,1,14,570223.1185050136
4.0,2.5,2860,12394,2.0,0,0,3,0,15,0,15,704425.8029661017
4.0,2.5,2980,8107,2.0,0,0,3,0,14,0,14,561804.3541666666
2.0,2.5,1230,987,2.0,0,0,3,170,3,0,3,576183.7791741472
4.0,1.75,2260,7005,1.0,0,1,4,1130,67,1,26,655071.1991869919
3.0,2.75,2200,14925,1.0,0,0,3,1100,32,0,32,659713.198757764
4.0,2.5,3030,12590,1.5,0,0,4,0,26,0,26,847974.924611399
2.0,1.0,1060,1600,2.0,0,0,3,0,35,1,0,570223.1185050136
4.0,3.0,4260,18687,2.0,0,0,3,0,18,0,18,712166.302173913
3.0,2.25,998,844,2.0,0,0,3,200,7,0,7,576183.7791741472
4.0,2.5,2052,3723,2.0,0,0,3,0,0,0,0,298547.1904761905
4.0,3.5,3150,6202,2.0,0,0,3,0,9,0,9,298517.84
3.0,2.25,1950,7221,1.0,0,0,4,0,8,0,8,249552.22727272726
3.0,2.25,1347,1292,3.0,0,0,3,0,4,0,4,574543.2427470535
4.0,3.75,3860,5474,2.5,0,0,3,0,7,0,7,609064.7603305785
4.0,5.5,5060,10320,2.0,0,0,3,0,6,0,6,859295.1570351758
3.0,1.5,1360,885,3.0,0,0,3,0,6,0,6,574543.2427470535
5.0,2.5,2760,6000,2.0,0,0,3,0,8,0,8,583475.1987418453
5.0,3.5,2420,4670,2.0,0,0,3,0,1,1,91,583475.1987418453
3.0,2.5,2450,4332,2.0,0,0,3,0,4,0,4,664018.5575757576
3.0,2.25,1280,959,3.0,0,0,3,0,9,0,9,576183.7791741472
3.0,2.5,1550,3569,2.0,0,0,3,0,3,0,3,289521.22794117645
1.0,1.0,550,1279,2.0,0,0,3,0,6,0,6,570223.1185050136
2.0,2.5,1520,1588,2.0,0,0,3,280,7,0,7,573185.0026954178
3.0,1.0,1670,4005,1.5,0,0,4,500,75,1,25,573185.0026954178
1.0,0.75,430,5050,1.0,0,0,2,0,102,0,102,551283.9375
4.0,2.5,2380,9614,2.0,0,0,4,0,23,0,23,859215.5687192117
3.0,1.0,960,9633,1.0,0,0,5,0,32,0,32,312833.3333333333
3.0,1.0,1920,6862,1.0,0,2,3,800,62,1,6,573185.0026954178
4.0,3.0,3680,5854,1.0,0,3,3,1620,47,1,3,574543.2427470535
4.0,2.25,2530,9200,1.0,0,0,5,960,38,0,38,881585.4168316831
5.0,2.5,3840,16905,2.0,0,0,3,0,23,0,23,290510.51923076925
3.0,1.75,1240,3600,1.5,0,0,5,0,88,0,88,574543.2427470535
2.0,1.0,1300,11867,1.5,0,0,4,0,39,0,39,667833.3333333334
4.0,2.5,2380,12067,2.0,0,0,3,0,12,0,12,371872.2878787879
2.0,1.0,1300,44431,1.0,0,0,5,0,56,0,56,308362.248
2.0,1.0,780,13500,1.0,0,0,4,0,68,1,25,612917.84375
4.0,2.5,1810,39639,1.0,0,0,3,580,44,1,0,297151.21774193546
3.0,1.75,2420,12676,2.0,0,0,3,0,103,1,28,412808.4871794872
3.0,1.0,1280,2580,1.5,0,0,3,0,104,1,0,574543.2427470535
2.0,1.0,1680,6500,1.0,0,0,4,540,73,1,16,573185.0026954178
3.0,2.5,2510,5400,2.0,0,0,3,0,22,0,22,370580.66352040815
3.0,1.0,1700,8645,1.0,0,0,3,0,59,1,9,583475.1987418453
3.0,1.75,1680,3420,1.0,0,0,3,720,22,0,22,573185.0026954178
1.0,0.75,820,59677,1.0,0,0,3,0,15,0,15,565703.2
3.0,4.0,4380,42769,2.0,0,0,5,0,31,0,31,664018.5575757576
3.0,2.5,2600,10092,1.0,0,0,3,0,30,0,30,692567.8918918918
5.0,3.25,3400,7452,2.0,0,0,3,0,15,0,15,854623.3027093596
5.0,1.75,2120,8399,1.0,0,0,4,800,72,1,32,402504.4879518072
4.0,2.75,2250,5700,1.0,0,0,3,1050,63,1,20,570223.1185050136
3.0,1.0,1800,5612,1.0,0,0,4,600,72,1,32,574543.2427470535
3.0,2.5,2210,7620,2.0,0,0,3,0,20,0,20,662070.8855421686
3.0,2.0,1560,4080,2.0,0,0,3,0,91,1,32,576183.7791741472
4.0,2.75,2430,20720,1.0,0,0,3,0,47,1,3,610245.4411764706
4.0,2.5,2560,36601,2.0,0,0,4,0,27,0,27,692567.8918918918
3.0,2.75,1960,2500,1.5,0,0,5,550,88,0,88,570223.1185050136
3.0,1.5,1110,9762,1.0,0,0,4,0,51,0,51,664524.1592356688
2.0,1.5,1030,4500,1.0,0,0,3,200,90,1,3,574543.2427470535
4.0,1.0,1350,11507,1.0,0,0,3,0,48,1,51,376968.54547619045
3.0,2.0,1540,1827,2.0,0,0,3,0,9,0,9,611394.2276422764
4.0,1.75,1830,9600,1.0,0,0,4,820,48,0,48,854623.3027093596
4.0,1.5,1930,15531,2.0,0,0,3,0,35,1,0,291133.71153846156
3.0,2.0,1650,9641,1.5,0,0,3,0,31,1,5,655071.1991869919
4.0,2.0,3510,12905,1.0,0,2,3,1300,49,1,32,359824.2021276596
4.0,3.0,3370,7920,1.0,0,3,3,1510,26,1,14,583475.1987418453
3.0,2.5,2390,9157,2.0,0,0,3,0,30,0,30,659713.198757764
3.0,1.0,1230,8114,1.0,0,0,4,0,63,1,15,859295.1570351758
4.0,3.0,2830,213879,2.0,0,0,4,0,27,0,27,297123.8925619835
3.0,1.75,1620,7540,1.0,0,0,3,310,26,1,14,351942.0882352941
4.0,4.0,2290,6250,1.5,0,0,5,600,74,0,74,583475.1987418453
4.0,2.0,2840,13367,1.0,0,0,3,1420,62,1,6,1783771.4285714286
4.0,3.5,4220,196817,2.0,0,0,3,0,21,0,21,297123.8925619835
3.0,1.0,1080,10500,1.0,0,0,3,0,47,1,3,306983.0317460318
3.0,1.75,1620,8645,1.0,0,0,3,430,41,1,1,662070.8855421686
4.0,3.5,4390,11600,2.0,0,3,3,1330,24,1,5,1182030.1090909091
3.0,1.75,1620,3975,1.0,0,0,5,680,88,0,88,583475.1987418453
3.0,1.0,1010,11244,1.0,0,0,4,0,67,1,26,433780.94444444444
4.0,2.5,1750,8476,1.0,0,0,4,510,31,0,31,379453.5624401914
3.0,3.5,4080,217697,1.5,0,3,3,0,14,0,14,289521.22794117645
4.0,2.5,2560,10400,1.0,0,0,4,1280,49,0,49,611394.2276422764
3.0,1.75,1120,5500,1.5,0,0,4,0,89,1,46,573185.0026954178
4.0,3.5,4740,172497,2.0,0,0,3,0,11,0,11,664018.5575757576
2.0,1.0,1340,7788,1.0,0,2,3,0,67,1,2,583475.1987418453
4.0,2.0,1590,6750,1.0,0,0,3,0,63,1,20,583475.1987418453
3.0,1.0,1430,5000,1.0,0,0,4,350,95,1,29,583475.1987418453
4.0,1.0,1450,8960,1.0,0,0,3,0,71,1,12,570223.1185050136
4.0,2.75,3500,7200,2.0,0,0,3,0,9,0,9,659713.198757764
3.0,2.0,1630,8702,1.0,0,0,3,0,27,1,14,376968.54547619045
4.0,1.75,1814,5000,1.0,0,0,4,870,63,1,15,573185.0026954178
2.0,1.0,580,7500,1.0,0,0,3,0,71,1,12,573185.0026954178
3.0,2.0,1670,4572,1.5,0,0,3,0,83,0,83,576183.7791741472
2.0,2.0,1140,8282,1.0,0,0,3,0,90,1,5,661873.9341085271
2.0,1.0,800,6380,1.0,0,2,3,0,74,1,18,573185.0026954178
3.0,1.75,1300,2580,1.0,0,0,5,480,95,1,80,573185.0026954178
4.0,2.5,2440,7155,2.0,0,0,3,0,21,0,21,371872.2878787879
3.0,2.0,1490,8371,1.5,0,0,3,0,30,0,30,301453.96774193546
3.0,2.75,1800,9550,1.0,0,0,4,480,48,0,48,847974.924611399
3.0,2.0,1830,9152,1.0,0,0,5,0,55,0,55,881585.4168316831
3.0,1.0,1500,3920,1.0,0,0,3,500,67,1,2,573185.0026954178
4.0,2.5,2210,6080,1.0,0,2,4,800,49,0,49,574543.2427470535
3.0,2.0,1270,1323,3.0,0,0,3,0,8,0,8,570223.1185050136
2.0,1.0,1140,1730,1.5,0,0,3,130,7,0,7,574543.2427470535
3.0,2.5,1620,1173,3.0,0,4,3,150,6,0,6,576183.7791741472
3.0,2.0,1220,1186,3.0,0,0,3,0,7,0,7,574543.2427470535
2.0,2.5,750,1430,2.0,0,0,3,0,8,0,8,583475.1987418453
4.0,1.75,1960,9300,1.0,0,0,5,620,35,0,35,406146.40625
3.0,1.0,1370,3000,1.5,0,0,3,0,90,1,3,570223.1185050136
5.0,4.0,4580,4443,3.0,1,4,3,0,10,1,11,692567.8918918918
4.0,4.25,5584,68257,2.0,0,0,3,0,16,1,8,465467.35714285716
2.0,1.0,1010,4320,1.0,0,0,5,0,90,1,58,576183.7791741472
3.0,1.75,1260,6908,1.0,0,0,3,0,20,0,20,339556.4805970149
3.0,2.5,1740,5782,2.0,0,0,4,0,25,0,25,609064.7603305785
4.0,1.5,2670,10026,2.0,0,0,3,0,18,0,18,294280.725
2.0,1.0,720,7200,1.0,0,0,5,0,71,0,71,377807.7863636364
3.0,2.5,2460,4399,2.0,0,0,3,0,7,0,7,573991.6862745098
4.0,2.5,3670,7000,2.0,0,0,3,0,9,0,9,692567.8918918918
4.0,3.5,2630,3435,1.5,0,3,3,990,30,0,30,256392.83333333334
3.0,1.75,1570,8459,1.0,0,0,3,0,23,0,23,331227.0833333333
3.0,3.0,2980,28000,1.0,0,0,3,1160,33,1,1,659713.198757764
3.0,2.5,1560,4200,2.0,0,0,3,0,11,0,11,341878.1945205479
3.0,2.5,1620,7410,1.0,0,0,5,0,59,0,59,423979.98295454547
3.0,1.0,1140,5000,1.0,0,0,3,0,54,1,2,570223.1185050136
2.0,1.5,2730,19877,1.0,0,0,4,1160,38,1,22,413841.8
3.0,2.0,2130,35169,1.0,0,0,4,0,25,0,25,610245.4411764706
3.0,2.5,1780,4050,2.0,0,0,3,0,13,0,13,402504.4879518072
4.0,2.5,2100,3916,2.0,0,0,3,0,5,0,5,377807.7863636364
3.0,1.0,1140,8800,1.0,0,0,3,0,42,1,12,308362.248
3.0,1.5,1690,9144,1.0,0,0,4,550,58,0,58,466376.511627907
2.0,1.0,1160,6000,1.0,0,0,4,300,72,1,32,583475.1987418453
4.0,2.75,1720,6270,2.0,0,0,3,0,36,0,36,574543.2427470535
3.0,1.0,1210,3328,1.5,0,0,4,0,90,0,90,583475.1987418453
3.0,1.5,1255,1374,3.0,0,0,3,0,10,1,11,583475.1987418453
2.0,1.0,880,7683,1.0,0,0,3,0,72,1,15,576183.7791741472
3.0,1.0,1050,9206,1.5,0,0,3,0,60,1,9,570223.1185050136
3.0,1.75,1650,12940,1.0,0,0,4,0,53,1,13,451624.14634146343
3.0,1.0,1570,9467,1.0,0,0,3,0,60,1,9,433780.94444444444
4.0,2.5,2920,7200,1.0,0,3,3,1450,93,1,8,574543.2427470535
4.0,3.0,3000,4000,1.5,0,3,3,1030,101,1,0,583475.1987418453
3.0,1.75,1850,7735,1.0,0,0,4,0,31,0,31,589927.1679389313
3.0,2.5,1440,7741,1.0,0,0,4,440,31,0,31,297151.21774193546
3.0,1.75,1440,8775,1.0,0,0,3,0,41,1,1,665473.701171875
3.0,1.0,1810,12375,2.0,0,0,3,0,44,1,0,612917.84375
2.0,1.0,1180,9350,1.0,0,0,3,0,96,0,96,574543.2427470535
4.0,3.75,3070,5850,2.0,0,0,5,670,87,0,87,574543.2427470535
5.0,2.75,3390,5211,2.0,0,0,3,0,10,1,11,701918.4194214876
2.0,1.0,1470,6120,1.0,0,0,2,0,74,0,74,583475.1987418453
4.0,2.5,2680,7200,1.0,0,0,3,1300,62,1,1,661873.9341085271
4.0,2.25,2290,10687,2.0,0,0,3,0,36,0,36,854623.3027093596
3.0,1.75,1980,8100,1.0,0,0,4,670,65,1,29,420507.6153846154
4.0,2.5,2870,9292,2.0,0,0,3,330,35,1,0,377807.7863636364
3.0,2.0,1840,4750,1.0,0,0,5,830,63,0,63,574543.2427470535
4.0,3.25,4060,13000,2.0,0,3,3,0,14,0,14,1182030.1090909091
3.0,2.0,1630,8018,1.0,0,0,3,0,11,0,11,219133.33333333334
2.0,2.0,1880,5400,1.5,0,0,3,0,112,0,112,570223.1185050136
3.0,1.75,1780,13095,1.0,0,0,4,0,31,0,31,301453.96774193546
4.0,2.0,2330,6250,1.0,0,0,4,930,73,1,16,301453.96774193546
3.0,1.75,1840,4030,1.0,0,0,5,790,89,0,89,576183.7791741472
5.0,2.0,2330,10750,1.0,0,0,4,1140,52,0,52,466376.511627907
4.0,2.5,3200,6473,2.0,0,0,3,0,9,0,9,376968.54547619045
3.0,2.5,2330,1987,2.0,0,4,3,920,10,1,11,583475.1987418453
3.0,2.25,1950,8868,1.0,0,0,3,600,50,1,14,420507.6153846154
4.0,3.5,3080,4815,2.0,0,3,3,780,77,1,5,574543.2427470535
2.0,1.0,1040,5527,1.0,0,0,3,0,63,1,20,574543.2427470535
4.0,4.25,1960,3565,2.0,0,0,3,0,74,1,11,583475.1987418453
5.0,3.0,2750,3800,1.5,0,0,5,1000,88,0,88,570223.1185050136
3.0,1.75,1930,36210,1.0,0,0,3,0,37,1,10,612917.84375
5.0,4.5,4850,40902,2.0,0,0,3,0,13,0,13,290510.51923076925
4.0,2.5,1982,6406,2.0,0,0,3,0,10,1,11,298517.84
3.0,2.75,2640,4050,1.5,0,0,5,890,88,0,88,576183.7791741472
4.0,2.5,1850,50662,1.0,0,0,3,420,36,0,36,662070.8855421686
4.0,2.25,1940,9144,1.0,0,0,4,510,58,0,58,859215.5687192117
5.0,3.0,2840,7199,1.0,0,0,3,1130,11,0,11,352033.1
5.0,1.5,1900,10226,1.0,0,0,3,770,53,1,10,654481.2884615385
5.0,1.0,1410,6400,1.0,0,0,5,450,59,0,59,295841.6666666667
4.0,2.5,2520,8515,2.0,0,0,3,0,15,0,15,413841.8
4.0,3.75,3160,9525,2.5,0,0,3,0,17,0,17,1099543.2580645161
4.0,3.0,3720,29043,2.0,0,0,3,0,23,0,23,665473.701171875
3.0,3.5,1820,1501,2.0,0,0,3,390,0,0,0,570223.1185050136
3.0,2.0,1560,8640,1.0,0,0,5,0,47,0,47,675464.6038732395
3.0,1.0,1600,5952,1.0,0,0,4,450,50,0,50,576183.7791741472
3.0,2.0,1230,11502,1.0,0,0,4,0,30,0,30,659713.198757764
3.0,1.0,960,8100,1.0,0,0,3,0,59,1,9,428665.7159090909
3.0,1.0,1270,4000,1.5,0,2,3,0,86,1,60,576183.7791741472
3.0,2.5,2810,7700,2.0,0,0,3,0,13,0,13,859295.1570351758
2.0,2.5,2160,5581,1.0,0,0,3,0,12,0,12,659713.198757764
3.0,3.0,2520,2152,1.5,0,0,3,960,89,1,8,573185.0026954178
2.0,1.5,1180,844,2.0,0,0,3,190,9,0,9,574543.2427470535
4.0,2.25,1810,4970,2.0,0,0,3,0,11,0,11,377807.7863636364
3.0,2.5,1680,15711,1.0,0,0,3,440,20,0,20,298517.84
3.0,1.0,910,5250,1.0,0,0,4,0,43,0,43,372098.1818181818
3.0,3.75,3250,5797,2.0,0,2,4,880,63,1,15,573185.0026954178
3.0,1.5,2000,7294,1.0,0,0,3,480,49,1,21,570223.1185050136
3.0,3.25,3790,19000,2.0,0,4,3,0,29,0,29,570223.1185050136
3.0,1.75,2310,78844,1.0,0,0,3,550,37,1,10,609064.7603305785
3.0,2.25,2510,6339,1.5,0,2,5,700,82,1,12,573185.0026954178
3.0,1.75,1320,6205,1.0,0,0,5,0,66,1,29,433780.94444444444
3.0,2.25,2370,217800,2.0,0,0,3,0,35,1,0,664524.1592356688
3.0,1.0,900,7500,1.0,0,0,4,0,42,0,42,665473.701171875
3.0,2.5,2540,7680,2.0,0,1,4,0,74,1,13,583475.1987418453
4.0,1.0,2100,9288,1.0,0,0,4,1050,46,0,46,371872.2878787879
3.0,1.0,1200,6250,1.0,0,0,3,280,71,1,12,573185.0026954178
5.0,4.0,3720,15200,2.0,0,0,3,0,9,0,9,704425.8029661017
3.0,2.25,1760,4539,2.0,0,0,3,0,26,1,14,611394.2276422764
3.0,1.75,1670,7415,1.0,0,0,3,350,27,1,14,306341.6666666667
3.0,2.5,2420,8252,2.0,0,0,3,0,16,1,8,573991.6862745098
5.0,3.0,3480,15185,2.0,0,0,4,0,50,0,50,1182030.1090909091
4.0,2.5,1630,4473,2.0,0,0,3,0,11,0,11,339556.4805970149
4.0,2.5,2340,5600,2.0,0,0,3,0,93,1,1,576183.7791741472
2.0,1.0,920,3780,1.0,0,0,3,0,104,1,8,570223.1185050136
2.0,1.0,910,6490,1.0,0,0,3,0,72,1,15,573185.0026954178
3.0,1.0,1150,4945,1.0,0,2,3,0,71,1,12,570223.1185050136
3.0,1.5,2500,4774,1.5,0,2,3,1050,74,1,18,570223.1185050136
4.0,2.5,3250,235063,1.0,0,2,3,0,41,1,1,294280.725
4.0,2.0,1930,6600,1.0,0,0,4,900,47,0,47,378731.27777777775
4.0,3.5,3400,234352,2.0,0,0,3,900,23,0,23,467260.4166666667
3.0,2.5,1590,2550,3.0,0,0,3,0,29,0,29,583475.1987418453
4.0,2.5,3330,7399,2.0,0,0,3,0,5,0,5,659713.198757764
5.0,4.5,4590,14685,2.0,0,0,3,0,5,0,5,655071.1991869919
3.0,2.5,2610,7256,2.0,0,0,3,0,0,0,0,675464.6038732395
3.0,2.5,1658,2700,2.0,0,0,3,0,0,0,0,311057.8333333333
3.0,3.5,1600,1431,2.0,0,0,3,360,8,0,8,574543.2427470535
3.0,3.0,1296,1051,3.0,0,0,3,0,5,0,5,574543.2427470535
2.0,2.25,1280,835,2.0,0,0,3,200,5,0,5,574543.2427470535
4.0,3.0,5940,11533,2.0,0,4,3,990,10,1,11,533938.304347826
4.0,3.25,2510,5311,2.0,0,0,3,0,5,0,5,376968.54547619045
3.0,3.5,2710,3475,2.0,0,0,3,1060,9,0,9,589927.1679389313
3.0,2.5,1750,1548,3.0,0,0,3,0,1,1,91,574543.2427470535
3.0,1.0,1430,19901,1.5,0,0,4,0,87,0,87,466376.511627907
4.0,1.0,1660,34848,1.0,0,0,1,730,81,0,81,664524.1592356688
2.0,1.0,1320,8865,1.0,0,0,4,0,71,0,71,378731.27777777775
4.0,3.0,2580,209523,2.0,0,0,3,0,30,0,30,662070.8855421686
4.0,2.5,2740,43101,2.0,0,0,3,0,21,0,21,602057.1753246753
3.0,2.5,2495,4400,2.0,0,0,3,0,7,0,7,294129.8971962617
6.0,2.75,2300,24773,1.5,0,0,4,0,64,1,29,1099543.2580645161
3.0,1.5,1300,12240,1.0,0,0,3,0,51,1,6,466376.511627907
4.0,2.5,2230,10414,1.0,0,0,5,780,40,0,40,609064.7603305785
4.0,2.75,2020,2750,1.0,0,0,3,1010,97,1,0,576183.7791741472
4.0,2.25,2000,3800,2.0,0,0,3,0,13,0,13,574543.2427470535
2.0,1.0,1060,8187,1.0,0,0,4,0,62,0,62,423979.98295454547
2.0,1.75,2080,4800,1.0,0,0,5,1000,91,0,91,576183.7791741472
3.0,2.0,2030,24829,1.0,0,0,4,810,35,0,35,306983.0317460318
3.0,2.5,2690,7000,2.0,0,0,5,850,71,0,71,574543.2427470535
4.0,2.5,3240,10800,1.0,0,0,3,980,68,0,68,583475.1987418453
3.0,2.5,1550,12920,2.0,0,0,5,0,15,0,15,661873.9341085271
4.0,2.0,1480,3132,1.0,0,0,5,740,104,0,104,583475.1987418453
4.0,2.75,3040,2800,2.0,0,0,3,940,108,1,0,570223.1185050136
3.0,1.5,1560,7300,1.0,0,0,4,520,50,0,50,308362.248
3.0,2.5,2250,3757,2.0,0,0,3,0,8,0,8,377807.7863636364
3.0,1.0,1100,4600,1.0,0,0,3,0,97,1,5,570223.1185050136
3.0,1.0,1700,6356,1.5,0,0,3,0,107,1,31,576183.7791741472
5.0,1.5,2680,28014,1.0,0,0,4,1230,51,0,51,859215.5687192117
3.0,1.0,800,2296,1.0,0,0,4,0,106,0,106,583475.1987418453
2.0,1.75,1350,6315,1.0,0,0,3,0,9,0,9,667110.3374233128
3.0,1.0,820,7680,1.5,0,0,3,0,104,1,8,573185.0026954178
3.0,2.5,3160,4270,2.0,0,0,3,510,8,0,8,487024.75
3.0,2.75,1720,28000,1.0,0,0,4,0,56,1,42,371872.2878787879
3.0,2.5,1680,6755,2.0,0,0,3,0,20,0,20,297123.8925619835
3.0,1.75,1300,7958,1.0,0,0,3,0,18,0,18,308362.248
3.0,2.5,2190,10370,2.0,0,0,3,0,27,1,14,701918.4194214876
3.0,2.5,1720,4006,2.0,0,0,3,0,20,0,20,602238.7424242424
3.0,1.0,1160,11776,1.0,0,0,3,0,46,1,17,602057.1753246753
7.0,4.0,3150,34830,1.0,0,0,3,0,57,1,9,847974.924611399
3.0,1.75,1210,8075,1.0,0,0,4,0,31,0,31,227280.0
3.0,1.75,1980,5100,1.0,0,0,3,710,49,1,21,570223.1185050136
4.0,2.5,2990,5669,2.0,0,0,3,0,11,0,11,692567.8918918918
3.0,1.5,1430,9600,1.0,0,0,4,0,48,0,48,379453.5624401914
3.0,2.5,2060,4030,2.0,0,0,3,0,15,0,15,297151.21774193546
4.0,3.0,2230,52983,2.0,0,0,3,0,23,0,23,306368.0406504065
4.0,2.5,3090,18645,2.0,0,0,3,0,19,0,19,294129.8971962617
6.0,3.25,4250,23326,1.0,0,3,3,2100,47,1,3,298547.1904761905
3.0,2.5,1970,23180,1.0,1,4,3,870,77,1,16,576183.7791741472
2.0,2.0,1700,3171,1.0,0,0,5,850,87,0,87,306983.0317460318
3.0,2.5,2510,5503,2.0,0,2,3,0,19,0,19,570223.1185050136
6.0,2.75,3610,17580,1.0,0,4,5,1540,55,0,55,692567.8918918918
4.0,3.25,2980,7000,2.0,0,3,3,840,114,1,0,574543.2427470535
3.0,1.75,1610,6480,1.0,0,0,4,0,67,1,26,576183.7791741472
4.0,2.75,3650,6982,2.0,0,2,4,1120,63,1,11,570223.1185050136
4.0,2.0,2510,38141,1.0,0,0,3,0,54,1,2,675464.6038732395
3.0,1.0,1110,6000,1.5,0,0,5,0,82,1,12,574543.2427470535
3.0,2.0,1650,6150,2.0,0,0,4,0,88,1,21,573185.0026954178
3.0,2.0,1980,12150,1.0,0,0,3,0,20,0,20,297151.21774193546
2.0,1.5,880,1157,2.0,0,0,3,0,7,0,7,574543.2427470535
3.0,1.75,1490,9800,1.0,0,0,4,350,67,1,26,551871.586715821
3.0,2.0,2520,5400,1.5,0,0,4,1110,108,1,24,583475.1987418453
3.0,1.75,1820,22320,1.0,0,0,3,570,37,1,10,662070.8855421686
7.0,4.5,4140,9066,1.0,0,0,3,2070,36,0,36,573185.0026954178
4.0,2.5,3420,8405,2.0,0,0,3,0,14,0,14,701918.4194214876
4.0,2.5,3150,7277,2.0,0,0,3,0,8,0,8,370580.66352040815
3.0,1.75,1580,7416,1.0,0,0,3,430,47,1,3,881585.4168316831
3.0,2.0,1660,8281,1.0,0,0,3,0,65,1,16,583475.1987418453
3.0,1.0,1100,10125,1.0,0,0,3,0,45,1,4,331482.7586206897
2.0,1.0,1270,3200,1.0,0,0,4,310,94,0,94,583475.1987418453
4.0,1.0,1450,6250,1.0,0,0,3,460,50,1,14,573185.0026954178
4.0,2.25,1830,9485,1.0,0,0,4,630,25,0,25,298547.1904761905
3.0,1.75,1300,4127,1.0,0,0,4,650,96,1,61,574543.2427470535
2.0,1.75,2320,5500,1.5,0,2,3,600,89,1,14,583475.1987418453
4.0,2.75,1680,9545,1.0,0,0,4,600,35,0,35,451624.14634146343
3.0,2.5,2300,5500,1.5,0,0,4,300,93,0,93,573185.0026954178
3.0,1.75,1400,4000,1.0,0,0,3,530,63,1,20,570223.1185050136
4.0,2.25,2410,4560,2.0,0,2,5,610,85,0,85,576183.7791741472
3.0,2.0,1480,7480,1.0,0,0,4,0,22,0,22,351942.0882352941
3.0,1.0,1390,9624,1.5,0,0,4,0,60,1,35,420507.6153846154
2.0,1.0,830,2699,1.0,0,0,3,0,18,0,18,339556.4805970149
2.0,1.0,740,9003,1.0,0,0,3,0,65,1,16,306368.0406504065
5.0,2.0,1940,6000,1.0,0,0,5,970,69,0,69,574543.2427470535
3.0,1.0,1340,15600,1.0,0,0,4,0,36,1,14,298517.84
8.0,3.5,4440,6480,2.0,0,3,5,1300,55,0,55,573185.0026954178
2.0,1.0,800,6240,1.0,0,0,3,0,60,1,9,570223.1185050136
3.0,1.75,1310,9645,1.0,0,0,3,0,35,1,0,249552.22727272726
4.0,1.75,2330,4000,2.0,0,0,5,1030,90,1,58,576183.7791741472
2.0,3.25,1400,1243,3.0,0,0,3,0,14,0,14,583475.1987418453
4.0,2.5,2360,4367,2.0,0,0,3,0,11,0,11,607079.2441860465
3.0,2.25,1840,5752,2.0,0,0,3,0,11,0,11,655071.1991869919
4.0,2.5,2680,7178,2.0,0,0,3,0,10,1,11,547301.5576923077
3.0,3.75,3890,7140,1.0,0,2,3,1500,71,1,7,570223.1185050136
3.0,2.0,1400,8640,1.0,0,0,5,0,46,0,46,294129.8971962617
3.0,2.5,2400,9701,1.0,0,0,3,0,24,1,5,302406.8613861386
4.0,2.25,2920,46355,2.0,0,0,4,0,16,0,16,783687.5
2.0,2.0,1390,1302,2.0,0,0,3,0,28,0,28,298547.1904761905
3.0,2.5,1680,11193,2.0,0,0,3,0,30,0,30,377807.7863636364
4.0,1.5,2040,8800,1.0,0,0,4,1020,53,1,13,859295.1570351758
2.0,1.0,1080,4000,1.0,0,0,3,0,74,1,18,583475.1987418453
3.0,2.75,2280,4280,1.0,0,0,5,1000,97,0,97,570223.1185050136
4.0,3.5,4490,5099,2.0,0,0,3,1100,8,0,8,547301.5576923077
4.0,3.25,4700,9160,1.0,0,4,3,2180,9,0,9,576183.7791741472
4.0,2.5,2798,4473,2.0,0,0,3,0,2,1,102,370580.66352040815
3.0,2.5,2810,5400,2.0,0,0,3,0,9,0,9,664018.5575757576
4.0,2.5,3753,7204,2.0,0,0,3,417,6,0,6,298547.1904761905
4.0,3.5,3910,8095,2.0,0,0,3,780,7,0,7,589927.1679389313
2.0,2.5,1050,1609,2.0,0,0,3,0,9,0,9,573185.0026954178
4.0,1.0,1600,4300,1.5,0,0,4,0,98,0,98,583475.1987418453
4.0,2.25,2590,10002,1.0,0,0,4,1250,46,0,46,453958.47826086957
4.0,2.25,1720,9753,1.0,0,0,4,600,36,1,14,291133.71153846156
6.0,2.5,4410,14034,1.0,0,2,4,2060,49,0,49,290510.51923076925
3.0,1.75,1590,11914,1.0,0,2,3,500,57,1,14,249552.22727272726
4.0,2.5,2440,22594,2.0,0,0,3,0,18,0,18,664018.5575757576
3.0,2.5,1360,1016,3.0,0,0,3,50,11,0,11,570223.1185050136
2.0,1.0,910,7000,1.0,0,0,3,0,62,1,6,583475.1987418453
4.0,1.5,1390,7200,1.0,0,0,3,250,49,1,21,576183.7791741472
3.0,1.5,1470,14821,1.0,0,0,4,0,56,1,42,301453.96774193546
4.0,2.5,2920,9904,2.0,0,0,4,0,24,0,24,611821.4210526316
3.0,1.75,1950,52256,1.0,0,0,4,0,29,0,29,301453.96774193546
3.0,2.5,2390,4555,2.0,0,0,3,0,8,0,8,701918.4194214876
3.0,1.5,1270,11600,1.0,0,0,4,0,50,0,50,302187.765625
2.0,1.0,950,7560,1.0,0,0,3,0,56,1,10,377807.7863636364
2.0,1.0,900,423838,1.0,0,2,5,0,89,0,89,327370.0
4.0,2.25,2280,6660,1.5,0,2,3,320,74,1,30,570223.1185050136
3.0,1.0,1010,5490,1.0,0,0,3,0,60,1,9,256392.83333333334
2.0,1.0,1260,5000,1.0,0,0,3,220,63,1,20,574543.2427470535
4.0,3.5,4730,13586,1.5,0,0,5,460,79,0,79,576183.7791741472
3.0,2.5,2620,21587,2.0,0,0,3,0,22,0,22,662070.8855421686
3.0,2.25,2330,4000,1.5,0,2,5,810,87,0,87,576183.7791741472
5.0,3.0,2170,2440,1.5,0,0,4,720,103,1,48,573185.0026954178
5.0,2.0,2450,9488,1.0,0,0,4,1210,114,1,59,576183.7791741472
4.0,1.75,1880,7632,1.0,0,0,4,700,36,1,14,302406.8613861386
4.0,2.0,2300,3400,1.5,0,0,5,750,99,0,99,570223.1185050136
3.0,2.0,1240,14404,1.0,0,0,3,0,26,1,14,664524.1592356688
2.0,1.0,820,3844,1.0,0,0,4,0,98,0,98,583475.1987418453
4.0,2.0,1530,6375,2.0,0,0,3,0,72,1,31,370580.66352040815
5.0,3.25,2900,12160,1.0,0,0,4,1010,47,0,47,859295.1570351758
4.0,2.75,1240,3867,1.0,0,0,3,440,27,1,14,583475.1987418453
4.0,3.5,4140,13392,2.0,0,0,3,0,14,0,14,673746.1363636364
4.0,2.0,2240,7725,1.0,0,0,5,1120,58,0,58,583475.1987418453
3.0,2.0,1480,5000,1.0,0,0,4,730,86,0,86,570223.1185050136
3.0,2.25,2270,8876,1.0,0,0,3,890,37,1,10,376968.54547619045
3.0,1.0,1250,6250,1.0,0,0,2,220,65,0,65,576183.7791741472
5.0,2.0,1930,9747,1.0,0,0,4,910,52,0,52,466376.511627907
4.0,1.75,1700,7800,1.0,0,0,5,580,33,0,33,371872.2878787879
3.0,1.0,1590,6420,1.0,0,0,3,0,70,0,70,570223.1185050136
5.0,1.75,1880,10000,1.0,0,0,3,920,51,1,6,665473.701171875
4.0,1.75,1640,4240,1.0,0,0,5,720,93,0,93,583475.1987418453
3.0,1.5,2600,5085,1.0,0,0,4,1200,74,1,13,583475.1987418453
2.0,1.0,710,1173,2.0,0,0,4,0,71,0,71,583475.1987418453
6.0,4.25,6980,15682,3.0,0,4,4,1650,15,0,15,1099543.2580645161
3.0,1.5,1460,5040,1.0,0,0,3,360,43,0,43,583475.1987418453
3.0,2.5,2080,9827,2.0,0,0,3,0,25,0,25,302406.8613861386
5.0,2.5,2630,9216,2.0,0,0,3,0,11,0,11,420666.78571428574
4.0,3.25,4430,21000,2.0,0,0,3,0,62,1,7,1789164.2857142857
4.0,2.5,2760,6850,2.0,0,0,3,0,15,0,15,674250.625
4.0,2.0,1670,12056,1.0,0,0,3,0,59,1,9,445182.39130434784
4.0,1.75,1990,4725,1.5,0,0,4,800,70,0,70,583475.1987418453
3.0,3.0,2600,5238,1.5,0,3,3,710,25,0,25,311057.8333333333
2.0,1.0,1320,1824,1.5,0,0,4,0,105,1,25,583475.1987418453
3.0,1.5,2240,3800,2.0,0,0,3,870,85,0,85,583475.1987418453
4.0,2.25,1960,8680,1.0,0,0,4,670,55,0,55,859215.5687192117
3.0,2.0,2590,108900,2.0,0,0,3,610,26,1,14,341878.1945205479
4.0,2.75,2620,6707,2.0,0,0,3,0,14,0,14,704425.8029661017
3.0,2.5,2770,9136,2.0,0,0,3,0,23,0,23,859215.5687192117
3.0,1.0,2110,10005,1.0,0,0,5,1000,90,1,58,661873.9341085271
4.0,2.5,2290,4539,2.0,0,0,3,0,13,0,13,379453.5624401914
4.0,4.25,4960,6000,2.5,0,0,3,1280,105,1,11,570223.1185050136
2.0,1.0,1110,26051,1.0,0,0,3,0,63,1,20,246844.69565217392
4.0,2.75,3310,6166,2.0,0,0,3,0,6,0,6,533938.304347826
2.0,1.0,900,8580,1.0,0,0,3,0,96,0,96,352033.1
3.0,1.75,1940,7313,1.0,0,1,4,500,54,1,13,570223.1185050136
3.0,1.75,1590,7617,2.0,0,0,3,0,28,0,28,311057.8333333333
3.0,2.5,2930,6050,2.0,0,0,3,0,6,0,6,533938.304347826
4.0,2.5,2040,22653,2.0,0,0,3,0,3,0,3,573185.0026954178
2.0,2.25,1000,905,3.0,0,0,3,0,8,0,8,570223.1185050136
3.0,3.25,1730,1229,2.0,0,2,3,410,6,0,6,570223.1185050136
3.0,1.0,1220,4800,1.0,0,0,3,0,113,0,113,570223.1185050136
3.0,2.25,3060,12095,2.0,0,0,3,0,31,1,5,881585.4168316831
4.0,2.5,2910,5000,2.0,0,0,3,0,12,0,12,271876.92307692306
3.0,1.75,1050,5850,1.0,0,0,3,0,34,0,34,378731.27777777775
3.0,2.0,1560,7352,1.0,0,0,3,0,22,0,22,551871.586715821
3.0,1.75,1680,3000,1.0,0,2,4,840,114,1,43,574543.2427470535
4.0,3.25,4140,20734,1.0,0,1,3,840,37,1,9,1621900.0
3.0,2.0,1550,8509,1.0,0,0,3,400,55,1,25,574543.2427470535
6.0,2.75,5700,20000,1.0,0,4,4,2850,37,0,37,859295.1570351758
3.0,2.5,2200,7278,2.0,0,0,3,0,24,1,5,377807.7863636364
2.0,2.5,1740,2500,2.0,0,2,3,530,20,0,20,573185.0026954178
3.0,1.0,1210,9525,1.0,0,0,3,0,59,1,9,573185.0026954178
4.0,3.25,4240,25639,2.0,0,3,3,690,25,0,25,298547.1904761905
3.0,2.25,1590,11745,1.0,0,0,3,500,36,0,36,308362.248
4.0,1.75,3420,7200,1.0,0,3,5,1650,67,0,67,574543.2427470535
4.0,2.5,3190,11375,1.0,0,0,5,980,68,0,68,570223.1185050136
3.0,1.75,1920,5405,1.0,0,2,4,960,67,1,26,574543.2427470535
2.0,1.75,1340,4664,1.0,0,0,3,0,10,1,11,664524.1592356688
3.0,1.75,1700,8400,1.0,0,0,3,240,67,1,2,574543.2427470535
4.0,2.5,2310,3570,1.5,0,0,3,820,87,1,0,574543.2427470535
3.0,1.75,1510,44000,1.0,0,0,3,270,25,0,25,405031.2631578947
3.0,2.5,2670,10082,1.0,0,0,3,0,27,1,14,701918.4194214876
4.0,2.25,2060,8470,1.0,0,0,3,620,31,1,5,847974.924611399
3.0,2.5,2090,6000,1.5,0,0,4,0,86,0,86,583475.1987418453
5.0,2.5,3090,23265,1.0,0,0,3,100,57,1,14,489242.0238095238
2.0,2.5,1240,1546,2.0,0,0,3,0,7,0,7,583475.1987418453
3.0,2.5,1860,3690,2.0,0,0,3,0,14,0,14,451624.14634146343
3.0,1.5,2000,7350,1.0,0,0,3,0,61,0,61,583475.1987418453
4.0,1.75,2500,92347,1.0,0,0,4,1000,44,0,44,1223622.0
4.0,2.25,1820,20349,1.0,0,0,5,480,37,0,37,602057.1753246753
3.0,2.25,1820,8058,1.0,0,0,3,560,40,0,40,675464.6038732395
3.0,2.0,1060,5750,1.0,0,0,3,0,33,1,1,576183.7791741472
3.0,2.5,1950,9906,2.0,0,0,3,0,26,1,14,701918.4194214876
2.0,1.0,940,4800,1.0,0,0,4,0,103,1,59,574543.2427470535
2.0,1.5,1220,3568,1.5,0,0,4,0,38,1,22,335615.4146341463
5.0,3.5,4180,17935,2.0,0,0,3,0,10,1,11,859215.5687192117
3.0,1.0,1200,9800,1.0,0,0,4,0,43,0,43,632047.53125
5.0,3.75,3990,18897,2.0,0,0,3,900,77,1,4,583475.1987418453
2.0,1.0,1880,7560,1.0,0,0,3,940,95,1,13,573185.0026954178
4.0,2.5,2280,7200,2.0,0,0,3,0,20,0,20,306368.0406504065
3.0,1.75,2580,11000,1.0,0,0,4,1290,63,1,15,881585.4168316831
4.0,2.75,2600,4674,1.0,0,0,3,1040,38,0,38,583475.1987418453
4.0,2.5,3150,13700,2.0,0,0,4,0,48,0,48,1204170.349206349
4.0,3.5,5550,28078,2.0,0,2,4,2200,14,0,14,1880215.0
5.0,2.75,2220,4000,1.0,0,0,3,990,41,1,1,583475.1987418453
2.0,2.25,1730,31491,2.0,1,2,4,0,67,1,26,488457.5
4.0,3.0,2840,4120,1.5,0,0,4,780,83,0,83,574543.2427470535
4.0,2.5,2560,8780,2.0,0,0,3,0,22,0,22,609064.7603305785
3.0,2.0,1330,6000,1.0,0,0,4,700,114,1,43,573185.0026954178
2.0,1.0,1890,5202,1.5,0,0,4,0,105,1,25,574543.2427470535
7.0,4.5,4290,37607,1.5,0,0,5,0,32,0,32,589927.1679389313
2.0,2.0,1540,54450,2.0,0,0,3,0,31,1,5,664524.1592356688
4.0,2.0,2340,50233,1.0,0,0,4,1170,48,0,48,692567.8918918918
3.0,1.75,2180,10230,1.0,0,0,4,1090,53,1,13,583475.1987418453
3.0,2.5,2780,11964,2.0,0,0,3,0,5,0,5,675464.6038732395
4.0,2.75,2620,6019,2.0,0,0,3,0,1,1,91,412808.4871794872
4.0,3.5,3760,5000,2.0,0,0,3,900,0,0,0,576183.7791741472
4.0,2.5,2720,4738,2.0,0,0,3,0,2,1,102,533938.304347826
3.0,2.25,2675,40910,2.0,0,0,3,0,30,0,30,707300.656504065
5.0,2.75,2080,13189,2.0,0,0,3,0,27,1,14,692567.8918918918
3.0,2.5,2460,12028,2.0,0,0,3,0,18,0,18,659713.198757764
3.0,2.5,1960,3480,2.0,0,0,3,0,10,1,11,376968.54547619045
4.0,2.5,2550,6256,2.0,0,0,3,0,22,0,22,602057.1753246753
3.0,2.25,1760,1146,3.0,0,0,3,0,0,0,0,574543.2427470535
3.0,1.75,1620,7330,1.0,0,0,4,530,40,0,40,654481.2884615385
3.0,1.75,1790,12000,1.0,0,0,3,750,54,1,2,307819.2631578947
4.0,3.5,3480,7232,2.0,0,0,3,900,88,1,4,570223.1185050136
4.0,1.75,2780,9900,2.0,0,0,4,0,36,1,14,704425.8029661017
5.0,3.0,3640,8239,2.0,0,3,3,1100,32,0,32,859215.5687192117
1.0,1.0,750,4000,1.0,0,0,3,0,96,0,96,573185.0026954178
3.0,1.0,960,6634,1.0,0,0,3,0,62,1,6,570223.1185050136
3.0,1.5,2030,8880,1.0,0,0,3,700,51,1,6,574543.2427470535
3.0,2.75,2930,5569,1.0,0,0,3,1070,10,1,11,602057.1753246753
2.0,2.5,1380,1073,2.0,0,0,3,240,3,0,3,576183.7791741472
3.0,2.0,1720,5525,1.0,0,2,5,760,73,0,73,576183.7791741472
2.0,1.0,1210,4800,1.0,0,0,3,150,64,1,9,574543.2427470535
3.0,1.0,950,4250,1.5,0,0,5,0,66,1,29,583475.1987418453
2.0,1.75,1710,4234,2.0,0,0,3,380,94,1,35,583475.1987418453
2.0,2.0,1410,12282,1.5,0,0,5,0,105,1,26,551871.586715821
4.0,2.5,2910,7631,2.0,0,2,3,0,8,0,8,339556.4805970149
4.0,2.5,2220,7064,2.0,0,0,3,0,26,1,14,611394.2276422764
5.0,3.25,3160,13238,2.0,0,0,5,0,42,0,42,1223622.0
3.0,2.0,1380,4500,1.0,0,0,3,0,6,0,6,345402.7394736842
3.0,2.0,1760,5000,1.0,0,0,5,800,94,0,94,574543.2427470535
1.0,1.0,730,3000,1.0,0,0,3,0,103,1,35,574543.2427470535
4.0,2.5,2460,5000,2.0,0,0,5,840,76,0,76,574543.2427470535
3.0,1.75,2160,6272,1.0,0,0,4,770,54,1,13,583475.1987418453
4.0,2.25,1990,4600,1.5,0,2,4,570,82,1,56,583475.1987418453
3.0,3.0,3740,39640,2.0,0,2,3,0,23,0,23,488882.5
4.0,2.5,2710,5500,2.0,0,0,3,0,15,0,15,704425.8029661017
3.0,2.5,2680,7836,2.0,0,0,3,0,24,1,5,294280.725
4.0,2.0,1850,7560,1.0,0,0,4,310,36,1,14,297151.21774193546
4.0,2.5,3190,7869,2.0,0,2,3,0,13,0,13,547301.5576923077
3.0,2.5,2730,5832,2.0,0,0,3,0,16,1,8,847974.924611399
3.0,1.5,1840,9990,2.0,0,0,5,0,53,0,53,583475.1987418453
4.0,2.5,2720,10000,2.0,0,0,3,0,27,1,14,692567.8918918918
4.0,3.5,4370,8510,2.0,0,1,3,760,11,0,11,859295.1570351758
3.0,2.5,2290,3475,2.0,0,0,3,0,8,0,8,611821.4210526316
2.0,1.0,990,4802,1.0,0,0,3,0,67,1,2,576183.7791741472
2.0,1.5,1140,2980,2.0,0,0,3,0,26,1,14,611821.4210526316
4.0,1.5,1840,4337,2.0,0,0,4,0,97,0,97,570223.1185050136
2.0,1.0,1110,6800,1.0,0,0,5,110,67,0,67,583475.1987418453
4.0,2.5,2150,9070,2.0,0,0,4,0,29,0,29,664524.1592356688
3.0,2.5,2230,5750,2.0,0,0,3,0,11,0,11,665473.701171875
2.0,1.0,1170,6000,1.0,0,0,4,200,73,1,16,574543.2427470535
3.0,2.5,1960,7200,1.0,0,0,4,980,74,1,13,576183.7791741472
3.0,2.25,2610,9002,2.0,0,0,3,0,26,1,14,659713.198757764
3.0,2.25,2130,8721,1.0,0,0,3,560,27,1,14,297151.21774193546
3.0,2.25,3020,43560,2.0,0,0,3,300,45,1,4,854623.3027093596
3.0,1.75,1670,5400,2.0,0,0,5,0,102,0,102,574543.2427470535
3.0,1.75,1890,7004,1.0,0,0,3,600,49,1,21,576183.7791741472
3.0,1.0,950,13475,1.0,0,0,3,0,64,1,9,402504.4879518072
4.0,2.5,2430,14400,1.0,0,0,5,760,51,0,51,859215.5687192117
4.0,2.0,2360,6000,1.0,0,0,5,1100,75,0,75,576183.7791741472
3.0,1.75,1510,8301,1.0,0,0,3,0,47,1,3,655071.1991869919
3.0,2.5,2080,4828,2.0,0,0,3,0,12,0,12,331482.7586206897
3.0,2.0,1750,15500,1.0,0,0,3,260,32,0,32,704425.8029661017
3.0,2.0,1810,4064,1.5,0,0,3,0,89,1,12,570223.1185050136
4.0,1.75,1790,11875,1.0,0,0,4,300,45,0,45,611394.2276422764
4.0,2.75,2340,11034,1.0,0,0,3,620,47,1,3,478061.90476190473
3.0,2.5,1690,9626,2.0,0,0,3,0,30,0,30,611394.2276422764
4.0,2.5,2070,7476,2.0,0,0,3,0,11,0,11,289521.22794117645
3.0,2.5,2240,6396,2.0,0,0,3,0,12,0,12,573991.6862745098
4.0,3.0,4500,21780,2.0,0,2,3,1460,34,0,34,1223622.0
3.0,1.75,2770,39927,1.0,0,0,4,1190,36,1,14,611821.4210526316
3.0,1.0,1010,7245,1.0,0,0,3,0,45,1,4,302406.8613861386
3.0,1.5,1120,6900,1.0,0,0,5,0,58,0,58,854623.3027093596
5.0,2.5,3020,21441,1.0,0,0,4,1510,36,1,14,306368.0406504065
4.0,3.25,4400,186846,2.0,0,0,4,0,21,0,21,327370.0
3.0,1.75,1990,5650,1.0,0,1,3,670,51,1,6,583475.1987418453
3.0,1.0,1450,8820,1.0,0,0,3,400,56,1,10,333746.17391304346
4.0,2.5,1920,8497,2.0,0,0,3,0,16,1,8,306983.0317460318
2.0,2.5,1175,1366,2.0,0,0,3,435,9,0,9,576183.7791741472
3.0,1.5,1320,13200,1.0,0,0,3,0,44,1,0,370580.66352040815
5.0,2.5,3990,3839,1.0,0,0,4,2000,52,0,52,570223.1185050136
2.0,1.0,1140,5720,1.0,0,0,3,290,67,1,2,576183.7791741472
4.0,1.75,1720,4240,1.5,0,0,4,260,89,1,46,583475.1987418453
4.0,2.75,2150,9915,1.0,0,0,5,910,38,0,38,704362.1153846154
3.0,1.5,1790,8203,1.5,0,1,3,0,104,1,8,570223.1185050136
2.0,2.5,2210,6327,1.0,0,0,3,0,11,0,11,667110.3374233128
3.0,2.75,2180,7519,1.0,0,0,4,870,33,0,33,667110.3374233128
3.0,2.25,1410,1290,2.0,0,0,3,120,10,1,11,589927.1679389313
3.0,2.5,1950,3600,2.0,0,0,3,0,4,0,4,339211.3264705882
3.0,2.5,1495,936,3.0,0,0,3,90,8,0,8,573185.0026954178
3.0,2.25,1660,6000,1.0,0,0,3,550,35,1,0,583475.1987418453
3.0,2.5,1950,8130,2.0,0,0,4,0,24,0,24,298517.84
5.0,2.75,2550,5040,1.5,0,0,5,0,112,0,112,573185.0026954178
3.0,1.75,1370,3850,1.0,0,0,5,600,103,1,26,570223.1185050136
4.0,2.5,2200,4000,2.0,0,0,5,770,106,0,106,574543.2427470535
3.0,1.75,1250,6041,1.5,0,0,5,0,72,0,72,570223.1185050136
4.0,2.25,2220,8872,1.0,0,0,4,1110,53,1,13,854623.3027093596
3.0,1.75,1620,4200,1.0,0,0,5,790,69,0,69,576183.7791741472
3.0,1.75,2250,26337,1.0,0,0,3,0,34,0,34,306983.0317460318
3.0,2.5,1720,99916,2.0,0,0,4,0,24,0,24,298517.84
4.0,2.5,3030,9687,2.0,0,0,3,1010,16,1,8,406146.40625
3.0,1.0,1030,9120,1.0,0,0,3,0,53,1,10,306368.0406504065
3.0,2.5,2190,4882,2.0,0,0,3,0,15,0,15,478061.90476190473
3.0,2.0,1440,5600,1.0,0,0,4,720,72,1,7,370580.66352040815
4.0,2.5,2170,9600,1.0,0,0,3,710,34,0,34,664524.1592356688
4.0,3.75,2930,3200,1.5,0,0,5,800,89,0,89,583475.1987418453
3.0,1.5,1180,9048,1.0,0,0,3,0,54,1,2,359824.2021276596
4.0,4.25,2360,57514,2.0,0,0,4,0,75,1,27,290510.51923076925
3.0,1.5,1660,8797,1.0,0,0,4,0,58,0,58,847974.924611399
3.0,2.75,2390,9313,1.0,0,0,5,1000,72,0,72,574543.2427470535
3.0,2.0,1360,5120,1.5,0,0,4,450,90,0,90,583475.1987418453
3.0,2.25,1840,3500,1.5,0,0,5,300,104,0,104,576183.7791741472
3.0,2.25,1800,43647,1.0,0,0,4,0,38,1,22,607079.2441860465
4.0,3.75,4130,12320,2.0,0,0,3,0,13,0,13,674250.625
3.0,1.75,2220,132858,1.0,0,0,3,1110,26,1,14,602238.7424242424
5.0,3.5,3490,9680,2.0,0,4,3,1030,34,0,34,420507.6153846154
4.0,2.5,1830,5175,2.0,0,0,3,0,11,0,11,339211.3264705882
4.0,2.75,1550,4000,1.5,0,0,3,0,84,1,17,573185.0026954178
3.0,2.0,2050,9000,1.0,0,0,4,0,63,1,15,1223622.0
2.0,1.0,1230,6600,1.0,0,0,3,100,108,1,0,576183.7791741472
4.0,2.5,3150,5886,2.0,0,0,3,0,0,0,0,371872.2878787879
3.0,2.25,3800,33825,1.0,0,0,4,470,38,1,22,301453.96774193546
3.0,2.5,1350,3068,2.0,0,0,3,0,23,0,23,576183.7791741472
3.0,2.0,1530,8700,1.0,0,0,4,0,44,0,44,371872.2878787879
3.0,2.5,2290,2798,3.0,0,0,4,0,61,1,31,574543.2427470535
2.0,1.5,1480,15641,1.0,0,0,4,0,74,1,13,583475.1987418453
3.0,1.75,1970,10270,1.0,0,0,4,0,48,0,48,298517.84
2.0,1.0,720,4840,1.0,0,0,4,0,67,1,26,583475.1987418453
3.0,2.0,1080,7236,1.0,0,0,5,0,67,0,67,576183.7791741472
4.0,2.5,2790,45902,2.0,0,0,3,0,27,1,14,632047.53125
5.0,2.75,2040,7488,1.0,0,0,4,840,45,0,45,655071.1991869919
3.0,1.0,1320,8220,1.0,0,0,3,0,55,1,25,335615.4146341463
3.0,2.25,1680,57063,2.0,0,0,4,0,25,0,25,406146.40625
3.0,2.0,2140,4923,1.0,0,0,4,1070,86,0,86,576183.7791741472
3.0,1.75,1660,9600,1.0,0,0,3,280,33,1,1,469170.3125
3.0,2.25,1540,5338,1.0,0,0,5,770,60,0,60,576183.7791741472
3.0,2.0,1880,10758,1.0,0,0,5,940,62,1,16,370580.66352040815
3.0,1.0,1250,15603,1.0,0,0,4,0,55,0,55,376968.54547619045
5.0,2.0,2120,137565,1.5,0,0,3,0,101,1,31,488457.5
3.0,1.75,1810,3000,1.5,0,0,4,0,111,0,111,574543.2427470535
3.0,2.5,2370,11172,2.0,0,0,3,0,21,0,21,676159.8148148148
3.0,2.5,1970,4036,2.0,0,0,4,0,11,0,11,573991.6862745098
3.0,2.5,2110,4099,2.0,0,0,3,0,13,0,13,610245.4411764706
3.0,3.0,2080,10521,1.5,0,0,3,0,10,1,11,655071.1991869919
4.0,2.25,3720,12384,1.0,0,2,5,1860,44,0,44,704425.8029661017
2.0,1.75,1370,5125,1.0,0,0,5,0,70,0,70,573185.0026954178
4.0,2.5,2961,12146,2.0,0,0,3,0,16,1,8,712166.302173913
3.0,2.25,2090,12112,2.0,0,0,3,0,31,1,5,659713.198757764
3.0,2.5,2600,7210,2.0,0,0,3,0,25,0,25,377807.7863636364
3.0,2.25,1870,9000,1.0,0,0,3,430,36,0,36,469170.3125
4.0,2.5,2620,9873,2.0,0,0,3,0,27,1,14,609064.7603305785
3.0,2.5,2430,54059,2.0,0,0,3,0,27,1,14,609064.7603305785
3.0,1.75,1340,16480,1.0,0,0,4,0,46,0,46,301453.96774193546
2.0,1.0,1170,10621,1.0,0,0,3,0,51,1,6,421049.06666666665
3.0,1.75,2000,10182,1.0,0,0,5,600,51,0,51,655071.1991869919
5.0,2.5,2070,12000,1.0,0,0,4,730,47,0,47,859295.1570351758
4.0,3.0,4590,9150,2.0,0,0,3,1100,33,1,1,583475.1987418453
5.0,1.0,2550,4623,2.5,0,0,4,0,109,0,109,570223.1185050136
3.0,1.0,1060,9600,1.0,0,0,4,0,52,0,52,291133.71153846156
2.0,1.75,1220,5000,1.0,0,0,5,360,93,0,93,371872.2878787879
4.0,2.25,1790,7203,1.0,0,0,4,680,41,0,41,461754.1666666667
3.0,2.0,2060,4040,1.0,0,0,4,940,67,1,26,576183.7791741472
2.0,2.5,1140,1182,3.0,0,0,3,0,7,0,7,570223.1185050136
4.0,2.5,2870,12648,2.0,0,0,4,0,28,0,28,611821.4210526316
6.0,1.5,2550,33740,1.0,0,0,4,800,56,1,42,290510.51923076925
4.0,3.5,2790,10125,1.5,0,0,5,0,29,0,29,1099543.2580645161
3.0,1.0,1110,7962,1.0,0,0,3,0,52,1,11,574543.2427470535
2.0,1.0,940,5375,1.0,0,0,4,0,62,0,62,307819.2631578947
3.0,1.75,2880,18296,1.0,0,0,3,1300,56,1,10,338981.5238095238
3.0,1.5,1200,4800,1.0,0,0,4,0,52,0,52,859295.1570351758
3.0,1.0,1030,4958,1.0,0,0,5,0,62,1,16,573185.0026954178
2.0,2.5,1240,2689,2.0,0,0,3,0,28,0,28,302406.8613861386
3.0,2.0,1200,9566,1.0,0,0,3,0,19,0,19,225800.0
3.0,3.25,2780,4002,2.0,0,0,3,0,5,0,5,420666.78571428574
3.0,2.25,1765,7652,2.0,0,0,3,0,18,0,18,298547.1904761905
4.0,2.5,1960,14242,1.0,0,1,4,670,56,1,42,359824.2021276596
2.0,2.5,2680,11214,1.0,0,0,3,0,8,0,8,667110.3374233128
3.0,2.0,1410,7622,1.0,0,0,4,0,31,0,31,370580.66352040815
4.0,2.5,2240,3712,2.0,0,0,3,0,0,0,0,351942.0882352941
4.0,2.75,3120,7644,2.0,0,0,3,0,4,0,4,533938.304347826
3.0,2.25,1450,4706,2.0,0,0,3,0,5,0,5,466376.511627907
3.0,3.0,2340,5002,2.0,0,0,3,0,1,1,91,405031.2631578947
5.0,2.75,2481,4045,2.0,0,0,3,0,0,0,0,289521.22794117645
3.0,3.25,1530,1602,2.0,0,0,3,390,1,1,91,573185.0026954178
3.0,2.25,1250,7500,1.0,0,0,5,0,72,0,72,573185.0026954178
1.0,0.75,560,12120,1.0,0,0,3,0,47,1,3,465467.35714285716
4.0,1.75,2200,7475,1.0,0,0,5,1100,59,0,59,576183.7791741472
3.0,1.75,1460,10584,1.0,0,0,3,470,17,0,17,576183.7791741472
3.0,1.5,1650,9380,1.0,0,0,5,520,36,0,36,376968.54547619045
5.0,2.5,3200,17204,1.0,0,0,3,1040,62,1,6,854623.3027093596
3.0,2.25,2560,41346,2.0,0,0,3,0,28,0,28,611821.4210526316
3.0,2.25,2080,4252,1.5,0,0,3,530,11,0,11,298517.84
3.0,1.0,1070,7140,1.0,0,0,3,0,25,0,25,576183.7791741472
3.0,1.75,2190,12626,2.0,0,0,4,0,36,1,14,297151.21774193546
3.0,1.5,2060,15837,1.5,0,0,3,0,111,1,9,377807.7863636364
3.0,1.75,2640,8000,1.0,0,3,4,1320,54,1,13,1099543.2580645161
3.0,2.5,1720,8755,1.0,0,0,3,720,31,1,5,294129.8971962617
5.0,3.5,3880,13885,2.0,0,3,4,1340,35,0,35,859295.1570351758
2.0,1.0,960,4920,1.0,0,0,3,0,72,1,15,573185.0026954178
3.0,2.5,2340,59058,1.0,0,0,3,0,29,0,29,339211.3264705882
3.0,2.5,2660,13367,2.0,0,2,3,0,22,0,22,989675.0
3.0,1.75,2090,4725,2.0,0,0,3,480,67,1,1,576183.7791741472
3.0,2.5,1820,4910,2.0,0,0,3,0,21,0,21,589927.1679389313
4.0,2.5,2310,8030,2.0,0,0,3,0,36,0,36,420666.78571428574
3.0,1.0,920,14400,1.0,0,0,4,0,37,0,37,297123.8925619835
1.0,1.0,790,13062,1.0,0,0,3,0,72,1,15,570223.1185050136
2.0,1.75,1500,6800,1.0,0,0,4,590,72,1,32,573185.0026954178
3.0,1.0,1240,11108,1.0,0,0,4,0,62,0,62,480427.5
4.0,2.5,2730,36183,2.0,0,0,3,0,28,0,28,659713.198757764
3.0,1.0,1170,11000,1.0,0,0,2,0,34,0,34,413841.8
5.0,3.25,3410,9088,2.0,0,3,3,650,102,1,20,570223.1185050136
4.0,2.5,2700,9320,2.0,0,0,4,0,20,0,20,654481.2884615385
4.0,1.75,1650,7800,1.0,0,0,3,0,46,1,17,370580.66352040815
2.0,1.0,670,2378,1.0,0,0,3,0,95,1,13,573185.0026954178
3.0,2.0,1670,7757,1.0,0,0,3,0,22,0,22,306368.0406504065
3.0,1.75,1530,10731,1.0,0,0,3,0,28,0,28,447643.1818181818
3.0,2.25,1500,7615,1.0,0,0,3,350,30,0,30,302406.8613861386
4.0,1.75,1720,7200,1.0,0,0,3,500,40,0,40,298547.1904761905
5.0,3.0,2920,11440,2.0,0,0,3,0,11,0,11,433780.94444444444
3.0,1.0,910,4500,1.0,0,0,3,0,66,1,20,570223.1185050136
3.0,1.0,1050,4160,1.0,0,0,4,0,89,1,46,574543.2427470535
3.0,2.0,1540,7800,1.0,0,0,3,0,10,1,11,574543.2427470535
3.0,1.0,1210,7440,1.0,0,0,3,0,65,1,16,402504.4879518072
5.0,2.5,2650,11455,1.0,0,0,3,1250,53,1,10,881585.4168316831
3.0,2.0,1990,3990,1.0,0,0,5,860,102,0,102,583475.1987418453
5.0,2.75,2660,8737,1.0,0,4,5,1190,45,0,45,854623.3027093596
4.0,2.5,4060,9734,1.0,0,4,3,1910,37,1,10,445182.39130434784
5.0,2.5,2300,23345,1.0,0,0,5,1130,47,0,47,370580.66352040815
6.0,2.75,2630,16411,1.0,0,0,4,980,40,0,40,664018.5575757576
2.0,1.0,770,8149,1.0,0,0,5,0,66,1,29,428665.7159090909
4.0,2.75,3790,10669,2.0,0,0,3,0,15,0,15,692567.8918918918
4.0,2.75,2540,7210,1.0,0,0,4,940,35,0,35,377807.7863636364
4.0,2.25,2500,8500,1.0,0,0,4,900,36,1,14,854623.3027093596
4.0,2.5,2150,7303,2.0,0,0,3,0,9,0,9,379453.5624401914
3.0,1.75,1670,9600,1.0,0,0,5,0,53,0,53,1204170.349206349
3.0,2.0,1800,12669,1.0,0,0,3,0,58,1,24,665473.701171875
3.0,2.5,2070,12708,2.0,0,0,3,0,18,0,18,635820.0
2.0,1.0,830,2820,1.0,0,0,4,0,94,0,94,583475.1987418453
3.0,2.25,2370,9619,1.0,0,0,4,720,41,0,41,664524.1592356688
3.0,1.0,1010,5400,1.0,0,0,3,0,55,1,25,583475.1987418453
3.0,1.5,1420,4500,1.0,0,0,3,0,55,1,25,573185.0026954178
4.0,2.0,2120,8701,1.5,0,0,4,0,54,1,13,306956.0
4.0,1.75,2020,7029,1.0,0,0,4,590,35,0,35,659713.198757764
3.0,2.5,1520,2208,2.0,0,0,3,480,7,0,7,570223.1185050136
2.0,1.0,820,6250,1.0,0,0,4,0,92,0,92,583475.1987418453
3.0,2.5,1690,1553,2.5,0,0,3,0,7,0,7,573185.0026954178
3.0,2.0,2260,11305,1.0,0,0,3,1130,28,0,28,370580.66352040815
3.0,2.25,1830,7897,1.0,0,0,4,540,28,0,28,667110.3374233128
3.0,2.0,1350,11150,1.0,0,0,3,240,19,0,19,406146.40625
5.0,3.5,3280,4000,2.0,0,0,3,840,11,0,11,576183.7791741472
4.0,2.5,2770,45514,2.0,0,0,4,0,25,0,25,607079.2441860465
4.0,2.5,2770,8642,2.0,0,0,4,0,27,0,27,847974.924611399
4.0,2.5,2460,5091,2.0,0,0,3,0,11,0,11,370580.66352040815
3.0,3.25,4720,32467,2.0,0,2,3,1530,16,1,8,376968.54547619045
2.0,1.0,1250,8100,1.0,0,0,4,0,67,1,26,570223.1185050136
3.0,2.0,1710,7225,2.0,0,0,4,0,26,0,26,291133.71153846156
3.0,1.75,1840,5101,1.0,0,0,5,800,62,1,16,570223.1185050136
4.0,2.5,2000,5962,2.0,0,0,3,0,15,0,15,423979.98295454547
1.0,1.0,650,15364,1.0,0,0,4,0,47,0,47,301453.96774193546
3.0,1.5,1020,9072,1.0,0,0,3,100,84,1,17,576183.7791741472
2.0,1.0,1500,18540,1.0,0,0,3,0,64,1,9,338981.5238095238
3.0,2.5,2060,4399,2.0,0,0,3,0,7,0,7,573991.6862745098
3.0,1.5,1810,29308,1.0,0,0,3,860,31,1,5,319992.64705882355
6.0,4.5,3810,28176,1.0,0,4,5,0,45,0,45,402504.4879518072
2.0,1.75,1650,4000,1.0,0,0,4,700,67,1,26,570223.1185050136
3.0,3.25,1540,704,3.0,0,0,3,0,3,0,3,576183.7791741472
3.0,1.5,2080,5244,1.0,0,0,3,890,55,1,25,570223.1185050136
3.0,2.25,2430,5500,2.0,0,0,3,620,25,0,25,654481.2884615385
5.0,2.0,1750,10284,1.0,0,0,4,0,71,0,71,379453.5624401914
3.0,1.75,1770,33224,1.0,0,0,4,0,46,0,46,297123.8925619835
3.0,2.5,1710,2300,2.0,0,0,3,140,9,0,9,659713.198757764
4.0,2.25,2740,88426,2.0,0,0,3,0,23,0,23,609064.7603305785
5.0,2.5,2730,17240,1.0,0,0,5,1070,56,0,56,451624.14634146343
3.0,2.5,2437,5136,2.0,0,0,3,0,3,0,3,289521.22794117645
4.0,2.5,3290,6203,2.0,0,0,3,0,6,0,6,565703.2
4.0,3.5,2910,5260,2.0,0,0,3,0,2,1,102,565703.2
3.0,2.0,1630,7599,1.0,0,0,3,0,8,0,8,573185.0026954178
4.0,3.0,4410,5104,2.0,0,0,3,1010,8,0,8,561804.3541666666
3.0,2.5,1780,1487,3.0,0,0,3,180,8,0,8,573185.0026954178
3.0,3.25,1540,1487,2.0,0,0,3,0,3,0,3,609064.7603305785
3.0,1.75,1420,1189,3.0,0,0,3,0,8,0,8,570223.1185050136
3.0,2.5,2680,9750,1.0,0,0,4,1070,35,0,35,655071.1991869919
3.0,2.0,1750,9750,1.0,0,0,3,400,53,1,10,311057.8333333333
3.0,2.5,2170,4912,2.0,0,0,3,0,11,0,11,451624.14634146343
3.0,2.75,2390,9966,1.0,0,0,5,1030,37,0,37,859295.1570351758
4.0,2.25,2400,5350,1.5,0,0,4,940,85,0,85,573185.0026954178
3.0,1.0,1690,4250,1.0,0,0,3,670,47,1,3,570223.1185050136
3.0,3.5,3250,6000,2.0,0,0,3,750,13,0,13,576183.7791741472
4.0,3.75,4610,40202,1.0,0,0,4,2110,34,0,34,609064.7603305785
4.0,2.75,2440,15349,2.0,0,1,4,0,57,1,13,307819.2631578947
3.0,1.75,1290,3870,1.0,0,0,5,0,98,0,98,574543.2427470535
4.0,1.0,2000,4676,1.5,0,0,3,750,98,1,28,574543.2427470535
3.0,1.0,1050,7500,1.0,0,0,3,0,114,1,9,583475.1987418453
4.0,2.5,2340,3784,2.0,0,0,3,0,6,0,6,573185.0026954178
4.0,2.25,2210,7665,2.0,0,0,4,0,46,0,46,847974.924611399
5.0,2.5,2920,5568,2.0,0,0,3,600,108,1,0,583475.1987418453
3.0,2.75,3150,219978,2.0,0,0,4,150,24,0,24,551871.586715821
3.0,3.5,3590,6402,2.0,0,0,3,0,15,0,15,701918.4194214876
4.0,2.5,1910,5000,2.0,0,0,3,0,9,0,9,345402.7394736842
4.0,2.75,3110,35235,2.0,0,0,4,0,31,0,31,602057.1753246753
5.0,3.0,2440,4750,1.0,0,0,3,990,8,0,8,570223.1185050136
4.0,2.25,1330,8400,1.5,0,0,3,0,52,1,11,859215.5687192117
3.0,1.75,1460,22651,1.0,0,0,4,0,53,1,13,609064.7603305785
6.0,4.5,3902,3880,3.0,0,4,4,1120,37,0,37,570223.1185050136
5.0,4.75,5180,17811,2.0,0,2,3,1110,13,0,13,533938.304347826
2.0,2.5,1150,2064,2.0,0,0,3,0,10,1,11,294280.725
4.0,1.5,1920,10403,1.0,0,0,3,550,55,1,25,302406.8613861386
3.0,2.5,2520,53143,1.5,0,0,3,0,26,1,14,420657.71428571426
2.0,1.0,970,3400,1.0,0,0,3,0,90,1,3,574543.2427470535
5.0,2.5,2490,7666,1.0,0,0,4,1000,25,0,25,306368.0406504065
3.0,2.0,1680,8424,1.0,0,0,3,0,21,0,21,312833.3333333333
3.0,1.0,1150,4825,1.0,0,0,4,0,57,1,13,611821.4210526316
4.0,3.0,1980,7931,1.0,0,0,4,820,31,0,31,423979.98295454547
4.0,2.25,2070,13084,1.0,0,0,4,370,47,0,47,1204170.349206349
4.0,4.25,5660,193593,2.0,0,0,3,1560,13,0,13,405085.29411764705
4.0,2.75,2420,10962,1.0,0,0,3,890,37,1,10,881585.4168316831
4.0,2.5,2610,4781,2.0,0,0,3,0,5,0,5,308362.248
4.0,3.75,2810,10840,2.0,0,2,4,740,20,0,20,400620.86486486485
3.0,2.5,1510,10384,1.0,0,0,2,480,38,0,38,610245.4411764706
3.0,1.75,1910,4800,1.0,0,0,3,830,55,1,25,583475.1987418453
3.0,1.75,1700,51649,1.5,0,0,5,0,83,0,83,371872.2878787879
4.0,2.75,2020,10720,1.0,0,0,4,600,38,1,22,662070.8855421686
3.0,1.75,2340,4206,1.0,0,0,5,1170,97,0,97,570223.1185050136
3.0,2.0,1463,868,3.0,0,0,3,0,11,0,11,583475.1987418453
3.0,1.0,1430,3840,1.0,0,0,3,480,69,1,4,583475.1987418453
3.0,1.5,1180,12324,1.0,0,0,3,380,33,1,1,712166.302173913
5.0,4.5,4400,15580,2.0,0,0,3,1010,11,0,11,881585.4168316831
3.0,2.5,1610,6176,2.0,0,0,3,0,20,0,20,302187.765625
3.0,2.5,1480,14250,2.0,0,0,3,0,18,0,18,661873.9341085271
3.0,2.5,2670,10338,2.0,0,0,3,0,27,1,14,854623.3027093596
4.0,1.75,1830,29110,2.0,0,0,3,600,24,1,5,1182030.1090909091
2.0,1.0,920,4095,1.0,0,0,4,0,100,1,69,574543.2427470535
3.0,1.0,1150,19200,1.0,0,0,4,0,106,0,106,308362.248
2.0,1.0,1190,7408,1.0,0,0,3,360,73,1,20,573185.0026954178
4.0,3.25,4160,35654,2.0,0,0,3,1400,41,1,1,589927.1679389313
3.0,2.5,2370,12753,2.0,0,0,3,0,13,0,13,420648.1666666667
4.0,1.75,1660,3800,1.5,0,0,3,0,88,1,11,573185.0026954178
3.0,2.5,1480,8381,1.0,0,0,4,0,46,0,46,576183.7791741472
4.0,2.5,2390,6426,2.0,0,0,3,0,15,0,15,294280.725
3.0,3.5,1690,1432,2.0,0,0,3,330,6,0,6,574543.2427470535
3.0,1.0,1010,7560,1.0,0,0,3,0,56,1,10,370580.66352040815
4.0,3.5,3500,8547,2.0,0,0,3,1000,20,0,20,847974.924611399
4.0,2.75,2330,7642,1.0,0,0,3,530,24,1,5,302406.8613861386
3.0,1.5,1890,9450,1.0,0,0,3,800,57,1,14,364278.9903846154
4.0,1.75,2000,6032,1.0,0,2,3,700,55,1,25,583475.1987418453
3.0,1.0,1130,10650,1.0,0,0,3,0,60,1,9,249552.22727272726
4.0,1.75,1670,9886,1.0,0,0,5,0,67,0,67,574543.2427470535
3.0,2.5,2600,5540,2.0,0,0,3,0,10,1,11,345402.7394736842
4.0,1.75,1560,31299,1.0,0,0,4,0,49,0,49,297123.8925619835
3.0,2.0,1170,5360,1.0,0,0,3,0,95,1,13,583475.1987418453
4.0,2.5,2100,4237,2.0,0,0,3,0,8,0,8,301453.96774193546
3.0,2.25,1710,11500,1.0,0,0,3,500,36,0,36,447643.1818181818
4.0,2.75,2420,5773,2.0,0,0,3,0,9,0,9,341878.1945205479
4.0,2.0,1370,4000,2.0,0,0,3,0,63,1,20,573185.0026954178
4.0,2.0,2660,3900,1.5,0,0,4,1180,91,0,91,574543.2427470535
4.0,2.5,2260,3713,2.0,0,0,3,0,11,0,11,675464.6038732395
4.0,2.5,2070,4500,2.0,0,0,3,0,10,1,11,345402.7394736842
4.0,5.25,4670,43950,2.0,0,0,3,0,25,0,25,881585.4168316831
3.0,1.0,1500,13500,1.0,0,0,4,0,46,0,46,376968.54547619045
4.0,2.5,2658,3960,2.0,0,0,3,0,0,0,0,306983.0317460318
4.0,2.5,2700,5150,2.0,0,0,3,0,7,0,7,370580.66352040815
3.0,2.25,1530,1245,2.0,0,0,3,480,0,0,0,573185.0026954178
3.0,2.5,1480,1485,2.0,0,0,3,200,7,0,7,583475.1987418453
3.0,3.0,1390,1080,2.0,0,0,3,250,8,0,8,583475.1987418453
3.0,2.5,1660,3990,2.0,0,0,3,0,5,0,5,570223.1185050136
3.0,2.5,2050,4185,2.0,0,0,3,0,3,0,3,583475.1987418453
4.0,1.0,1550,7740,1.5,0,0,3,0,60,1,9,576183.7791741472
4.0,2.25,1900,8600,1.0,0,0,4,0,39,0,39,294129.8971962617
4.0,2.5,2820,6180,2.0,0,0,3,770,1,1,91,570223.1185050136
2.0,1.5,1490,4080,1.0,0,0,3,560,58,1,13,583475.1987418453
3.0,1.5,1750,12500,1.0,0,0,3,600,60,1,9,894214.2857142857
4.0,2.5,2040,6034,2.0,0,0,3,0,24,1,5,576183.7791741472
3.0,1.5,1900,5000,1.5,0,0,3,260,88,1,11,576183.7791741472
3.0,1.75,1910,12596,1.0,0,0,3,570,37,1,10,612917.84375
3.0,1.0,1560,14333,1.0,0,0,4,0,61,1,31,583115.9090909091
3.0,1.75,1470,6250,1.0,0,3,4,400,75,1,25,472577.77777777775
3.0,2.5,2700,9994,1.0,0,3,4,1350,55,0,55,295841.6666666667
4.0,3.25,3450,11240,2.0,0,3,4,1020,54,1,13,345010.7211538461
3.0,2.0,1970,9600,1.0,0,0,4,670,47,0,47,298547.1904761905
3.0,2.5,2670,12187,2.0,0,0,3,0,28,0,28,667110.3374233128
3.0,2.5,2550,13458,2.0,0,0,3,0,24,1,5,847974.924611399
4.0,1.0,1720,4011,1.5,0,0,4,0,110,0,110,583475.1987418453
4.0,4.0,4270,6002,2.0,0,3,3,1090,10,1,11,589927.1679389313
3.0,1.5,2170,16600,1.0,1,2,3,1040,35,1,0,664018.5575757576
4.0,2.5,2840,9354,2.0,0,0,3,0,24,1,5,712166.302173913
4.0,2.75,3270,50994,2.0,0,0,4,550,31,0,31,298517.84
3.0,1.75,1480,7040,1.0,0,0,3,0,40,0,40,655071.1991869919
5.0,2.75,2440,8000,1.0,0,0,4,1200,42,0,42,675464.6038732395
4.0,2.75,2880,5750,1.5,0,0,5,1170,86,1,44,576183.7791741472
2.0,1.0,1730,9610,1.0,0,0,3,350,52,1,11,306983.0317460318
2.0,1.0,1260,4080,1.5,0,0,5,0,88,0,88,570223.1185050136
4.0,2.0,2230,9900,1.5,0,0,5,0,55,0,55,847974.924611399
2.0,2.25,2460,16940,1.5,0,4,4,530,78,0,78,583475.1987418453
4.0,1.75,2050,94525,1.0,0,0,4,800,55,0,55,371872.2878787879
3.0,2.5,2030,2805,2.0,0,0,3,310,13,0,13,609064.7603305785
2.0,1.0,810,4800,1.0,0,0,3,0,66,1,20,583475.1987418453
3.0,1.0,1840,8100,1.0,0,0,4,920,61,1,31,378731.27777777775
3.0,1.5,1730,40250,2.0,0,0,4,0,31,0,31,607079.2441860465
2.0,2.0,2280,6815,1.0,0,0,3,0,12,0,12,664524.1592356688
4.0,2.5,2630,6326,2.0,0,0,3,0,6,0,6,565703.2
3.0,2.25,2270,23900,1.0,0,0,3,450,39,0,39,428665.7159090909
3.0,1.75,1020,7020,1.5,0,0,4,0,61,1,31,423979.98295454547
4.0,2.5,1990,2175,2.0,0,0,3,310,9,0,9,570223.1185050136
4.0,2.5,2680,15508,2.0,0,0,3,0,15,0,15,302406.8613861386
3.0,1.75,1980,3300,1.5,0,0,4,840,88,1,21,583475.1987418453
3.0,2.5,2400,6975,2.0,0,0,3,0,21,0,21,704362.1153846154
2.0,1.0,780,5000,1.0,0,0,4,0,71,0,71,576183.7791741472
3.0,2.0,980,5000,1.0,0,0,3,0,74,1,18,574543.2427470535
3.0,1.0,1210,103237,1.0,0,0,2,0,96,1,54,488457.5
5.0,2.5,4600,19831,1.0,0,3,3,2300,58,1,1,423979.98295454547
3.0,2.5,1480,1961,2.0,0,0,3,0,9,0,9,609064.7603305785
4.0,1.5,1320,14250,1.0,0,0,4,0,60,1,35,655071.1991869919
5.0,2.75,4400,18500,1.0,0,3,5,2150,51,0,51,445182.39130434784
4.0,3.5,3010,3600,2.0,0,0,3,640,15,0,15,570223.1185050136
3.0,2.0,2260,9568,1.0,0,0,3,480,29,0,29,712166.302173913
4.0,2.0,1880,14653,2.0,0,0,3,0,36,0,36,549237.5
3.0,1.75,1370,9900,1.0,0,0,4,0,31,0,31,551871.586715821
4.0,3.0,2720,3800,2.0,0,0,5,920,95,1,80,573185.0026954178
2.0,1.75,1740,5400,1.0,0,0,4,750,68,1,25,576183.7791741472
4.0,2.5,2560,5593,2.0,0,0,3,0,13,0,13,667110.3374233128
5.0,2.5,2690,5557,2.0,0,0,3,0,2,1,102,576183.7791741472
4.0,3.0,3240,5562,2.0,0,0,3,0,1,1,91,692567.8918918918
4.0,2.5,2430,4747,2.0,0,0,3,0,6,0,6,611821.4210526316
2.0,2.0,1405,1073,2.0,0,0,3,265,7,0,7,570223.1185050136
5.0,2.75,3030,7679,2.0,0,0,3,0,0,0,0,712166.302173913
4.0,2.5,4150,8436,2.0,0,0,3,0,0,0,0,712166.302173913
3.0,3.0,1730,2940,3.0,0,0,3,0,29,0,29,583475.1987418453
6.0,2.5,3820,53173,1.0,0,0,4,1780,40,0,40,611821.4210526316
4.0,2.5,3070,6432,2.0,0,0,3,0,8,0,8,379453.5624401914
4.0,2.5,1780,4169,2.0,0,0,3,0,20,0,20,611394.2276422764
4.0,2.5,1811,4381,2.0,0,0,3,0,7,0,7,377807.7863636364
4.0,2.25,2450,62290,2.0,0,0,3,0,38,0,38,612917.84375
3.0,2.5,2300,7398,2.0,0,0,3,0,13,0,13,565703.2
2.0,1.0,1440,3225,1.0,0,0,3,480,99,0,99,583475.1987418453
4.0,2.25,2370,9360,2.0,0,0,4,0,35,0,35,659713.198757764
4.0,3.25,4420,7850,2.0,1,4,3,1270,13,0,13,854623.3027093596
3.0,1.0,1300,3550,1.5,0,0,3,0,87,1,3,576183.7791741472
5.0,3.0,2870,4369,2.0,0,0,3,780,7,0,7,489242.0238095238
3.0,2.75,3400,7200,2.0,0,2,3,930,5,0,5,379453.5624401914
3.0,1.0,1410,5060,1.0,0,0,4,500,58,0,58,583475.1987418453
3.0,1.75,1640,13500,1.0,0,0,3,530,74,1,18,576183.7791741472
4.0,2.5,3190,7399,2.0,0,0,3,0,8,0,8,339211.3264705882
4.0,2.5,2380,13435,2.0,0,0,3,0,22,0,22,589927.1679389313
3.0,2.5,2260,4165,2.0,0,0,3,0,9,0,9,701918.4194214876
3.0,1.75,1240,8050,1.0,0,0,4,0,36,1,14,712166.302173913
5.0,3.5,4220,26784,1.0,0,0,3,2110,56,1,8,859215.5687192117
4.0,2.5,4250,19387,2.0,0,2,4,990,42,0,42,1223622.0
3.0,1.5,1860,7963,1.0,0,0,3,660,51,1,6,345922.0
3.0,2.5,2850,10474,1.0,0,0,4,1120,60,1,35,847974.924611399
3.0,3.0,2470,36445,2.0,0,0,4,0,34,0,34,602238.7424242424
3.0,2.25,2210,8000,2.0,0,0,4,0,45,0,45,291133.71153846156
4.0,1.75,1920,7665,1.0,0,0,4,420,39,0,39,371872.2878787879
4.0,3.0,3150,7778,2.0,0,0,3,0,14,0,14,692567.8918918918
4.0,1.75,2700,7875,1.5,0,0,4,0,46,0,46,379453.5624401914
3.0,2.25,2190,7149,1.0,0,1,4,950,51,0,51,379453.5624401914
2.0,2.5,1380,951,3.0,0,0,3,0,8,0,8,574543.2427470535
5.0,1.5,2520,5753,1.5,0,0,4,1010,86,0,86,312833.3333333333
3.0,1.75,1300,8800,1.0,0,0,4,0,51,0,51,859215.5687192117
4.0,1.75,2220,6500,2.0,0,3,4,0,50,0,50,364278.9903846154
2.0,1.0,730,7528,1.0,0,0,3,0,68,0,68,570223.1185050136
4.0,3.25,3300,15907,2.0,0,0,5,0,29,0,29,1223622.0
4.0,3.25,4130,112521,2.0,0,0,3,0,36,0,36,847974.924611399
3.0,2.5,2670,47480,2.0,0,3,3,0,33,1,1,632047.53125
4.0,2.5,1980,5909,2.0,0,0,3,0,11,0,11,306368.0406504065
2.0,1.0,740,5995,1.0,0,0,4,0,65,1,29,583475.1987418453
3.0,1.75,2050,3520,1.0,0,0,4,980,37,0,37,570223.1185050136
3.0,1.75,1230,7500,1.0,0,0,3,0,27,1,14,655071.1991869919
3.0,2.5,1210,1420,3.0,0,0,3,0,6,0,6,576183.7791741472
3.0,2.25,1890,7200,1.0,0,0,4,660,41,0,41,576183.7791741472
2.0,2.0,1870,6275,1.0,0,0,3,0,11,0,11,667110.3374233128
3.0,1.75,1330,6301,1.0,0,0,3,0,16,1,8,294280.725
3.0,2.0,1590,35988,1.0,0,0,4,0,40,0,40,379453.5624401914
3.0,1.75,1710,10800,1.0,0,0,4,0,56,1,42,466376.511627907
2.0,1.0,1200,9000,1.0,0,2,5,0,97,0,97,311057.8333333333
2.0,1.0,1140,5100,1.0,0,0,3,0,72,1,15,583475.1987418453
3.0,1.75,2240,8153,1.0,0,0,3,1120,66,1,20,574543.2427470535
2.0,1.0,920,6600,1.0,0,0,3,0,95,1,11,574543.2427470535
2.0,1.0,800,5000,1.0,0,0,3,0,108,1,0,576183.7791741472
4.0,2.75,1980,11443,1.0,0,0,5,0,62,1,16,473692.0
4.0,2.5,2800,12831,2.0,0,0,3,0,13,0,13,413841.8
3.0,2.25,1680,35127,2.0,0,0,3,0,27,1,14,294280.725
4.0,2.5,2330,9928,2.0,0,0,3,0,16,1,8,421049.06666666665
4.0,1.75,2240,9886,1.5,0,0,4,0,49,0,49,881585.4168316831
3.0,2.5,2140,8925,2.0,0,0,3,0,23,0,23,692567.8918918918
4.0,2.5,2170,14024,2.0,0,0,3,0,22,0,22,405085.29411764705
3.0,1.5,1150,8686,1.0,0,0,4,0,51,0,51,371872.2878787879
4.0,2.5,2030,3905,1.5,0,0,4,400,88,1,21,570223.1185050136
3.0,2.0,1350,11805,1.0,0,0,3,0,28,0,28,420666.78571428574
2.0,1.0,910,4635,1.0,0,0,4,0,109,0,109,574543.2427470535
4.0,2.5,2700,5100,1.0,0,0,4,1260,46,0,46,576183.7791741472
4.0,3.5,3730,15029,2.0,0,2,3,1290,23,0,23,302187.765625
4.0,2.5,2740,16007,2.0,0,0,3,0,30,0,30,2397393.75
4.0,3.25,2050,5000,2.0,0,0,4,680,27,0,27,574543.2427470535
4.0,3.0,2390,4500,2.0,0,0,3,0,40,0,40,376968.54547619045
4.0,2.75,1990,7252,1.0,0,0,3,720,15,0,15,308362.248
4.0,1.75,1300,21000,1.0,0,0,4,0,45,0,45,294129.8971962617
3.0,1.0,1330,8912,1.0,0,0,3,0,66,1,20,257737.16
2.0,1.0,1000,31505,1.0,0,0,3,0,54,1,2,420657.71428571426
4.0,2.75,2190,14937,2.0,0,0,3,0,21,0,21,308362.248
3.0,1.75,1380,3402,1.5,0,0,3,0,114,1,14,574543.2427470535
4.0,2.5,2610,33206,2.0,0,0,3,0,26,1,14,662070.8855421686
2.0,1.75,1060,1241,2.0,0,0,3,100,6,0,6,570223.1185050136
2.0,1.0,710,1136,2.0,0,0,4,0,71,0,71,576183.7791741472
4.0,2.5,2730,4800,1.5,0,0,5,500,105,1,26,570223.1185050136
4.0,1.75,2470,131790,2.0,0,2,3,0,77,1,15,476616.0
3.0,1.75,1760,10780,1.0,0,0,3,0,37,1,10,847974.924611399
3.0,2.5,1530,3464,2.0,0,0,3,0,16,1,8,854623.3027093596
2.0,1.75,1610,158558,1.5,0,0,2,0,66,0,66,533938.304347826
2.0,2.0,1030,21712,1.0,0,0,4,0,76,0,76,574543.2427470535
4.0,2.5,2800,246114,2.0,0,0,3,0,15,0,15,465467.35714285716
3.0,2.0,1310,2550,1.0,0,0,3,530,28,0,28,574543.2427470535
4.0,2.25,3160,34560,1.0,0,0,4,0,33,0,33,612917.84375
3.0,3.0,2500,8304,2.0,0,0,3,0,17,0,17,298517.84
3.0,1.5,2070,5386,1.0,0,0,4,930,66,0,66,573185.0026954178
4.0,1.75,1980,9000,1.0,0,0,2,500,36,0,36,298547.1904761905
3.0,2.5,2590,7237,2.0,0,0,3,0,10,1,11,583475.1987418453
4.0,1.0,1910,16320,1.5,0,0,3,0,80,1,36,574543.2427470535
3.0,2.5,2630,10100,1.0,0,0,4,1050,47,0,47,847974.924611399
3.0,2.5,2630,77972,2.0,0,0,3,0,10,1,11,413841.8
3.0,2.5,1960,4400,2.0,0,0,3,0,8,0,8,533938.304347826
3.0,1.75,1440,45302,2.0,0,0,3,0,37,1,10,420648.1666666667
3.0,1.75,2210,16200,1.0,0,0,3,820,56,1,10,859295.1570351758
4.0,2.5,2350,63162,2.0,0,0,4,0,20,0,20,632047.53125
3.0,1.0,1590,13000,1.5,0,0,3,0,70,0,70,378731.27777777775
3.0,3.5,1500,1249,2.0,0,0,3,260,10,1,11,576183.7791741472
3.0,2.5,1900,6224,2.0,0,0,3,0,9,0,9,692567.8918918918
4.0,3.5,2370,3692,2.5,0,0,3,0,1,1,91,379453.5624401914
3.0,2.5,1720,1715,2.0,0,0,3,480,10,1,11,574543.2427470535
4.0,1.5,2020,7560,1.0,0,0,4,0,54,1,13,376968.54547619045
2.0,1.5,1340,1210,2.0,0,0,3,220,6,0,6,583475.1987418453
3.0,2.5,1800,2700,2.0,0,0,3,0,3,0,3,583475.1987418453
3.0,2.5,1480,1590,2.0,0,0,3,330,4,0,4,573185.0026954178
4.0,2.0,2750,7807,1.5,0,0,5,500,98,0,98,570223.1185050136
5.0,4.0,3760,28040,2.0,0,0,3,0,31,1,5,665473.701171875
3.0,2.75,2540,4694,2.0,0,0,3,0,9,0,9,701918.4194214876
3.0,1.75,1760,26055,1.0,0,0,3,840,35,1,0,331482.7586206897
3.0,2.5,3000,25341,2.0,0,0,3,0,19,0,19,659713.198757764
4.0,2.5,1930,9643,2.0,0,0,4,0,22,0,22,301453.96774193546
4.0,2.5,3040,7000,2.0,0,0,3,0,13,0,13,1157220.9705882352
2.0,1.0,860,3880,1.0,0,0,4,0,98,0,98,576183.7791741472
3.0,1.75,1420,7650,1.0,0,0,4,320,30,0,30,379453.5624401914
3.0,2.0,2080,3880,1.0,0,0,5,920,60,0,60,583475.1987418453
3.0,2.5,1560,4200,2.0,0,0,3,0,11,0,11,345402.7394736842
4.0,2.5,1960,7133,2.0,0,0,3,0,12,0,12,379453.5624401914
3.0,2.25,1620,4500,2.0,0,0,4,0,88,1,21,583475.1987418453
5.0,3.0,3670,10583,1.0,0,0,5,1610,62,1,16,461754.1666666667
6.0,1.5,1930,8400,1.0,0,0,3,900,43,0,43,359824.2021276596
3.0,1.5,1290,1286,3.0,0,0,3,0,14,0,14,570223.1185050136
5.0,2.25,1970,15247,1.0,0,0,3,520,28,0,28,894214.2857142857
3.0,1.75,1540,6909,1.0,0,0,4,620,59,1,5,402504.4879518072
4.0,2.0,2180,3870,1.0,0,0,3,1160,114,1,9,570223.1185050136
2.0,1.75,1490,224334,1.0,0,2,3,0,31,1,5,306983.0317460318
3.0,2.0,2220,10275,2.0,0,0,3,580,34,0,34,609064.7603305785
3.0,1.75,2430,9133,1.0,0,0,4,1020,36,1,14,377807.7863636364
2.0,0.75,1392,43710,1.5,0,0,4,0,36,1,14,488457.5
4.0,1.0,1120,2685,1.0,0,0,3,260,75,1,45,377807.7863636364
4.0,1.0,1390,10800,1.5,0,0,4,0,73,1,16,583475.1987418453
3.0,1.75,2040,7281,1.0,0,0,3,1020,52,1,11,338981.5238095238
5.0,3.0,2830,7500,2.0,0,0,3,370,91,1,16,583475.1987418453
4.0,2.5,3020,8302,2.0,0,0,4,0,20,0,20,306341.6666666667
3.0,1.75,2290,14800,1.0,0,0,3,670,49,1,21,478061.90476190473
4.0,2.0,1210,11100,1.0,0,0,4,0,59,1,5,881585.4168316831
3.0,2.5,2510,6320,2.0,0,0,3,0,18,0,18,704425.8029661017
4.0,1.75,2320,4322,1.0,0,0,3,1180,104,1,8,574543.2427470535
3.0,1.0,970,6600,1.0,0,0,3,0,49,1,21,372098.1818181818
3.0,1.75,1820,5500,1.0,0,0,4,200,57,1,13,573185.0026954178
3.0,1.0,970,7742,1.0,0,0,4,0,47,0,47,298547.1904761905
2.0,1.0,1740,3622,1.0,0,0,4,790,90,0,90,573185.0026954178
3.0,1.75,1590,7560,1.0,0,0,3,460,30,0,30,306368.0406504065
2.0,1.0,1380,5000,1.0,0,0,3,510,71,1,12,574543.2427470535
4.0,1.5,1680,11123,1.0,0,0,3,550,55,1,25,423979.98295454547
2.0,1.0,1220,3000,1.0,0,0,3,300,88,1,11,574543.2427470535
2.0,2.0,1651,18200,1.0,0,0,3,0,68,0,68,488882.5
3.0,1.75,1330,9200,1.0,0,0,4,0,41,0,41,294280.725
3.0,3.0,2940,4622,2.0,0,0,4,710,26,0,26,573185.0026954178
3.0,3.25,1410,1246,3.0,0,0,3,0,9,0,9,576183.7791741472
2.0,1.0,1100,3598,1.0,0,0,4,0,88,1,21,570223.1185050136
3.0,1.5,1530,7200,1.0,0,0,3,0,39,0,39,472577.77777777775
5.0,3.25,5270,17232,2.0,0,1,3,1260,37,1,11,1182030.1090909091
3.0,2.0,2110,5150,1.0,0,0,5,1030,95,1,80,583475.1987418453
4.0,1.75,1720,8750,1.0,0,0,3,860,43,0,43,661873.9341085271
3.0,2.5,1800,5001,2.0,0,0,3,0,18,0,18,665473.701171875
4.0,2.5,2210,9427,2.0,0,0,3,0,15,0,15,372098.1818181818
4.0,2.25,2560,9731,2.0,0,0,4,0,41,0,41,654481.2884615385
2.0,1.5,1010,7719,2.0,0,0,3,0,33,1,1,371872.2878787879
4.0,2.5,3340,12248,2.0,0,1,3,870,16,1,8,574543.2427470535
4.0,1.0,1740,11075,1.5,0,0,3,0,49,1,21,420507.6153846154
3.0,2.0,1320,7200,1.0,0,0,5,0,39,0,39,301453.96774193546
3.0,1.75,1520,8625,1.0,0,0,3,0,38,0,38,487024.75
3.0,1.5,2010,9480,1.0,0,0,3,440,63,1,20,570223.1185050136
3.0,3.5,2440,3427,2.0,0,0,3,450,14,0,14,854623.3027093596
5.0,2.5,2550,20875,1.0,0,0,4,940,61,1,31,854623.3027093596
3.0,1.0,1010,9450,1.0,0,0,4,0,55,0,55,307819.2631578947
3.0,2.5,1780,6771,1.0,0,0,3,550,24,1,5,574543.2427470535
3.0,2.0,2180,4976,1.5,0,2,4,500,84,0,84,574543.2427470535
5.0,3.25,2750,7500,2.0,0,1,3,600,77,1,17,665473.701171875
4.0,3.25,3490,7024,2.0,0,0,3,0,8,0,8,692567.8918918918
3.0,2.5,2550,45254,2.0,0,0,3,0,13,0,13,664018.5575757576
3.0,1.75,1870,7189,1.0,0,0,3,600,55,1,25,583475.1987418453
4.0,1.0,1150,8184,1.5,0,0,3,0,67,1,2,423979.98295454547
3.0,1.75,2050,11856,1.0,0,0,3,590,52,1,11,881585.4168316831
4.0,2.75,1940,6555,2.0,0,0,3,0,24,1,5,339556.4805970149
5.0,3.75,3630,6000,1.5,0,0,3,1160,10,1,11,655071.1991869919
3.0,1.75,1890,9100,2.0,0,0,4,0,62,0,62,428665.7159090909
4.0,2.0,1630,10375,1.0,0,0,5,0,46,0,46,612917.84375
4.0,1.75,2440,5000,1.0,0,0,3,1100,60,1,9,570223.1185050136
5.0,2.75,3100,9825,2.0,0,2,4,0,64,1,32,574543.2427470535
3.0,2.5,2090,6045,2.0,0,0,3,0,14,0,14,376968.54547619045
3.0,1.0,920,9812,1.0,0,0,4,0,52,0,52,308362.248
3.0,1.0,1580,5000,1.5,0,0,3,0,88,1,11,576183.7791741472
3.0,1.75,1760,8400,1.0,0,0,4,300,54,1,13,570223.1185050136
4.0,2.5,2530,7563,1.0,0,0,3,1090,36,0,36,489242.0238095238
4.0,2.75,2490,9714,1.0,0,0,4,1090,31,0,31,487024.75
4.0,4.5,3870,35889,2.0,0,0,3,1340,13,0,13,602238.7424242424
5.0,2.5,2732,9500,1.0,0,2,4,862,39,0,39,291133.71153846156
5.0,3.25,3230,3825,2.0,0,0,3,750,0,0,0,570223.1185050136
6.0,3.75,2930,14980,2.0,0,3,3,0,1,1,91,859215.5687192117
4.0,3.5,3510,9364,2.0,0,0,3,0,13,0,13,547301.5576923077
4.0,2.5,2580,3909,2.0,0,0,3,0,1,1,91,661873.9341085271
2.0,2.25,1060,1208,2.0,0,0,3,120,9,0,9,583475.1987418453
4.0,2.75,2790,8853,2.0,0,0,3,0,1,1,91,406146.40625
4.0,2.5,2009,5000,2.0,0,0,3,0,0,0,0,306983.0317460318
5.0,2.75,2880,8364,2.0,0,0,3,0,8,0,8,370580.66352040815
2.0,1.0,710,1157,2.0,0,0,4,0,71,0,71,570223.1185050136
3.0,2.5,2070,13241,1.5,0,0,5,800,104,0,104,570223.1185050136
3.0,2.0,1370,8336,1.0,0,0,5,0,50,0,50,433780.94444444444
3.0,1.75,1730,8400,1.0,0,0,4,330,34,0,34,664524.1592356688
4.0,2.0,1680,5000,1.0,0,0,3,700,64,1,9,570223.1185050136
2.0,1.0,1350,10096,1.0,0,2,4,0,62,0,62,405031.2631578947
5.0,1.5,1510,9078,1.0,0,0,4,0,55,0,55,260515.44444444444
3.0,2.5,1860,6607,2.0,0,0,3,0,25,0,25,290510.51923076925
6.0,5.0,3440,4500,2.0,0,0,3,160,7,0,7,370580.66352040815
6.0,3.0,4250,4400,2.5,0,0,4,1230,112,0,112,576183.7791741472
2.0,1.0,860,3874,1.0,0,0,4,0,83,0,83,370580.66352040815
2.0,1.75,1640,4080,1.0,0,0,3,800,93,1,14,570223.1185050136
2.0,1.5,1295,1093,2.0,0,0,3,190,7,0,7,574543.2427470535
3.0,1.75,1790,27427,1.0,0,0,3,660,36,0,36,573991.6862745098
3.0,1.5,2210,6300,1.5,0,0,5,0,98,0,98,576183.7791741472
3.0,1.0,940,10368,1.0,0,0,3,0,49,1,21,667110.3374233128
3.0,1.5,1160,8906,1.0,0,0,3,0,52,1,11,574543.2427470535
3.0,2.5,1990,3984,2.0,0,0,3,0,10,1,11,704425.8029661017
3.0,1.0,1050,6300,1.0,0,0,3,0,72,1,15,583475.1987418453
2.0,1.0,1030,5750,1.0,0,0,5,0,86,1,44,570223.1185050136
3.0,2.5,1420,2581,3.0,0,0,3,0,10,1,11,570223.1185050136
4.0,3.75,2690,4000,2.0,0,3,4,570,105,1,25,583475.1987418453
4.0,2.5,3760,29224,2.0,0,0,3,0,27,1,14,664524.1592356688
2.0,1.0,700,4700,1.0,0,0,5,0,61,0,61,371872.2878787879
5.0,3.5,2100,5107,2.0,0,0,3,690,15,0,15,570223.1185050136
4.0,2.75,2240,27820,1.5,0,0,4,0,38,1,22,704425.8029661017
4.0,2.5,3470,32109,2.0,0,0,3,0,19,0,19,602057.1753246753
3.0,2.5,3370,19585,2.0,0,0,3,170,63,1,20,420507.6153846154
4.0,2.5,2790,230868,2.0,0,0,3,0,25,0,25,602057.1753246753
3.0,2.5,1870,4060,2.0,0,0,3,0,9,0,9,306368.0406504065
3.0,1.75,1520,15090,1.0,0,0,4,0,46,0,46,341878.1945205479
1.0,1.75,750,20339,1.0,0,0,4,200,68,1,25,377807.7863636364
3.0,1.5,1460,11407,1.0,0,0,3,0,60,1,9,461754.1666666667
3.0,2.5,2600,7465,2.0,0,0,3,0,26,1,14,477717.23214285716
4.0,2.5,3320,11901,2.0,0,0,5,670,37,0,37,859215.5687192117
5.0,2.5,2340,6000,2.0,0,0,4,0,92,0,92,583475.1987418453
3.0,1.0,890,7200,1.0,0,0,3,0,63,1,20,576183.7791741472
3.0,1.75,1720,5899,1.0,0,1,3,500,28,0,28,573185.0026954178
3.0,1.5,1270,1318,2.0,0,0,3,190,10,1,11,583475.1987418453
4.0,2.5,2180,7203,2.0,0,0,4,0,25,0,25,379453.5624401914
4.0,2.25,2030,13500,1.0,0,0,3,800,51,1,6,371872.2878787879
4.0,2.75,2490,17833,2.0,0,2,3,1000,35,1,0,573185.0026954178
4.0,1.75,1470,5350,1.0,0,0,3,490,59,1,9,574543.2427470535
3.0,2.75,2500,7378,1.0,0,0,5,1110,66,1,29,573185.0026954178
3.0,3.5,4500,21870,2.0,0,0,3,0,10,1,11,294280.725
3.0,3.25,1460,1592,2.0,0,0,3,330,8,0,8,574543.2427470535
1.0,1.0,620,8261,1.0,0,0,3,0,75,1,45,573185.0026954178
3.0,1.75,1550,3680,1.0,0,0,3,500,87,1,3,573185.0026954178
3.0,2.5,1430,1002,3.0,0,0,3,0,12,0,12,576183.7791741472
3.0,1.5,1360,9760,1.5,0,0,5,0,30,0,30,412808.4871794872
3.0,2.5,2210,7557,2.0,0,0,3,0,25,0,25,298547.1904761905
4.0,1.75,2460,5100,1.5,0,0,5,1010,105,1,26,570223.1185050136
3.0,2.5,2180,15693,1.0,0,0,4,330,35,0,35,701918.4194214876
3.0,1.75,1570,4875,1.0,0,0,4,260,37,0,37,306341.6666666667
4.0,2.75,4140,24190,2.0,0,0,3,0,12,0,12,294280.725
3.0,1.0,1140,5500,1.5,0,0,4,0,106,0,106,570223.1185050136
5.0,6.25,8670,64033,2.0,0,4,3,2550,49,1,11,570223.1185050136
2.0,1.0,800,15000,1.0,0,0,3,0,87,1,3,576183.7791741472
4.0,2.75,2414,7693,2.0,0,0,3,0,8,0,8,297123.8925619835
3.0,1.0,1160,8813,1.0,0,0,3,0,62,1,6,573185.0026954178
4.0,2.5,3170,10688,2.0,0,2,3,0,13,0,13,306983.0317460318
5.0,3.5,4210,17258,2.0,0,3,3,0,19,0,19,854623.3027093596
3.0,2.0,2060,4437,1.0,0,0,3,1030,85,0,85,570223.1185050136
3.0,2.0,1640,7201,1.0,0,0,3,0,66,1,20,583475.1987418453
2.0,1.0,720,6686,1.0,0,0,3,0,72,1,15,573185.0026954178
4.0,1.0,1860,4736,1.5,0,0,1,0,113,0,113,583475.1987418453
4.0,2.5,2810,10986,2.0,0,0,3,0,17,0,17,712166.302173913
4.0,2.5,2090,9702,1.0,0,0,5,770,49,0,49,433780.94444444444
4.0,2.5,3280,6181,2.0,0,0,3,0,13,0,13,704425.8029661017
4.0,2.0,2090,3610,1.5,0,0,5,300,87,0,87,576183.7791741472
3.0,1.75,2430,14607,1.0,0,1,3,1200,65,1,44,1223622.0
5.0,2.25,2520,49222,2.0,0,0,4,0,36,1,14,609064.7603305785
5.0,3.0,2510,4125,1.5,0,3,5,920,89,0,89,576183.7791741472
4.0,2.75,3370,6675,1.0,0,3,4,1450,66,0,66,574543.2427470535
3.0,2.0,1640,5280,1.5,0,0,5,0,104,0,104,289521.22794117645
3.0,2.5,2250,7294,2.0,0,0,3,0,20,0,20,297123.8925619835
4.0,2.5,2300,19250,1.0,0,0,4,0,59,1,5,421049.06666666665
3.0,3.5,1650,2262,3.0,0,0,3,0,4,0,4,573185.0026954178
2.0,1.0,710,1131,2.0,0,0,4,0,71,0,71,576183.7791741472
4.0,3.5,2550,8698,2.0,0,0,3,0,7,0,7,533938.304347826
2.0,1.5,982,846,2.0,0,0,3,176,8,0,8,570223.1185050136
3.0,2.25,1630,2520,2.0,0,0,3,0,9,0,9,589927.1679389313
4.0,2.5,2550,4500,2.0,0,0,3,0,5,0,5,371872.2878787879
2.0,1.25,1240,2150,2.0,0,0,3,0,0,0,0,576183.7791741472
3.0,2.5,2456,7566,2.0,0,0,3,0,2,1,102,291133.71153846156
5.0,2.25,3200,20158,1.0,0,0,3,1600,49,1,21,1729485.7142857143
3.0,3.5,3950,111078,1.5,0,0,3,1490,25,0,25,664524.1592356688
4.0,2.25,2180,7297,2.0,0,0,3,0,30,0,30,712166.302173913
4.0,2.5,3140,9225,1.0,0,2,5,1370,48,0,48,370580.66352040815
4.0,3.75,4030,10800,2.0,0,0,3,0,8,0,8,655071.1991869919
3.0,1.75,1970,7972,1.0,0,3,5,600,38,0,38,371872.2878787879
5.0,2.0,1940,7642,1.5,0,0,3,0,57,1,14,433780.94444444444
5.0,4.25,4860,9453,1.5,0,1,5,1760,109,0,109,574543.2427470535
0.0,0.0,3064,4764,3.5,0,2,3,0,24,1,5,583475.1987418453
2.0,1.0,970,5665,1.0,0,0,4,0,106,0,106,576183.7791741472
4.0,2.25,2460,44431,1.0,0,0,4,0,57,1,13,847974.924611399
4.0,2.5,3010,6100,2.0,0,0,3,0,9,0,9,662070.8855421686
3.0,2.0,2460,6600,1.0,0,2,4,1090,62,0,62,573185.0026954178
3.0,2.0,2080,11375,1.0,0,0,3,0,12,0,12,325113.63636363635
4.0,3.25,3960,7012,2.0,0,0,3,0,9,0,9,707300.656504065
4.0,2.5,2490,8124,2.0,0,0,3,0,13,0,13,306983.0317460318
5.0,2.0,2060,6000,2.0,0,0,3,0,111,1,9,583475.1987418453
3.0,1.0,1330,15678,1.0,0,0,3,430,30,0,30,692567.8918918918
3.0,1.75,1600,19200,1.0,0,0,4,0,47,0,47,655071.1991869919
2.0,1.0,820,10450,1.0,0,0,4,0,49,0,49,379453.5624401914
4.0,1.75,1200,7680,1.0,0,0,3,0,46,1,17,297123.8925619835
3.0,1.0,1050,5664,1.0,0,0,4,140,67,1,26,573185.0026954178
3.0,2.5,1910,1501,2.5,0,0,3,380,7,0,7,570223.1185050136
3.0,1.75,1800,6000,1.0,0,0,5,900,64,0,64,423979.98295454547
3.0,2.25,2060,8640,1.0,0,0,4,0,48,0,48,655071.1991869919
3.0,1.75,1840,9697,1.0,0,0,4,340,29,0,29,301453.96774193546
3.0,2.5,1250,1103,3.0,0,2,3,0,9,0,9,570223.1185050136
2.0,1.0,1510,4032,1.5,0,0,3,200,79,1,40,574543.2427470535
4.0,2.25,2300,4600,1.5,0,0,4,960,110,0,110,583475.1987418453
4.0,1.5,1490,7560,2.0,0,0,3,0,48,1,51,307819.2631578947
5.0,2.75,2820,4608,1.0,0,0,3,1370,47,1,3,576183.7791741472
4.0,1.5,1130,7840,1.0,0,0,4,0,44,0,44,302406.8613861386
4.0,2.5,3200,7500,1.5,0,1,5,1340,66,1,29,573185.0026954178
3.0,1.0,1510,5000,1.5,0,0,3,0,105,1,10,570223.1185050136
3.0,2.5,1970,7500,2.0,0,0,3,0,26,1,14,308362.248
3.0,1.0,1210,5750,1.5,0,0,4,0,104,0,104,574543.2427470535
4.0,2.5,3280,27441,2.0,0,0,3,0,18,0,18,659713.198757764
3.0,2.0,2420,17859,1.0,0,1,5,920,35,0,35,654481.2884615385
5.0,1.75,2460,6846,1.5,0,0,5,1120,103,1,30,573185.0026954178
3.0,1.0,1180,11862,1.0,0,0,4,0,66,0,66,573185.0026954178
3.0,2.75,1900,6400,1.0,0,0,5,490,72,0,72,570223.1185050136
3.0,3.25,1651,1779,2.0,0,0,3,310,6,0,6,583475.1987418453
4.0,2.25,2130,11843,2.0,0,0,4,0,42,0,42,1157220.9705882352
2.0,1.0,1430,3000,1.5,0,0,3,130,85,0,85,573185.0026954178
4.0,2.5,5730,44947,2.0,0,4,3,1450,23,0,23,707300.656504065
4.0,2.5,1910,9244,1.0,0,0,4,0,51,0,51,379453.5624401914
3.0,1.75,2110,11250,1.0,0,0,4,0,53,1,13,1099543.2580645161
2.0,1.5,1630,3780,1.0,0,0,4,740,74,1,13,573185.0026954178
4.0,2.5,2470,35073,2.0,0,0,3,0,25,0,25,294280.725
4.0,2.25,2640,31941,1.0,0,0,4,0,28,0,28,289521.22794117645
5.0,2.75,2990,7420,2.0,0,0,3,0,18,0,18,371872.2878787879
3.0,2.5,2120,9736,2.0,0,0,3,0,26,1,14,487024.75
3.0,2.5,2050,6420,1.0,0,3,3,320,58,1,13,570223.1185050136
5.0,3.0,1880,5000,1.0,0,0,3,780,17,0,17,576183.7791741472
3.0,3.0,2790,12523,2.0,1,4,4,1190,37,0,37,307819.2631578947
4.0,2.5,3000,7500,2.0,0,0,3,0,77,1,20,576183.7791741472
4.0,2.5,2140,7245,2.0,0,0,3,0,11,0,11,570223.1185050136
3.0,2.0,1769,9300,1.0,0,0,4,0,59,1,5,563576.9230769231
3.0,1.0,1710,6556,1.5,0,0,4,510,88,1,21,570223.1185050136
1.0,0.75,420,6720,1.0,0,0,3,0,92,1,6,574543.2427470535
4.0,2.5,3270,35445,2.0,0,0,3,0,25,0,25,859295.1570351758
4.0,2.5,2370,10858,2.0,0,0,3,0,11,0,11,859295.1570351758
4.0,2.5,1770,5855,2.0,0,0,3,0,11,0,11,339211.3264705882
4.0,2.5,2210,8465,1.0,0,0,3,720,24,1,5,308362.248
3.0,2.25,1710,4140,2.0,0,0,3,0,10,1,11,611821.4210526316
4.0,2.0,2710,4750,1.0,0,0,4,1250,95,1,29,576183.7791741472
3.0,3.0,2340,2970,2.0,0,0,5,180,89,0,89,570223.1185050136
2.0,1.0,1220,17172,1.0,0,0,4,0,67,1,26,654481.2884615385
3.0,1.0,1060,9525,1.0,0,0,3,0,48,1,51,664524.1592356688
2.0,1.0,910,9869,1.0,0,0,3,0,57,1,14,376968.54547619045
4.0,1.75,1880,3880,1.5,0,0,4,790,70,0,70,583475.1987418453
4.0,1.75,1870,5200,2.0,0,0,4,670,77,0,77,576183.7791741472
3.0,2.25,1480,5400,2.0,0,0,4,0,100,1,69,573185.0026954178
3.0,2.5,1880,7000,2.0,0,0,3,0,21,0,21,302187.765625
4.0,1.75,1890,6000,1.0,0,0,4,780,67,1,26,573185.0026954178
3.0,2.75,1560,7392,1.0,0,0,5,530,42,0,42,665473.701171875
2.0,1.5,1070,1200,2.0,0,0,3,0,15,0,15,570223.1185050136
5.0,4.0,4410,14380,2.0,0,0,3,0,8,0,8,662070.8855421686
3.0,3.25,1470,1235,2.0,0,0,3,290,6,0,6,574543.2427470535
3.0,2.5,2570,3600,2.5,0,0,3,0,7,0,7,611394.2276422764
2.0,2.25,1170,1011,2.0,0,0,3,0,5,0,5,611394.2276422764
5.0,3.5,2320,4960,2.0,0,0,5,600,88,0,88,576183.7791741472
4.0,3.0,2440,9600,2.0,0,0,5,0,53,0,53,665473.701171875
4.0,2.5,4120,22370,2.0,0,0,3,0,17,0,17,707300.656504065
2.0,1.75,1440,5680,1.0,0,0,4,0,36,1,14,307819.2631578947
3.0,1.0,1340,11070,1.0,0,0,4,0,36,1,14,302187.765625
6.0,3.75,3010,4360,2.0,0,0,3,1010,0,0,0,574543.2427470535
3.0,1.75,1840,8601,1.0,0,0,3,920,109,1,0,570223.1185050136
2.0,1.0,930,7550,1.0,0,0,3,0,28,0,28,260515.44444444444
4.0,2.75,4070,115434,2.0,0,0,3,0,12,0,12,400620.86486486485
3.0,1.75,1820,9545,1.0,0,0,3,590,38,0,38,461754.1666666667
3.0,1.0,1280,8184,1.5,0,0,4,0,67,1,26,428665.7159090909
2.0,1.0,900,4600,1.0,0,0,3,0,63,1,20,583475.1987418453
3.0,1.75,1980,13503,1.0,0,2,4,660,62,0,62,859215.5687192117
4.0,2.25,2010,7575,1.0,0,0,3,790,40,0,40,655071.1991869919
4.0,2.5,2750,4800,2.0,0,0,3,790,109,1,9,576183.7791741472
4.0,2.0,3140,10875,1.0,0,1,3,1200,75,1,45,583475.1987418453
5.0,2.25,4200,5800,2.5,0,0,4,1290,108,1,24,576183.7791741472
3.0,1.75,1900,8540,1.0,0,0,3,950,34,0,34,260515.44444444444
3.0,1.0,1830,3000,1.5,0,0,3,400,88,1,11,570223.1185050136
5.0,2.75,3320,23760,2.0,0,0,4,1130,39,0,39,612917.84375
4.0,2.5,2700,10814,1.0,0,0,4,1140,48,0,48,298517.84
3.0,1.0,1290,6566,1.0,0,0,5,0,38,0,38,291133.71153846156
3.0,1.75,1500,8173,1.0,0,0,3,0,17,0,17,665473.701171875
4.0,2.75,3650,48351,1.5,0,0,4,0,36,1,14,612917.84375
3.0,1.0,1270,6405,1.5,0,0,3,0,70,0,70,573185.0026954178
4.0,2.25,2630,39000,2.0,0,0,3,0,35,1,0,306368.0406504065
2.0,1.5,1800,26615,1.0,0,0,5,560,27,0,27,297123.8925619835
3.0,1.0,1870,2807,1.5,0,0,4,290,87,0,87,570223.1185050136
4.0,2.5,2540,6365,2.0,0,0,3,670,14,0,14,377807.7863636364
4.0,2.5,1930,8660,1.0,0,0,3,810,33,1,1,308362.248
4.0,2.25,2770,13500,2.0,0,0,3,0,40,0,40,1099543.2580645161
4.0,2.5,2220,5338,2.0,0,0,3,0,13,0,13,376968.54547619045
3.0,1.5,1650,9957,1.0,0,0,4,550,53,1,13,576183.7791741472
4.0,2.5,3670,54450,2.0,0,0,3,0,15,0,15,707300.656504065
4.0,2.5,3770,35081,2.0,0,0,3,0,25,0,25,664524.1592356688
3.0,1.75,2350,20820,1.0,0,0,4,550,36,1,14,692567.8918918918
3.0,1.5,1210,5240,1.0,0,0,4,600,31,0,31,576183.7791741472
4.0,2.5,2010,7972,2.0,0,0,4,0,25,0,25,609064.7603305785
3.0,2.5,1580,6065,2.0,0,0,3,0,29,0,29,609064.7603305785
2.0,1.0,710,7200,1.0,0,0,3,0,71,1,12,570223.1185050136
3.0,2.0,1910,5040,1.5,0,0,3,0,43,0,43,704425.8029661017
4.0,2.5,1880,7965,2.0,0,0,3,0,14,0,14,351942.0882352941
2.0,2.0,2280,641203,2.0,0,0,3,0,24,1,5,467260.4166666667
5.0,2.75,3100,10014,1.0,0,2,4,1440,41,0,41,1157220.9705882352
5.0,2.5,2350,4000,2.0,0,0,3,0,21,0,21,573185.0026954178
3.0,1.75,1850,6869,1.0,0,2,5,750,95,1,80,378731.27777777775
3.0,2.5,2070,8337,2.0,0,0,3,0,17,0,17,297151.21774193546
4.0,2.75,2020,7070,1.0,0,0,5,1010,56,0,56,583475.1987418453
3.0,2.25,1580,12177,1.0,0,0,3,380,33,1,1,712166.302173913
4.0,2.5,2690,7947,2.0,0,0,3,0,21,0,21,371872.2878787879
4.0,2.5,2420,10285,1.0,0,4,3,720,56,1,10,359824.2021276596
5.0,1.5,2540,6660,2.0,0,3,4,200,60,1,35,570223.1185050136
2.0,1.0,1150,30184,1.0,0,0,3,0,64,1,9,377807.7863636364
5.0,2.5,3210,12000,1.0,0,0,4,1380,46,0,46,859295.1570351758
3.0,2.5,2040,4627,2.0,0,0,3,0,22,0,22,662070.8855421686
3.0,2.25,1920,4833,1.0,0,0,4,860,93,0,93,576183.7791741472
4.0,1.75,1900,10588,1.0,0,0,5,0,56,0,56,306983.0317460318
3.0,2.5,4310,32093,1.5,0,4,5,1800,32,0,32,402504.4879518072
3.0,2.5,1070,1155,2.0,0,0,3,350,9,0,9,573185.0026954178
4.0,2.5,2790,43091,2.0,0,0,4,0,25,0,25,612917.84375
3.0,2.5,2860,4442,2.0,0,0,3,0,14,0,14,583475.1987418453
3.0,2.0,2250,8800,1.0,0,0,4,1000,89,1,46,574543.2427470535
2.0,2.25,3170,3000,2.0,0,2,5,1180,114,0,114,573185.0026954178
3.0,1.0,1460,7200,1.0,0,0,3,200,108,1,0,573185.0026954178
3.0,1.0,1540,3399,1.5,0,0,3,340,88,1,11,574543.2427470535
3.0,2.0,2910,6600,2.0,0,0,4,990,114,1,26,576183.7791741472
3.0,1.75,1180,13927,1.0,0,0,5,0,52,0,52,376968.54547619045
3.0,1.75,1640,7437,1.0,0,0,3,550,66,1,20,576183.7791741472
4.0,2.0,1520,19672,1.0,0,0,3,500,94,1,35,352033.1
5.0,3.0,3610,9775,2.0,0,0,3,0,11,0,11,339556.4805970149
3.0,2.25,1400,3814,2.0,0,0,3,0,2,1,102,271876.92307692306
4.0,3.5,3200,3250,2.0,0,0,3,530,7,0,7,611394.2276422764
3.0,3.0,1384,1287,2.0,0,0,3,240,8,0,8,574543.2427470535
3.0,2.25,1410,1287,2.0,0,0,3,120,9,0,9,602238.7424242424
4.0,2.5,2050,5276,2.0,0,0,3,0,8,0,8,371872.2878787879
4.0,2.5,1750,4779,2.0,0,0,3,0,5,0,5,451624.14634146343
3.0,2.0,1510,6710,1.0,0,0,3,440,42,1,12,654481.2884615385
3.0,2.5,1930,7214,2.0,0,0,3,0,9,0,9,573185.0026954178
4.0,2.5,2960,41656,2.0,0,0,3,0,29,0,29,612917.84375
5.0,2.75,2920,11880,1.0,0,0,5,1260,46,0,46,589927.1679389313
2.0,1.0,1980,5000,1.0,0,0,4,890,91,0,91,583475.1987418453
3.0,1.75,1430,8865,1.0,0,0,3,0,64,1,9,573185.0026954178
4.0,2.75,2450,4187,2.0,0,2,3,0,4,0,4,611821.4210526316
4.0,2.75,2360,4924,2.0,0,0,3,0,6,0,6,451624.14634146343
3.0,2.5,1890,4838,2.0,0,0,3,160,12,0,12,345922.0
3.0,1.75,2140,9484,1.0,0,0,3,850,61,0,61,847974.924611399
3.0,2.0,1900,8100,1.0,0,0,4,950,74,1,13,583475.1987418453
4.0,2.5,2700,9122,2.0,0,0,3,0,24,1,5,602238.7424242424
5.0,3.0,2430,8000,1.0,0,0,4,1060,57,1,13,847974.924611399
3.0,1.0,1110,12150,1.0,0,0,4,0,57,1,13,854623.3027093596
4.0,2.75,2280,15347,1.0,0,0,5,0,54,0,54,704362.1153846154
3.0,1.75,1550,4708,1.0,0,0,4,690,65,1,29,574543.2427470535
3.0,2.0,1530,8925,1.0,0,0,3,0,37,1,10,487024.75
4.0,2.5,2440,28405,2.0,0,0,3,0,12,0,12,453958.47826086957
4.0,2.25,1760,9602,2.0,0,0,3,0,27,1,14,376968.54547619045
4.0,2.25,3040,5000,2.0,0,3,4,960,88,1,21,573185.0026954178
3.0,1.75,1070,8100,1.0,0,0,4,0,57,1,13,289521.22794117645
3.0,1.75,1990,5560,1.0,0,0,4,890,75,1,25,574543.2427470535
2.0,1.5,1090,4000,1.0,0,0,3,120,63,1,20,573185.0026954178
4.0,1.5,1890,6938,1.5,0,0,3,0,95,1,13,574543.2427470535
3.0,1.0,1000,9150,1.0,0,0,3,0,45,1,4,379453.5624401914
3.0,1.75,1770,8235,1.0,0,0,3,740,54,1,2,378731.27777777775
4.0,3.0,2360,6250,1.0,0,2,3,900,54,1,2,573185.0026954178
3.0,3.5,3380,108900,2.0,0,0,3,680,15,0,15,376968.54547619045
3.0,2.5,1700,3150,2.0,0,0,3,0,9,0,9,611394.2276422764
2.0,1.75,1600,4000,1.0,0,0,5,750,96,0,96,574543.2427470535
4.0,2.5,2050,6360,2.0,0,0,3,0,26,1,14,602238.7424242424
2.0,1.75,1210,1040,2.0,0,0,3,0,0,0,0,602238.7424242424
5.0,3.0,1940,6355,1.0,0,0,3,740,7,0,7,574543.2427470535
4.0,2.0,1810,8750,1.0,0,0,2,700,47,0,47,379453.5624401914
4.0,1.75,1690,4080,1.0,0,0,4,820,30,0,30,576183.7791741472
4.0,2.0,1800,2970,1.0,0,0,4,800,91,0,91,574543.2427470535
4.0,3.5,3280,6603,2.0,0,0,3,0,7,0,7,859215.5687192117
4.0,2.5,4290,175421,2.0,0,0,3,0,10,1,11,468500.0
3.0,1.75,1150,9600,1.0,0,0,3,0,35,1,0,406146.40625
2.0,1.5,880,1805,2.0,0,0,3,0,15,0,15,583475.1987418453
3.0,1.5,1720,8100,2.0,0,0,3,0,107,1,31,570223.1185050136
3.0,1.5,1510,8000,1.0,0,0,4,0,58,0,58,859215.5687192117
4.0,2.0,1240,3000,1.0,0,0,3,200,106,1,26,576183.7791741472
4.0,2.0,1580,9581,1.0,0,0,3,0,61,0,61,654481.2884615385
4.0,2.25,2170,7737,2.0,0,0,3,0,27,1,14,712166.302173913
4.0,2.75,2500,4950,2.0,0,0,3,0,4,0,4,664524.1592356688
1.0,1.0,960,2640,1.0,0,0,3,200,106,1,26,570223.1185050136
4.0,2.5,3030,8507,2.0,0,0,3,0,11,0,11,655071.1991869919
3.0,1.75,1540,10800,1.0,0,0,5,770,67,0,67,1223622.0
3.0,1.75,1890,32340,1.5,0,3,3,0,38,0,38,467260.4166666667
4.0,2.5,2810,9800,1.0,0,0,4,1100,41,0,41,854623.3027093596
4.0,4.0,3530,8400,2.0,0,0,5,900,56,0,56,570223.1185050136
3.0,1.0,1100,8536,1.0,0,0,4,0,57,1,13,573185.0026954178
3.0,2.5,1940,9775,1.0,0,2,3,500,39,0,39,655071.1991869919
3.0,2.5,2300,9521,2.0,0,0,3,0,11,0,11,420666.78571428574
3.0,2.5,2110,3600,2.0,0,0,3,0,9,0,9,667110.3374233128
4.0,1.5,1220,10580,1.0,0,0,3,0,49,1,21,847974.924611399
3.0,1.75,1750,12325,1.0,0,0,4,280,46,0,46,664524.1592356688
3.0,1.5,1230,8056,1.0,0,0,4,0,65,1,29,378731.27777777775
3.0,2.5,3100,23790,2.0,0,0,3,0,12,0,12,712166.302173913
3.0,2.5,1830,65340,1.0,0,0,3,310,23,0,23,412808.4871794872
5.0,2.5,2640,7096,2.0,0,0,3,0,11,0,11,664524.1592356688
6.0,1.75,1840,2774,1.0,0,0,3,780,114,1,9,583475.1987418453
4.0,2.5,3190,14565,2.0,0,0,3,0,24,1,5,612917.84375
2.0,1.0,1120,2000,1.5,0,0,3,0,104,1,8,583475.1987418453
3.0,1.5,1760,6723,1.0,0,0,3,600,56,1,10,583475.1987418453
3.0,2.0,1590,9912,2.0,0,0,3,0,14,0,14,488457.5
4.0,2.5,2120,9603,2.0,0,0,3,0,29,0,29,611394.2276422764
4.0,2.5,2240,9826,1.0,0,0,4,870,26,0,26,298547.1904761905
2.0,1.0,890,2100,1.0,0,0,4,130,95,1,29,573185.0026954178
3.0,3.25,2940,5432,3.0,0,3,4,500,36,1,14,570223.1185050136
3.0,1.5,1220,7300,1.0,0,0,3,0,41,1,1,306983.0317460318
3.0,2.25,2670,7500,1.0,0,0,4,1030,48,0,48,364278.9903846154
3.0,1.0,1120,2300,1.0,0,0,4,300,102,1,25,576183.7791741472
4.0,2.75,3130,139392,2.0,0,0,4,0,33,0,33,297151.21774193546
4.0,2.5,1740,7500,1.0,0,0,4,520,38,1,22,659713.198757764
4.0,3.5,3290,5414,2.0,0,1,3,930,8,0,8,654481.2884615385
3.0,1.0,1770,5720,1.5,0,0,4,630,88,1,21,583475.1987418453
4.0,2.5,2960,5054,2.0,0,0,3,0,8,0,8,345402.7394736842
2.0,1.0,1200,4880,1.0,0,0,3,220,71,1,12,570223.1185050136
4.0,2.0,2400,6000,2.0,0,0,3,0,101,1,69,478132.68518518517
4.0,3.5,2690,6164,2.0,0,0,3,0,12,0,12,704425.8029661017
6.0,2.25,3550,11780,1.0,0,0,4,590,66,0,66,574543.2427470535
2.0,1.5,1310,12196,1.5,0,0,3,0,44,1,0,659713.198757764
4.0,2.75,2610,4160,3.0,0,0,5,700,104,0,104,573185.0026954178
5.0,2.5,2760,8015,1.0,0,0,4,1160,54,1,13,570223.1185050136
3.0,2.0,1410,7998,1.0,0,0,4,0,74,1,13,345922.0
4.0,1.75,1960,7950,1.0,0,0,4,0,47,0,47,298547.1904761905
3.0,2.5,1212,1174,3.0,0,0,3,0,10,1,11,574543.2427470535
4.0,1.5,2220,9496,1.0,0,0,4,730,60,1,35,859215.5687192117
4.0,2.5,2040,109336,1.5,0,0,4,0,41,0,41,341878.1945205479
4.0,2.75,2800,19168,2.0,0,0,3,0,22,0,22,692567.8918918918
3.0,1.5,2040,6000,1.0,0,0,3,700,57,1,14,573185.0026954178
4.0,2.5,3070,34412,1.0,0,3,4,1000,64,1,31,2397393.75
2.0,1.0,830,26329,1.0,1,3,4,0,86,0,86,488882.5
4.0,3.5,4140,7089,2.0,0,0,3,980,11,0,11,665473.701171875
5.0,2.5,2340,4500,2.0,0,0,3,0,5,0,5,377807.7863636364
3.0,2.25,1420,1282,3.0,0,0,3,0,8,0,8,573185.0026954178
3.0,2.75,2670,3738,1.0,0,0,3,950,1,1,91,371872.2878787879
3.0,2.5,1880,6008,2.0,0,0,3,0,5,0,5,298517.84
4.0,3.25,3450,6184,2.0,0,0,3,0,0,0,0,707300.656504065
3.0,2.25,1200,1400,3.0,0,0,3,0,9,0,9,576183.7791741472
4.0,3.25,3430,9870,2.0,0,0,3,0,0,0,0,469170.3125
3.0,2.5,1350,1186,2.0,0,0,3,230,7,0,7,574543.2427470535
5.0,2.5,2570,9962,2.0,0,0,3,0,8,0,8,420666.78571428574
4.0,3.5,2840,4637,3.0,0,0,3,0,6,0,6,573185.0026954178
4.0,2.5,2650,5600,2.0,0,0,3,0,0,0,0,379453.5624401914
3.0,2.0,1980,2674,3.0,0,0,3,0,7,0,7,574543.2427470535
3.0,1.75,1280,7524,1.5,0,0,4,0,26,0,26,298517.84
4.0,2.5,2610,7091,2.0,0,0,3,0,27,1,14,302406.8613861386
5.0,2.75,3010,12611,2.0,0,0,3,0,20,0,20,662070.8855421686
1.0,1.0,930,7129,1.0,0,0,3,0,66,1,20,570223.1185050136
3.0,1.5,1180,7000,1.0,0,0,4,0,37,0,37,294129.8971962617
5.0,1.0,1710,9100,1.5,0,0,4,390,88,1,21,570223.1185050136
3.0,2.0,1380,7476,1.0,0,0,3,0,25,0,25,306983.0317460318
3.0,1.75,1190,7280,1.0,0,0,4,0,46,0,46,306983.0317460318
3.0,2.0,1870,5909,1.0,0,0,3,600,28,0,28,302187.765625
5.0,3.5,3130,4797,2.0,0,0,3,560,0,0,0,859295.1570351758
2.0,1.0,900,5100,1.0,0,0,4,0,105,1,25,570223.1185050136
3.0,1.5,1880,7400,1.0,0,0,3,400,46,1,17,473692.0
4.0,4.25,3010,4887,2.0,0,3,4,1070,63,1,18,573185.0026954178
3.0,2.25,2280,5750,1.0,0,1,4,1130,29,0,29,576183.7791741472
3.0,2.5,2970,21907,2.0,0,0,3,0,16,1,8,371872.2878787879
2.0,2.5,1620,3196,2.0,0,0,3,0,6,0,6,547301.5576923077
4.0,1.5,1550,3000,1.5,0,0,3,200,96,0,96,583475.1987418453
3.0,1.75,2240,78225,2.0,0,0,5,0,38,0,38,488457.5
3.0,2.5,2830,6536,2.0,0,0,3,0,25,0,25,602057.1753246753
3.0,2.5,2890,21780,2.0,0,0,3,0,14,0,14,260515.44444444444
4.0,2.25,1990,5948,2.0,0,0,3,0,23,0,23,611821.4210526316
3.0,1.75,1370,8719,1.0,0,0,3,0,32,0,32,271876.92307692306
2.0,1.5,1088,1360,2.0,0,0,3,0,31,1,5,675464.6038732395
4.0,1.75,1740,9344,1.0,0,0,3,560,36,0,36,298547.1904761905
3.0,2.0,1730,9000,1.0,0,0,3,360,36,0,36,602238.7424242424
4.0,2.5,1800,8100,2.0,0,0,3,0,16,1,8,351942.0882352941
3.0,1.75,1440,12888,1.0,0,2,3,350,56,1,10,248463.04347826086
4.0,1.0,1720,2800,1.5,0,0,4,520,88,1,21,573185.0026954178
5.0,3.5,2800,7350,2.0,0,0,3,0,19,0,19,583475.1987418453
3.0,2.5,2300,6009,1.0,0,0,3,0,9,0,9,659713.198757764
4.0,2.25,2030,11585,1.0,0,0,4,440,47,0,47,664018.5575757576
2.0,1.0,740,6180,1.0,0,0,3,0,66,1,20,573185.0026954178
5.0,6.75,9640,13068,1.0,1,4,3,4820,31,1,5,1099543.2580645161
4.0,1.0,1920,13787,1.0,0,0,4,700,48,0,48,246844.69565217392
4.0,2.5,2490,12929,2.0,0,0,3,0,31,1,5,712166.302173913
3.0,2.0,1380,4800,1.0,0,0,3,0,66,1,20,576183.7791741472
3.0,2.5,1530,9406,1.0,0,0,3,260,21,0,21,370580.66352040815
3.0,3.25,2420,1923,2.0,0,2,3,580,8,0,8,574543.2427470535
4.0,2.5,2150,37647,2.0,0,0,3,0,23,0,23,302187.765625
4.0,2.0,1610,9600,1.0,0,0,5,0,47,0,47,673746.1363636364
4.0,3.5,2650,3060,2.0,0,0,3,590,13,0,13,573185.0026954178
4.0,2.75,2700,35362,2.0,0,0,5,0,38,0,38,610245.4411764706
3.0,1.5,1270,20700,1.0,0,0,2,120,66,0,66,466114.81481481483
4.0,2.75,3150,38865,1.0,0,0,3,670,28,0,28,659713.198757764
3.0,2.25,2010,10760,2.0,0,0,3,0,29,0,29,664018.5575757576
3.0,1.0,860,5060,1.5,0,0,3,0,87,1,3,583475.1987418453
3.0,2.0,1410,7466,1.0,0,0,3,0,31,1,5,370580.66352040815
3.0,1.75,1700,7532,1.0,0,0,3,0,27,1,14,306368.0406504065
4.0,2.5,2570,6251,2.0,0,0,3,0,14,0,14,859215.5687192117
2.0,2.25,1230,932,2.0,0,0,3,210,10,1,11,576183.7791741472
4.0,3.5,4170,9748,2.0,0,0,3,0,10,1,11,635820.0
3.0,2.5,1180,1262,3.0,0,0,3,0,4,0,4,570223.1185050136
3.0,1.5,1430,7347,1.0,0,0,3,610,34,0,34,298547.1904761905
4.0,2.0,1450,8400,1.5,0,0,4,0,52,0,52,661873.9341085271
3.0,1.75,2180,7700,1.0,0,0,3,700,53,1,10,402504.4879518072
4.0,2.5,2210,7079,2.0,0,0,3,0,21,0,21,306368.0406504065
2.0,1.5,1480,7276,1.0,0,0,4,540,36,1,14,370580.66352040815
3.0,2.0,2340,3477,1.0,0,1,5,1170,43,0,43,576183.7791741472
4.0,3.5,3860,18334,2.0,0,0,3,740,18,0,18,612917.84375
3.0,2.75,2300,4637,2.0,0,0,3,0,6,0,6,573991.6862745098
3.0,1.5,1450,7375,1.0,0,0,3,440,46,1,17,665473.701171875
2.0,2.5,1380,953,3.0,0,0,3,0,8,0,8,576183.7791741472
4.0,2.5,2470,3811,2.0,0,0,3,0,15,0,15,565703.2
4.0,1.75,2030,18295,1.5,0,0,4,0,39,0,39,661873.9341085271
4.0,0.75,1440,13300,1.0,0,0,3,0,66,1,20,345010.7211538461
3.0,1.75,1160,6134,1.0,0,0,3,0,16,1,8,297123.8925619835
3.0,1.0,1580,3840,2.0,0,0,3,0,106,1,26,570223.1185050136
2.0,2.75,1430,1425,2.0,0,0,3,435,8,0,8,570223.1185050136
2.0,2.0,1494,19271,2.0,1,4,3,0,71,1,17,467260.4166666667
4.0,2.25,1930,7207,1.0,0,0,4,570,26,0,26,297151.21774193546
6.0,1.75,2740,6360,1.0,0,3,3,1370,61,0,61,573185.0026954178
3.0,2.0,1880,3800,1.0,0,0,5,850,87,0,87,576183.7791741472
3.0,2.5,2590,7720,2.0,0,0,3,0,26,1,14,859295.1570351758
3.0,2.25,2140,11266,2.0,0,0,3,0,28,0,28,413841.8
4.0,2.0,1870,6000,1.5,0,0,3,0,58,1,13,574543.2427470535
2.0,1.0,1230,3800,1.0,0,0,3,0,86,1,60,576183.7791741472
4.0,2.5,2340,6896,2.0,0,0,3,0,13,0,13,370580.66352040815
3.0,2.25,2880,7599,1.0,0,2,3,1170,56,1,12,665473.701171875
3.0,1.5,880,6600,1.0,0,0,5,0,69,0,69,574543.2427470535
3.0,2.5,3040,7232,2.0,0,0,3,0,11,0,11,289521.22794117645
4.0,1.0,1120,7104,1.5,0,0,3,0,68,0,68,583475.1987418453
3.0,2.0,1380,3600,3.0,0,0,3,0,1,1,91,576183.7791741472
4.0,2.5,1660,9760,2.0,0,0,3,0,20,0,20,298517.84
3.0,2.75,2500,5568,2.0,0,0,5,0,109,0,109,570223.1185050136
4.0,2.5,2940,10382,2.0,0,0,4,0,23,0,23,676159.8148148148
4.0,2.5,1670,3315,2.0,0,0,3,0,9,0,9,611821.4210526316
4.0,2.75,2630,7505,2.0,0,0,3,0,20,0,20,664524.1592356688
4.0,2.75,2250,7412,1.0,0,0,4,770,39,0,39,371872.2878787879
3.0,1.0,1320,7000,1.0,0,0,4,0,47,0,47,297123.8925619835
4.0,3.75,4100,22798,1.5,0,3,5,1560,80,1,35,1157220.9705882352
3.0,3.25,4340,4947,2.0,0,3,3,1280,21,0,21,583475.1987418453
4.0,3.0,3700,20570,1.0,0,0,4,1850,38,1,22,854623.3027093596
5.0,2.0,2700,10875,1.0,0,0,4,1160,52,0,52,847974.924611399
3.0,1.0,980,7200,1.0,0,0,4,0,64,1,31,576183.7791741472
4.0,2.5,2650,11520,2.0,0,0,3,540,26,1,14,661873.9341085271
7.0,4.25,3670,4000,2.0,0,1,3,870,50,1,14,570223.1185050136
3.0,1.75,2960,12420,1.0,0,2,4,1480,62,0,62,583475.1987418453
4.0,2.75,3070,7201,2.0,0,0,3,0,8,0,8,376968.54547619045
3.0,2.5,1413,3600,2.0,0,0,3,0,3,0,3,306368.0406504065
2.0,2.5,1260,1347,3.0,0,0,3,0,9,0,9,570223.1185050136
3.0,2.5,1680,2229,2.0,0,0,3,0,7,0,7,420507.6153846154
3.0,2.25,1230,1238,2.0,0,0,3,150,5,0,5,573185.0026954178
3.0,3.5,4360,6240,2.0,0,3,3,1400,6,0,6,573185.0026954178
4.0,4.0,4420,16526,2.0,0,0,3,0,1,1,91,701918.4194214876
3.0,3.25,2770,6278,2.0,0,0,3,790,8,0,8,370580.66352040815
3.0,2.25,2910,10204,2.0,0,0,3,0,24,1,5,662070.8855421686
4.0,3.25,4290,12103,1.0,0,3,3,1600,17,0,17,847974.924611399
3.0,2.5,1600,26977,2.0,0,0,3,0,9,0,9,405085.29411764705
4.0,2.5,1820,6753,2.0,0,0,3,0,20,0,20,339556.4805970149
6.0,5.0,6050,230652,2.0,0,3,3,0,13,0,13,692285.7142857143
3.0,1.75,1700,8432,1.0,0,0,3,470,37,1,10,576183.7791741472
2.0,1.0,790,11234,1.0,0,0,4,0,72,1,32,563576.9230769231
3.0,2.25,1720,9000,1.0,0,0,4,400,45,0,45,302406.8613861386
3.0,1.0,990,10723,1.0,0,0,5,0,54,0,54,379453.5624401914
4.0,1.75,1770,9011,1.0,0,0,5,720,31,0,31,315737.9310344828
3.0,2.0,1260,8092,1.0,0,0,3,0,28,0,28,351942.0882352941
4.0,2.5,3640,10576,2.0,0,0,3,0,15,0,15,701918.4194214876
3.0,1.75,2040,6000,1.0,0,0,5,920,56,0,56,574543.2427470535
4.0,1.75,1980,10800,1.0,0,0,5,990,66,1,29,1182030.1090909091
5.0,2.5,3600,17300,1.0,0,0,4,1190,46,0,46,515479.54545454547
4.0,2.5,4270,43386,1.0,0,0,3,1590,23,0,23,664524.1592356688
4.0,2.0,2030,9600,1.5,0,0,3,600,67,1,2,249552.22727272726
3.0,3.25,1689,1388,3.0,0,0,3,0,6,0,6,570223.1185050136
5.0,2.75,2870,4461,1.0,0,0,3,1220,38,0,38,583475.1987418453
3.0,1.75,1270,4800,1.0,0,0,3,0,62,1,0,576183.7791741472
4.0,2.5,2790,7938,2.0,0,0,3,0,17,0,17,704425.8029661017
5.0,3.25,3850,16249,2.0,0,2,3,820,12,0,12,289521.22794117645
3.0,2.5,1560,9361,1.5,0,0,4,200,78,0,78,570223.1185050136
3.0,1.75,1180,4080,1.0,0,0,4,420,86,0,86,570223.1185050136
4.0,1.75,1820,8118,1.0,0,0,4,740,34,0,34,306368.0406504065
5.0,1.75,1260,4500,1.5,0,0,3,0,88,1,11,573185.0026954178
3.0,2.5,2640,6715,2.0,0,0,3,960,23,0,23,377807.7863636364
2.0,1.0,1100,4200,1.0,0,0,3,0,60,1,9,576183.7791741472
3.0,2.5,1950,6871,2.0,0,0,3,0,17,0,17,423979.98295454547
3.0,2.0,1380,8682,1.0,0,0,4,0,48,0,48,295841.6666666667
3.0,2.75,2200,7000,1.0,0,0,4,920,37,0,37,371872.2878787879
4.0,1.5,2050,7100,1.0,0,0,3,1000,51,1,6,306983.0317460318
5.0,3.0,2795,15101,2.0,0,0,3,0,18,0,18,413841.8
4.0,2.5,2050,34222,2.0,0,0,4,0,25,0,25,632047.53125
4.0,3.0,6430,27517,2.0,0,0,3,0,13,0,13,847974.924611399
5.0,1.75,2150,7171,1.0,0,0,4,690,44,0,44,302187.765625
3.0,1.75,1970,8200,1.0,0,0,5,550,51,0,51,428665.7159090909
4.0,2.5,2660,12672,1.0,0,0,4,920,54,1,13,290510.51923076925
1.0,1.0,720,4800,1.0,0,0,3,0,100,1,18,583475.1987418453
4.0,2.5,2410,4780,2.0,0,0,3,0,14,0,14,533938.304347826
3.0,2.0,2020,5500,1.5,0,3,3,230,77,1,15,573185.0026954178
2.0,1.0,1080,9435,1.0,0,0,3,0,56,1,10,377807.7863636364
3.0,1.75,1180,14292,1.0,0,0,3,0,33,1,1,421049.06666666665
2.0,1.0,660,5000,1.0,0,0,3,0,99,0,99,570223.1185050136
3.0,1.75,2920,9370,1.0,0,0,4,1300,33,0,33,859295.1570351758
4.0,4.25,4850,12445,2.0,1,4,5,1000,25,0,25,661873.9341085271
3.0,1.0,1080,8580,1.5,0,0,3,0,114,1,9,333746.17391304346
3.0,1.75,1670,6900,1.0,0,0,3,500,36,0,36,302406.8613861386
6.0,1.0,1370,5080,1.5,0,0,3,250,83,0,83,583475.1987418453
5.0,3.5,3450,28324,1.0,0,0,5,1100,42,0,42,655071.1991869919
4.0,2.0,1970,10500,1.0,0,0,3,150,53,1,10,378731.27777777775
4.0,2.5,2290,6738,2.0,0,0,3,0,18,0,18,589927.1679389313
5.0,2.5,2240,7543,1.0,0,0,3,1100,48,1,51,433780.94444444444
2.0,1.0,1240,6400,1.0,0,1,4,180,76,0,76,576183.7791741472
3.0,2.5,2420,43177,2.0,0,4,4,730,25,0,25,707300.656504065
5.0,3.5,3260,58806,2.0,0,0,4,0,45,0,45,297151.21774193546
2.0,1.0,670,10920,1.0,0,0,3,0,72,1,15,573185.0026954178
5.0,3.25,3160,10000,2.0,0,0,4,0,34,0,34,609064.7603305785
3.0,2.25,1990,6350,2.0,0,0,3,0,47,1,3,311057.8333333333
4.0,3.5,4680,9700,2.0,0,0,3,1320,9,0,9,859295.1570351758
3.0,2.5,1700,3575,2.0,0,0,3,0,14,0,14,574543.2427470535
4.0,2.5,2807,9430,2.0,0,0,3,0,18,0,18,453958.47826086957
4.0,1.75,1770,9375,1.0,0,0,4,600,46,0,46,662070.8855421686
4.0,2.5,2570,9000,1.0,0,0,4,980,35,0,35,290510.51923076925
3.0,3.0,3450,16200,2.0,0,0,3,0,31,1,5,707300.656504065
3.0,2.0,1670,7700,1.0,0,0,3,500,42,1,12,661873.9341085271
3.0,1.75,1050,6150,1.5,0,0,4,100,86,0,86,573185.0026954178
4.0,2.5,1910,7683,2.0,0,0,3,0,27,1,14,602238.7424242424
3.0,1.0,910,7700,1.0,0,0,4,0,43,0,43,654481.2884615385
5.0,2.25,2480,12070,2.0,0,0,3,0,36,0,36,707300.656504065
2.0,1.5,1820,8867,2.0,0,0,3,0,93,1,14,345922.0
4.0,2.5,2920,7700,2.0,0,0,3,0,11,0,11,420666.78571428574
5.0,2.25,1870,11411,1.0,0,0,4,700,53,1,13,473692.0
4.0,3.5,3810,9792,2.0,0,0,3,0,76,1,1,583475.1987418453
4.0,2.25,2190,4080,2.0,0,0,3,390,96,0,96,583475.1987418453
3.0,2.5,1730,6368,2.0,0,0,3,0,21,0,21,339556.4805970149
5.0,2.5,2220,9360,1.0,0,0,4,1110,46,0,46,377807.7863636364
3.0,1.5,1320,8114,1.0,0,0,3,0,63,1,20,847974.924611399
3.0,1.75,1510,4800,1.0,0,2,3,650,89,1,3,570223.1185050136
3.0,2.0,2120,4080,2.0,0,0,3,0,11,0,11,667110.3374233128
2.0,2.0,1690,4500,1.0,0,0,3,0,10,1,11,662070.8855421686
3.0,3.5,1360,1419,2.0,0,0,3,320,7,0,7,583475.1987418453
4.0,2.5,3250,5000,2.0,0,0,3,0,6,0,6,377807.7863636364
3.0,2.25,1490,1294,2.0,0,0,3,270,4,0,4,573185.0026954178
3.0,1.75,1930,6360,1.0,0,0,3,0,1,1,91,561804.3541666666
4.0,2.5,2020,5501,2.0,0,0,3,0,4,0,4,376968.54547619045
3.0,2.25,1584,2800,2.0,0,0,3,0,2,1,102,308362.248
4.0,2.5,3170,8523,2.0,0,0,3,0,6,0,6,665473.701171875
4.0,2.75,3870,10046,2.0,0,0,3,0,9,0,9,654481.2884615385
2.0,2.5,1430,923,3.0,0,0,3,20,6,0,6,583475.1987418453
3.0,3.25,1380,1120,3.0,0,0,3,0,6,0,6,576183.7791741472
4.0,2.5,2610,4595,2.0,0,0,3,0,6,0,6,466376.511627907
3.0,3.25,1540,1428,3.0,0,0,3,0,1,1,91,570223.1185050136
3.0,2.5,1940,9000,1.0,0,0,4,970,66,0,66,583475.1987418453
3.0,2.5,2160,3000,1.5,0,0,3,900,105,1,3,573185.0026954178
4.0,1.75,1530,8750,1.5,0,0,4,0,46,0,46,370580.66352040815
3.0,2.0,1440,7210,1.0,0,0,3,0,31,1,5,294280.725
4.0,2.5,2640,8625,2.0,0,0,3,0,27,1,14,370580.66352040815
4.0,3.25,3620,5131,2.0,0,3,4,1270,87,0,87,583475.1987418453
4.0,2.5,2850,4650,2.0,0,0,3,0,10,1,11,339211.3264705882
2.0,1.0,1260,4377,1.0,0,0,4,0,67,1,26,583475.1987418453
3.0,1.75,1610,11200,1.0,0,0,3,0,59,1,9,665473.701171875
3.0,2.0,1360,5980,1.5,0,0,3,0,69,1,6,574543.2427470535
4.0,2.5,2496,8058,2.0,0,0,3,0,16,1,8,664524.1592356688
4.0,2.25,2160,9593,1.0,0,0,3,0,45,1,4,854623.3027093596
3.0,1.0,1320,3625,2.0,0,0,3,0,114,1,9,573185.0026954178
2.0,2.5,2540,7089,2.0,0,0,3,0,10,1,11,583475.1987418453
4.0,3.0,2620,18362,1.0,0,0,4,750,58,0,58,859215.5687192117
3.0,1.5,1140,8340,1.0,0,0,3,0,54,1,2,333746.17391304346
3.0,2.0,1790,42399,1.0,0,0,4,0,24,0,24,297123.8925619835
4.0,2.5,2440,3600,2.5,0,0,4,0,112,0,112,573185.0026954178
3.0,2.0,2140,7200,1.0,0,0,4,660,48,0,48,377807.7863636364
3.0,1.0,1330,5412,2.0,0,0,5,0,109,0,109,322780.4347826087
4.0,2.5,2590,7910,2.0,0,0,3,0,13,0,13,583475.1987418453
4.0,4.5,4750,13912,2.0,0,2,3,1150,9,0,9,576183.7791741472
2.0,1.0,1620,9205,1.0,0,0,5,770,93,0,93,675464.6038732395
4.0,2.5,2440,34290,2.0,0,0,3,0,27,1,14,667110.3374233128
3.0,2.75,2020,10744,1.0,0,0,5,750,60,0,60,480427.5
3.0,1.5,1470,7200,2.0,0,0,4,0,107,0,107,583475.1987418453
5.0,4.75,5990,10450,2.0,1,4,3,1940,12,0,12,589927.1679389313
6.0,2.75,2520,9324,1.0,0,0,4,1200,52,0,52,461754.1666666667
2.0,1.75,1440,4225,1.0,0,0,3,0,9,0,9,662070.8855421686
3.0,2.25,1640,7350,1.0,0,0,3,500,30,0,30,291133.71153846156
4.0,2.25,2150,20181,1.0,0,0,3,1060,51,1,6,447643.1818181818
2.0,1.0,1570,8210,1.0,0,0,4,420,62,0,62,570223.1185050136
4.0,1.0,1980,10350,1.0,0,0,4,550,46,0,46,589927.1679389313
3.0,1.0,1210,4731,1.5,0,0,3,0,113,0,113,570223.1185050136
3.0,1.75,1900,3000,1.5,0,0,5,830,111,0,111,574543.2427470535
3.0,1.75,1940,219527,1.0,0,0,3,0,23,0,23,339211.3264705882
3.0,1.75,1310,8065,1.0,0,0,4,0,66,0,66,573185.0026954178
2.0,1.0,990,39964,1.0,0,0,2,0,69,0,69,297151.21774193546
3.0,3.5,3870,3819,2.0,0,0,3,1110,12,0,12,573185.0026954178
3.0,2.0,1340,4320,1.0,0,0,3,420,102,1,21,297123.8925619835
4.0,2.25,2160,5600,1.0,0,0,5,1080,67,0,67,583475.1987418453
4.0,2.0,2080,13510,1.0,0,0,3,1040,64,1,9,576183.7791741472
3.0,2.0,1300,11374,1.5,0,0,5,0,81,0,81,246844.69565217392
4.0,2.5,2610,8031,2.0,0,0,3,0,16,1,8,478061.90476190473
3.0,1.0,1050,8498,1.0,0,0,4,0,55,0,55,301453.96774193546
3.0,2.5,2480,6112,2.0,0,0,3,0,10,1,11,379453.5624401914
4.0,2.25,1820,8255,1.5,0,0,4,500,84,0,84,583475.1987418453
3.0,1.75,1170,8740,1.0,0,0,4,0,46,0,46,664524.1592356688
4.0,2.25,2370,6000,1.0,0,2,3,930,55,1,25,576183.7791741472
5.0,3.75,3090,7415,2.0,0,0,3,0,0,0,0,345010.7211538461
3.0,1.75,2310,11200,1.0,0,0,4,680,36,1,14,301453.96774193546
4.0,2.25,2060,10358,1.0,0,0,4,740,52,0,52,859215.5687192117
3.0,2.0,2540,237402,1.0,0,0,3,0,7,0,7,322780.4347826087
4.0,2.5,2400,7693,2.0,0,0,3,0,11,0,11,377807.7863636364
3.0,1.0,1320,8450,1.0,0,0,3,440,53,1,10,290510.51923076925
2.0,1.0,790,6600,1.0,0,0,3,0,65,1,16,570223.1185050136
4.0,2.0,1790,14690,1.0,0,1,4,120,54,1,13,307819.2631578947
3.0,2.25,1820,7326,2.0,0,0,3,0,31,1,5,665473.701171875
6.0,2.0,1670,3000,1.0,0,0,5,770,103,1,30,576183.7791741472
5.0,3.5,3990,9938,2.0,0,0,3,0,13,0,13,674250.625
3.0,2.0,1430,6000,1.0,0,0,5,0,69,0,69,420507.6153846154
4.0,2.0,2030,103672,1.0,0,0,4,0,45,0,45,312833.3333333333
4.0,1.75,1290,3060,2.0,0,0,4,0,108,1,24,573185.0026954178
4.0,3.5,3820,13224,2.0,0,0,3,540,24,1,5,881585.4168316831
4.0,3.25,2520,3360,1.5,0,0,4,970,83,0,83,576183.7791741472
5.0,3.0,3880,13000,2.0,0,0,3,0,42,1,11,1182030.1090909091
2.0,1.75,1590,5136,1.5,0,3,3,270,87,1,3,570223.1185050136
5.0,2.0,3530,9385,1.5,0,0,3,0,89,1,12,583475.1987418453
3.0,2.5,1610,4611,2.0,0,0,3,0,18,0,18,589927.1679389313
4.0,2.5,3280,209088,2.0,0,0,3,0,20,0,20,662070.8855421686
3.0,1.75,1860,15681,1.0,0,0,4,0,43,0,43,298547.1904761905
3.0,1.75,1840,5000,1.0,0,0,4,920,104,0,104,570223.1185050136
3.0,2.5,2120,7201,2.0,0,0,3,0,11,0,11,583475.1987418453
4.0,2.5,2270,9247,1.0,0,0,5,770,42,0,42,847974.924611399
3.0,2.5,2840,48716,1.0,0,3,3,970,20,0,20,549237.5
4.0,1.5,1220,9600,1.0,0,0,3,0,34,0,34,524471.4375
4.0,2.5,2310,4079,2.0,0,0,3,0,6,0,6,574543.2427470535
3.0,1.75,1840,7300,1.0,0,0,3,0,48,1,51,290510.51923076925
3.0,2.5,950,1110,2.0,0,0,3,0,11,0,11,576183.7791741472
4.0,2.25,3070,8400,2.0,0,0,4,0,44,0,44,655071.1991869919
3.0,2.0,1730,38884,1.0,0,0,3,0,17,0,17,339556.4805970149
2.0,1.0,920,8341,1.0,0,0,3,0,75,1,45,570223.1185050136
3.0,2.75,3200,6699,2.0,0,0,3,0,10,1,11,712166.302173913
4.0,2.75,3010,15992,2.0,0,0,3,0,18,0,18,712166.302173913
3.0,2.25,1600,10240,1.0,0,0,3,510,35,1,0,655071.1991869919
4.0,2.5,2840,11044,2.0,0,0,3,0,13,0,13,661873.9341085271
3.0,2.5,2430,10500,2.0,0,1,3,0,25,0,25,847974.924611399
3.0,1.75,1750,11461,2.0,0,0,4,0,38,1,22,297123.8925619835
3.0,2.25,1240,949,3.0,0,0,3,0,6,0,6,576183.7791741472
3.0,3.25,1530,1612,3.0,0,0,3,0,8,0,8,573185.0026954178
3.0,3.5,3390,10078,2.0,0,0,3,350,2,1,102,673746.1363636364
3.0,2.5,2320,6775,1.0,0,0,3,0,6,0,6,664018.5575757576
4.0,2.5,2650,6884,2.0,0,0,3,0,2,1,102,664524.1592356688
3.0,2.5,2238,7209,2.0,0,0,3,0,3,0,3,302406.8613861386
4.0,2.5,2620,7553,2.0,0,0,3,0,18,0,18,704362.1153846154
3.0,2.75,1910,7280,1.0,0,0,3,750,35,1,0,661873.9341085271
4.0,2.5,3040,6587,2.0,0,0,3,0,11,0,11,664018.5575757576
7.0,3.5,4640,15235,2.0,0,1,3,1780,49,1,11,1182030.1090909091
3.0,1.0,1500,4000,1.0,0,0,3,600,89,1,12,583475.1987418453
1.0,0.75,380,15000,1.0,0,0,3,0,51,1,6,378731.27777777775
4.0,3.5,2970,14486,2.0,0,0,3,630,17,0,17,1182030.1090909091
4.0,3.25,3030,9273,2.0,0,0,5,0,26,0,26,602238.7424242424
4.0,2.5,1890,12236,1.0,0,0,3,660,36,0,36,400620.86486486485
2.0,1.0,1040,3600,1.0,0,0,4,0,95,1,34,583475.1987418453
4.0,2.5,2090,10306,2.0,0,0,3,0,28,0,28,692567.8918918918
2.0,2.0,1680,5756,2.0,0,0,4,0,104,0,104,289521.22794117645
2.0,2.5,2770,7781,2.0,0,0,3,0,8,0,8,667110.3374233128
2.0,1.0,1020,5130,1.0,0,0,4,0,66,0,66,306983.0317460318
3.0,2.25,1470,4653,2.0,0,0,4,0,29,0,29,611394.2276422764
3.0,2.0,1430,3480,1.0,0,0,3,450,67,1,2,583475.1987418453
4.0,1.75,2050,10920,1.0,0,3,3,600,40,0,40,466114.81481481483
4.0,1.0,2080,5500,1.0,0,0,3,1040,73,1,20,576183.7791741472
3.0,2.25,2870,8170,2.0,0,0,3,620,19,0,19,573185.0026954178
4.0,3.25,3940,27591,2.0,0,3,3,500,14,0,14,371872.2878787879
3.0,1.5,1520,4288,1.0,0,0,3,500,65,1,16,583475.1987418453
3.0,1.5,1700,14133,1.0,0,1,4,0,60,1,35,881585.4168316831
3.0,2.25,1940,11612,1.0,0,0,4,840,33,0,33,583475.1987418453
4.0,2.25,2870,5453,2.0,0,1,4,650,88,1,21,576183.7791741472
3.0,3.25,3240,8338,2.0,0,0,3,0,13,0,13,707300.656504065
3.0,1.0,1150,7156,1.0,0,0,4,0,61,1,31,372098.1818181818
3.0,1.5,1440,28516,1.0,0,0,4,0,39,0,39,701918.4194214876
5.0,2.5,2200,4080,1.5,0,0,5,780,98,0,98,573185.0026954178
3.0,2.0,1470,8089,1.0,0,0,3,0,27,1,14,307819.2631578947
2.0,1.75,1760,4400,1.0,0,0,4,880,84,0,84,573185.0026954178
3.0,1.75,1780,8085,1.0,0,0,3,570,38,0,38,469170.3125
4.0,2.25,2450,21000,1.0,0,2,4,800,60,1,35,372098.1818181818
3.0,3.5,1890,1710,2.0,0,0,3,250,15,0,15,574543.2427470535
3.0,2.5,2540,5612,2.0,0,0,3,0,15,0,15,377807.7863636364
4.0,1.0,1360,6000,1.5,0,0,3,0,97,1,5,570223.1185050136
2.0,2.0,1310,2841,2.0,0,0,3,0,10,1,11,351942.0882352941
3.0,2.0,1510,7884,1.0,0,0,3,0,72,1,0,359824.2021276596
3.0,1.5,1860,60960,1.0,0,0,4,720,47,0,47,315737.9310344828
4.0,2.0,2200,7700,1.0,0,0,3,1100,35,1,0,370580.66352040815
4.0,2.5,3360,11548,2.0,0,0,3,0,26,1,14,661873.9341085271
3.0,2.75,2470,10125,2.0,0,0,3,0,54,1,2,1182030.1090909091
2.0,1.0,1260,3960,1.0,0,0,3,570,89,1,12,570223.1185050136
3.0,1.0,1430,10005,1.5,0,0,4,0,64,1,31,570223.1185050136
3.0,2.25,1230,7420,1.5,0,0,5,0,101,0,101,297123.8925619835
4.0,2.5,2320,11717,2.0,0,0,3,0,17,0,17,421049.06666666665
4.0,2.5,3290,6628,2.0,0,0,3,0,11,0,11,692567.8918918918
4.0,2.5,2550,4770,2.0,0,0,3,0,9,0,9,345402.7394736842
3.0,2.5,1870,5013,2.0,0,0,3,0,11,0,11,469170.3125
5.0,3.0,3110,12429,1.0,0,0,3,1320,37,1,10,487024.75
3.0,2.5,1820,8085,2.0,0,0,3,0,31,1,5,370580.66352040815
3.0,3.25,3050,18892,1.0,1,4,4,1400,52,0,52,295841.6666666667
4.0,2.0,1890,6302,2.0,0,0,3,0,17,0,17,302187.765625
1.0,1.0,800,16306,1.0,0,0,2,120,83,0,83,576183.7791741472
6.0,4.25,6900,244716,2.0,0,0,4,2080,12,0,12,632047.53125
4.0,1.75,2670,189486,2.0,0,4,3,0,42,1,12,306983.0317460318
5.0,2.75,3260,11700,1.0,0,0,3,1630,50,1,14,859215.5687192117
2.0,1.0,860,6600,1.0,0,0,5,0,65,0,65,372098.1818181818
5.0,4.0,3366,7800,2.5,0,2,3,400,77,1,15,570223.1185050136
5.0,3.25,3840,4800,3.0,0,3,3,1090,6,0,6,574543.2427470535
4.0,4.5,3850,13551,2.0,0,2,3,850,16,1,8,881585.4168316831
4.0,2.5,2040,8265,2.0,0,0,3,0,18,0,18,570223.1185050136
3.0,2.25,1790,10209,1.0,0,0,3,500,47,1,3,632047.53125
4.0,3.0,3740,30884,2.0,0,0,3,680,26,1,14,632047.53125
3.0,3.25,2660,4000,2.0,0,0,3,490,11,0,11,573185.0026954178
3.0,2.25,3230,17833,2.0,0,0,4,0,41,0,41,859295.1570351758
4.0,2.0,3140,10437,1.0,0,0,4,1100,55,0,55,1223622.0
6.0,4.5,5480,10800,2.0,0,3,4,1050,15,0,15,570223.1185050136
3.0,1.0,1160,3750,1.5,0,0,3,0,104,1,8,574543.2427470535
3.0,2.25,1860,11227,2.0,0,0,3,0,19,0,19,341878.1945205479
4.0,3.0,1630,7626,1.0,0,0,5,520,24,0,24,570223.1185050136
3.0,2.25,1750,1879,3.0,0,0,3,0,13,0,13,573185.0026954178
3.0,1.0,1300,8160,1.0,0,0,4,0,54,1,13,370580.66352040815
3.0,1.0,960,7314,1.0,0,0,5,0,54,0,54,306983.0317460318
3.0,2.5,1850,7777,2.0,0,0,5,0,25,0,25,654481.2884615385
4.0,2.75,3260,4900,2.0,0,0,3,0,1,1,91,377807.7863636364
4.0,2.25,2420,7927,1.0,0,0,4,1020,41,0,41,428665.7159090909
3.0,1.0,1460,10000,1.5,0,0,3,0,12,0,12,707300.656504065
4.0,3.0,2240,8504,2.0,0,0,3,0,22,0,22,428665.7159090909
2.0,1.0,1240,27042,1.0,0,1,3,240,71,1,12,488882.5
3.0,2.25,2060,9552,1.0,0,0,4,450,39,0,39,1223622.0
5.0,2.75,2280,10319,1.0,0,0,3,980,55,1,25,402504.4879518072
4.0,2.5,2510,6853,2.0,0,2,3,0,8,0,8,339556.4805970149
4.0,2.75,3150,7035,2.0,0,0,3,0,10,1,11,692567.8918918918
5.0,2.25,2780,10192,2.0,0,0,4,0,36,1,14,881585.4168316831
6.0,1.75,2380,4080,2.0,0,0,3,0,97,1,5,574543.2427470535
3.0,2.25,2140,3000,2.0,0,0,3,0,109,1,8,573185.0026954178
2.0,1.0,840,4239,1.0,0,0,3,0,66,1,20,574543.2427470535
4.0,2.25,2170,9665,1.0,0,0,4,870,38,1,22,854623.3027093596
4.0,3.5,4410,36200,2.0,0,0,3,0,25,0,25,881585.4168316831
4.0,2.0,2120,11479,1.0,0,0,4,1060,74,1,13,570223.1185050136
7.0,5.5,6630,13782,2.0,0,0,3,1700,10,1,11,859295.1570351758
3.0,2.75,3290,22649,2.0,0,0,4,0,21,0,21,673746.1363636364
5.0,2.25,2290,7420,1.0,0,0,3,1000,41,1,1,377807.7863636364
3.0,3.0,4910,43560,2.0,0,0,4,910,25,0,25,847974.924611399
4.0,2.75,3730,8014,2.0,0,0,3,0,2,1,102,692567.8918918918
3.0,2.5,2440,4800,2.0,0,0,3,0,0,0,0,576183.7791741472
3.0,2.5,2570,4600,2.0,0,0,3,0,0,0,0,294280.725
4.0,2.5,2970,4400,2.0,0,0,3,0,0,0,0,664524.1592356688
5.0,3.0,2630,3149,2.0,0,0,3,960,1,1,91,371872.2878787879
3.0,3.25,1530,1565,2.0,0,0,3,250,9,0,9,576183.7791741472
3.0,3.5,3690,8837,2.0,0,0,3,0,13,0,13,561804.3541666666
2.0,1.0,1230,1820,2.0,0,0,4,400,66,0,66,583475.1987418453
3.0,2.5,2200,20000,1.0,0,1,3,800,62,1,6,881585.4168316831
4.0,2.25,2330,8994,2.0,0,0,3,0,28,0,28,664018.5575757576
4.0,2.0,2160,6300,1.5,0,1,4,0,86,0,86,574543.2427470535
4.0,1.5,1550,9176,1.0,0,0,3,550,58,1,13,847974.924611399
4.0,1.75,1780,2788,1.0,0,0,4,890,71,0,71,574543.2427470535
3.0,1.75,2610,5544,1.5,0,0,3,930,80,1,36,573185.0026954178
3.0,2.5,3290,6830,2.0,0,0,3,0,14,0,14,662070.8855421686
2.0,1.75,1330,6000,1.0,0,0,4,370,100,1,69,583475.1987418453
4.0,3.5,3530,14406,2.0,0,1,3,960,27,1,14,655071.1991869919
4.0,2.5,2090,6023,2.0,0,0,3,0,24,1,5,602238.7424242424
4.0,2.5,2040,8400,1.0,0,0,3,620,51,1,6,847974.924611399
4.0,2.5,2370,10083,2.0,0,0,5,0,48,0,48,675464.6038732395
4.0,2.5,2810,10613,2.0,0,0,3,0,25,0,25,881585.4168316831
3.0,2.5,2050,40003,1.0,0,0,4,480,37,0,37,589927.1679389313
3.0,1.75,2870,5000,1.5,0,0,4,1030,107,0,107,574543.2427470535
4.0,2.5,2130,7300,1.0,0,0,4,900,51,0,51,854623.3027093596
4.0,2.5,2580,6260,2.0,0,0,3,0,10,1,11,376968.54547619045
4.0,2.5,2380,13550,2.0,0,0,3,0,15,0,15,256392.83333333334
4.0,2.0,1940,25600,1.0,0,0,1,0,52,0,52,859295.1570351758
2.0,2.0,1610,17600,2.0,0,0,3,0,84,1,31,352033.1
3.0,2.5,2060,5750,1.0,0,0,3,730,38,0,38,573185.0026954178
2.0,1.0,1010,3000,1.0,0,0,4,0,89,1,46,400620.86486486485
4.0,2.5,2810,11120,2.0,0,0,3,0,32,0,32,707300.656504065
3.0,2.25,2380,11824,1.0,0,0,4,930,42,0,42,1182030.1090909091
2.0,1.0,1060,7200,1.0,0,0,4,0,63,1,15,433780.94444444444
3.0,1.75,1560,7207,1.0,0,0,3,310,31,1,5,675464.6038732395
2.0,1.75,1500,8645,1.0,0,0,4,0,51,0,51,315737.9310344828
2.0,1.0,970,4560,1.0,0,0,4,0,107,0,107,583475.1987418453
3.0,1.0,1170,11100,1.0,0,0,4,0,46,0,46,376968.54547619045
3.0,2.5,2280,7417,2.0,0,0,3,0,16,1,8,294280.725
7.0,3.0,2800,9569,1.0,0,2,3,1400,51,1,6,379453.5624401914
4.0,1.5,1150,9360,1.5,0,0,3,0,44,1,0,675464.6038732395
6.0,3.0,2180,7956,2.0,0,0,3,0,34,0,34,298547.1904761905
4.0,2.5,2520,7253,2.0,0,0,3,0,24,1,5,376968.54547619045
3.0,1.75,1760,7482,1.0,0,0,4,0,48,0,48,290510.51923076925
2.0,1.0,1180,6552,1.0,0,0,4,0,65,1,29,420507.6153846154
2.0,1.5,950,4625,1.0,0,0,4,0,65,1,29,576183.7791741472
3.0,2.5,1900,3255,2.0,0,0,3,0,26,1,14,854623.3027093596
4.0,2.5,2300,6158,2.0,0,0,3,0,15,0,15,573185.0026954178
6.0,2.75,2660,8400,1.0,0,0,5,1110,52,0,52,859295.1570351758
3.0,1.0,1530,389126,1.5,0,0,4,0,95,1,29,327370.0
4.0,2.5,1850,5040,1.0,0,0,3,620,84,1,1,570223.1185050136
4.0,3.5,4230,20377,2.0,0,0,3,0,17,0,17,859215.5687192117
3.0,2.0,1200,5029,1.0,0,0,3,320,77,1,15,574543.2427470535
4.0,2.25,2270,5102,1.0,0,0,5,930,60,0,60,576183.7791741472
3.0,1.5,1090,9600,1.0,0,0,4,0,46,0,46,331482.7586206897
3.0,2.75,1100,750,2.0,0,0,3,320,6,0,6,573185.0026954178
3.0,2.5,1640,1269,3.0,0,0,3,0,5,0,5,576183.7791741472
3.0,3.75,1950,8625,1.0,0,0,3,590,55,1,25,576183.7791741472
3.0,1.75,1660,10150,1.5,0,0,3,0,57,1,14,423979.98295454547
3.0,1.0,880,9238,1.5,0,0,5,0,68,0,68,428665.7159090909
3.0,2.5,1500,1375,2.0,0,0,3,300,0,0,0,573185.0026954178
3.0,2.0,1890,1599,2.0,0,0,3,460,2,1,102,570223.1185050136
3.0,1.0,1150,5100,2.0,0,0,3,0,103,1,9,573185.0026954178
3.0,2.5,2430,15264,2.0,0,0,3,0,17,0,17,298517.84
4.0,1.75,2110,7208,1.0,0,0,3,940,39,0,39,377807.7863636364
3.0,2.0,2950,12196,2.0,0,0,4,640,96,1,40,372098.1818181818
3.0,2.25,1650,2958,2.0,0,0,3,0,29,0,29,302187.765625
3.0,2.25,2110,11319,2.0,0,0,4,0,36,1,14,607079.2441860465
4.0,2.25,2010,19000,2.0,0,0,4,0,39,0,39,315737.9310344828
4.0,2.5,3030,29163,2.0,0,0,3,0,16,1,8,667110.3374233128
3.0,1.0,1270,8400,1.0,0,0,3,0,59,1,9,489242.0238095238
3.0,1.75,1610,8613,1.0,0,0,5,0,52,0,52,661873.9341085271
3.0,1.0,1140,4200,2.0,0,0,4,0,110,0,110,573185.0026954178
3.0,2.5,2110,4118,2.0,0,0,3,0,25,0,25,301453.96774193546
3.0,1.75,1840,8086,1.0,0,0,4,0,50,0,50,667110.3374233128
3.0,1.75,1560,5223,1.0,0,0,4,750,74,1,13,573185.0026954178
3.0,1.75,1840,7412,1.0,0,0,4,600,38,1,22,298517.84
4.0,2.5,1830,7345,1.0,0,0,4,290,41,0,41,433780.94444444444
4.0,1.75,2120,7420,1.0,0,0,4,1060,58,0,58,881585.4168316831
3.0,1.75,1600,10280,1.0,0,0,3,550,37,1,10,661873.9341085271
4.0,1.75,1450,8891,1.5,0,0,3,270,52,1,11,248463.04347826086
3.0,1.75,1880,12821,1.0,0,0,3,0,55,1,25,478061.90476190473
3.0,1.75,1270,8100,1.0,0,0,3,390,64,1,9,372098.1818181818
4.0,1.5,1720,6417,1.0,0,0,3,0,61,0,61,570223.1185050136
4.0,2.5,2400,7351,2.0,0,0,3,0,24,1,5,611394.2276422764
3.0,1.0,1150,8145,1.0,0,0,4,160,82,1,56,402504.4879518072
2.0,1.0,870,11100,1.0,0,0,3,0,74,1,18,583475.1987418453
4.0,2.5,2000,37045,2.0,0,0,3,0,25,0,25,306368.0406504065
3.0,2.0,2420,38781,1.0,0,0,5,1210,65,0,65,611394.2276422764
3.0,1.0,1080,6000,1.0,0,0,4,0,62,0,62,423979.98295454547
4.0,2.5,3420,30410,2.0,0,0,3,0,26,1,14,602057.1753246753
4.0,2.5,1870,7471,2.0,0,0,3,0,24,1,5,377807.7863636364
4.0,2.5,2500,206474,1.0,0,0,3,0,17,0,17,664524.1592356688
3.0,2.5,2150,8221,2.0,0,0,3,0,22,0,22,371872.2878787879
3.0,2.25,1470,2500,2.0,0,0,3,390,30,0,30,574543.2427470535
5.0,2.0,2130,4180,1.5,0,0,5,860,88,0,88,583475.1987418453
3.0,1.0,1000,19204,1.0,0,0,3,0,46,1,4,298517.84
3.0,1.75,2390,7149,1.0,0,0,3,1040,59,1,9,583475.1987418453
2.0,1.0,860,2599,1.0,0,0,4,0,113,0,113,583475.1987418453
3.0,2.5,1960,12476,2.0,0,0,4,0,25,0,25,674250.625
4.0,2.5,2000,6107,2.0,0,0,3,0,11,0,11,487024.75
3.0,1.0,1620,9450,1.5,0,0,3,0,86,1,60,576183.7791741472
6.0,2.5,2890,8122,1.0,0,0,3,1260,37,1,10,854623.3027093596
3.0,1.75,1300,12731,1.0,0,0,3,0,33,1,1,707300.656504065
2.0,1.0,1080,3500,1.0,0,3,3,0,90,1,3,576183.7791741472
4.0,2.5,2170,8518,1.0,0,3,3,820,59,1,9,570223.1185050136
3.0,2.5,2260,10153,2.0,0,0,3,0,27,1,14,701918.4194214876
3.0,1.75,1580,8820,1.0,0,0,4,0,47,0,47,298547.1904761905
4.0,2.5,2620,4469,2.0,0,0,3,0,6,0,6,315737.9310344828
4.0,2.5,1540,1860,2.0,0,0,3,0,0,0,0,609064.7603305785
4.0,2.5,4570,74487,2.0,0,4,5,0,66,1,29,570223.1185050136
4.0,3.25,3440,7661,2.0,0,0,3,0,8,0,8,611394.2276422764
5.0,2.5,1740,8750,1.0,0,0,4,0,55,0,55,307819.2631578947
4.0,1.75,2160,4333,1.0,0,0,4,900,72,1,32,583475.1987418453
3.0,1.0,1480,6978,2.0,0,0,4,0,65,1,29,989675.0
2.0,1.75,2260,280962,2.0,0,2,3,370,9,0,9,560478.0714285715
4.0,3.5,3910,59863,2.0,0,0,4,1420,27,0,27,609064.7603305785
4.0,1.75,1700,20283,1.5,0,0,3,360,49,1,21,413841.8
5.0,2.5,4470,35124,2.5,0,0,3,0,30,0,30,612917.84375
3.0,1.75,1800,6000,1.0,0,0,5,900,109,0,109,583475.1987418453
3.0,3.25,1630,1677,3.0,0,0,3,0,7,0,7,583475.1987418453
3.0,1.0,1030,9834,1.0,0,0,3,0,45,1,4,610245.4411764706
1.0,1.0,720,5100,1.0,0,0,3,0,107,1,31,570223.1185050136
4.0,1.5,1890,43560,1.0,0,0,4,0,40,0,40,289521.22794117645
4.0,2.5,1840,5550,2.0,0,0,3,0,10,1,11,297151.21774193546
4.0,2.5,2540,8400,2.0,0,0,5,0,37,0,37,298517.84
4.0,3.75,3520,3944,1.5,0,0,5,1320,101,0,101,570223.1185050136
4.0,2.5,3220,7875,1.5,0,0,4,0,48,0,48,859295.1570351758
3.0,2.0,1820,5000,1.5,0,0,4,100,73,1,16,573185.0026954178
3.0,1.75,1230,9600,1.0,0,0,4,0,30,0,30,271876.92307692306
3.0,2.0,1340,8505,1.0,0,0,3,0,83,0,83,249552.22727272726
3.0,1.0,1200,13100,1.0,0,0,3,0,71,1,12,352033.1
3.0,1.75,1390,18200,1.0,0,0,4,0,52,0,52,298547.1904761905
4.0,2.0,1730,3884,1.0,0,0,5,670,90,1,58,570223.1185050136
3.0,2.25,1580,39189,1.0,0,0,3,400,22,0,22,664018.5575757576
4.0,3.0,3520,4895,1.0,0,0,3,1540,60,1,9,574543.2427470535
4.0,2.5,2650,30500,1.0,0,0,4,970,54,1,13,609064.7603305785
3.0,1.75,1310,12750,1.0,0,0,3,0,21,0,21,377807.7863636364
4.0,2.5,2300,7989,2.0,0,0,3,0,24,1,5,704425.8029661017
3.0,2.25,1780,7280,1.0,0,2,3,440,42,1,12,665473.701171875
3.0,3.25,1980,2850,3.0,0,0,3,0,27,1,14,576183.7791741472
2.0,1.5,1300,1676,1.0,0,2,3,0,71,1,12,573185.0026954178
5.0,3.5,3500,10155,2.0,0,0,3,930,18,0,18,859215.5687192117
3.0,1.0,1830,8004,1.0,0,0,3,630,54,1,2,570223.1185050136
3.0,2.25,1520,1245,3.0,0,0,3,0,10,1,11,574543.2427470535
4.0,2.75,2700,37011,2.0,0,0,3,0,30,0,30,297151.21774193546
3.0,2.75,2810,18731,2.0,1,4,4,0,40,0,40,659713.198757764
3.0,2.5,1660,6263,2.0,0,0,3,0,11,0,11,302187.765625
3.0,2.0,1310,6738,1.0,0,0,4,0,24,0,24,306341.6666666667
4.0,3.5,2960,6000,2.0,0,0,3,0,0,0,0,533938.304347826
3.0,2.5,2242,4995,2.0,0,0,3,0,3,0,3,306983.0317460318
3.0,2.5,2540,4775,2.0,0,0,3,0,8,0,8,297151.21774193546
3.0,1.5,1420,1192,2.0,0,0,3,280,6,0,6,576183.7791741472
3.0,1.5,1270,2356,2.0,0,0,3,0,2,1,102,573185.0026954178
3.0,2.25,1300,907,2.0,0,0,3,300,8,0,8,576183.7791741472
5.0,3.0,3190,7081,1.0,0,2,3,1300,1,1,91,574543.2427470535
5.0,3.25,2910,5027,2.0,0,0,3,870,1,1,91,576183.7791741472
3.0,2.25,1630,3817,2.0,0,0,3,0,9,0,9,589927.1679389313
5.0,3.0,2300,8214,2.0,0,0,3,0,1,1,91,302406.8613861386
3.0,2.5,3310,5300,2.0,0,2,3,870,6,0,6,574543.2427470535
2.0,1.5,940,1768,2.0,0,0,3,0,5,0,5,583475.1987418453
2.0,0.75,1020,1350,2.0,0,0,3,0,5,0,5,570223.1185050136
3.0,1.75,1520,6380,1.0,0,0,3,730,66,1,20,576183.7791741472
4.0,1.75,2330,5000,1.5,0,0,4,820,85,0,85,573185.0026954178
3.0,1.5,1010,9600,1.0,0,0,4,0,52,0,52,311057.8333333333
3.0,1.75,1070,8000,1.0,0,0,3,0,37,1,10,662070.8855421686
3.0,2.5,3170,12750,2.0,0,0,3,810,19,0,19,294129.8971962617
4.0,2.5,3030,3841,3.0,0,0,3,0,9,0,9,573185.0026954178
3.0,2.5,2270,100545,2.0,0,0,3,0,16,1,8,476616.0
4.0,2.5,2341,9594,2.0,0,0,3,0,17,0,17,667110.3374233128
3.0,3.5,2130,6150,2.0,0,2,5,600,106,0,106,573185.0026954178
3.0,1.75,2300,35722,1.0,0,0,3,0,30,0,30,632047.53125
3.0,1.0,1660,11783,1.0,0,0,4,500,36,1,14,632047.53125
4.0,2.75,2610,8760,1.0,0,0,4,850,36,1,14,1099543.2580645161
3.0,1.0,2150,7007,1.0,0,0,3,0,60,1,9,420507.6153846154
3.0,2.5,2410,64073,1.0,0,0,4,590,38,1,22,632047.53125
2.0,1.5,1580,3680,1.0,0,2,3,300,73,1,20,583475.1987418453
3.0,2.5,1740,30886,2.0,0,0,3,0,22,0,22,421049.06666666665
2.0,1.0,1270,5000,1.0,0,0,3,180,65,1,16,573185.0026954178
2.0,2.25,2550,6000,2.0,0,0,5,690,112,0,112,583475.1987418453
3.0,2.25,1860,15559,2.0,0,0,4,0,51,0,51,312833.3333333333
4.0,1.75,2700,27072,1.0,0,0,3,1320,56,1,10,294129.8971962617
3.0,1.5,1460,8710,1.0,0,0,3,0,59,1,9,372098.1818181818
3.0,1.75,1330,13102,1.0,0,0,3,0,46,1,17,291133.71153846156
3.0,2.5,2070,4132,2.0,0,0,3,0,15,0,15,704425.8029661017
3.0,1.5,1360,10726,1.0,0,0,4,0,48,0,48,370580.66352040815
4.0,2.5,2650,18295,2.0,0,0,3,0,28,0,28,859295.1570351758
4.0,3.0,3580,35261,1.5,0,0,3,0,29,0,29,607079.2441860465
2.0,1.0,2034,13392,1.0,1,4,5,875,67,0,67,483484.7826086957
3.0,2.0,1230,11413,1.0,0,0,3,240,30,0,30,701918.4194214876
4.0,2.5,2450,55387,2.0,0,0,3,0,20,0,20,667110.3374233128
6.0,2.75,2840,8346,1.0,0,0,5,1420,53,0,53,574543.2427470535
4.0,3.75,3820,53574,1.0,0,0,3,0,20,0,20,607079.2441860465
3.0,2.5,2740,5925,2.0,0,2,3,0,101,1,22,573185.0026954178
4.0,2.5,2090,5289,2.0,0,0,3,0,25,0,25,371872.2878787879
5.0,4.75,6390,13180,2.0,0,0,3,1830,74,1,18,576183.7791741472
4.0,2.0,2470,5080,1.5,0,0,3,500,66,1,26,570223.1185050136
3.0,1.75,1720,4080,1.0,0,0,4,760,90,0,90,570223.1185050136
4.0,3.25,3090,9571,2.0,0,0,3,720,10,1,11,664018.5575757576
4.0,1.75,2320,3825,1.5,0,0,5,500,88,0,88,573185.0026954178
4.0,1.75,1740,7700,1.0,0,0,5,0,46,0,46,859215.5687192117
4.0,2.5,2950,4502,2.0,0,0,3,0,9,0,9,370580.66352040815
0.0,0.0,4810,28008,2.0,0,0,3,0,24,1,5,667110.3374233128
3.0,2.5,1500,5412,1.0,0,0,5,600,94,0,94,576183.7791741472
3.0,1.5,1810,100188,1.0,0,0,5,0,45,0,45,312833.3333333333
3.0,1.0,1100,4128,1.0,0,0,4,380,72,1,32,573185.0026954178
3.0,1.0,1490,7435,1.0,0,0,3,370,45,1,4,335615.4146341463
2.0,1.5,1200,1259,2.0,0,0,3,200,1,1,91,583475.1987418453
4.0,2.5,1890,8505,1.0,0,0,3,600,34,0,34,662070.8855421686
3.0,1.75,2200,9840,1.0,0,0,5,700,36,0,36,854623.3027093596
4.0,2.5,2510,7992,1.0,0,0,3,900,36,0,36,298517.84
3.0,2.25,1420,1309,3.0,0,0,3,0,8,0,8,583475.1987418453
3.0,1.75,2000,9900,1.0,0,2,4,520,57,1,13,583115.9090909091
2.0,2.0,1460,9052,1.0,0,2,5,0,114,0,114,675464.6038732395
4.0,2.5,3220,22588,2.0,0,0,3,0,18,0,18,602057.1753246753
4.0,2.0,1310,8454,1.0,0,0,4,0,61,1,31,433780.94444444444
2.0,1.0,690,5280,1.0,0,0,4,0,72,1,32,371872.2878787879
3.0,1.75,1150,10466,1.0,0,0,5,0,55,0,55,881585.4168316831
3.0,1.0,1480,7284,1.0,0,0,3,510,51,1,6,402504.4879518072
4.0,1.75,1850,6000,1.0,0,0,4,580,70,0,70,576183.7791741472
3.0,2.5,1930,4500,2.0,0,0,3,0,24,1,5,611394.2276422764
2.0,1.0,750,5120,1.0,0,0,4,0,73,1,16,574543.2427470535
3.0,2.25,1430,2003,2.0,0,0,3,450,18,0,18,583475.1987418453
3.0,1.75,1840,11440,1.0,0,0,4,500,37,0,37,379453.5624401914
3.0,2.0,1300,14350,1.0,0,0,3,0,59,1,1,854623.3027093596
3.0,1.0,1050,7577,1.0,0,0,3,0,31,1,5,298547.1904761905
4.0,2.25,2210,9371,2.0,0,0,4,0,46,0,46,301453.96774193546
4.0,2.5,3220,15600,1.0,0,0,5,1540,41,0,41,847974.924611399
4.0,2.5,4620,20793,2.0,0,0,4,0,23,0,23,291133.71153846156
4.0,1.75,1760,6204,1.0,0,2,4,580,64,1,31,576183.7791741472
3.0,1.0,850,6906,1.0,0,0,3,0,66,1,20,402504.4879518072
4.0,3.25,4690,14930,2.0,0,2,3,1010,19,0,19,461754.1666666667
4.0,3.5,3920,37122,2.0,0,0,3,0,18,0,18,659713.198757764
3.0,2.5,2140,3821,2.0,0,0,3,0,9,0,9,611394.2276422764
2.0,2.0,1180,9265,1.0,0,0,3,0,74,1,18,570223.1185050136
5.0,2.5,2360,11375,1.0,0,0,4,1180,52,0,52,570223.1185050136
3.0,2.25,3060,9950,1.5,0,2,4,1250,84,0,84,574543.2427470535
3.0,2.25,1670,7881,1.0,0,0,4,480,37,0,37,298517.84
3.0,1.5,1820,5756,1.5,0,0,3,180,68,0,68,576183.7791741472
3.0,2.5,1970,9607,2.0,0,0,3,880,26,1,14,294280.725
2.0,2.25,930,747,2.0,0,0,3,300,7,0,7,574543.2427470535
3.0,3.5,2300,5611,1.0,0,0,3,0,10,1,11,664524.1592356688
3.0,2.5,2590,18980,1.0,0,0,4,0,38,1,22,298517.84
4.0,1.75,1450,8450,1.0,0,0,3,0,54,1,2,611821.4210526316
4.0,1.75,1540,5120,1.0,0,0,5,770,71,0,71,574543.2427470535
5.0,2.75,2730,22572,1.0,0,0,3,650,46,1,22,692567.8918918918
3.0,1.0,880,18205,1.0,0,0,4,0,69,0,69,573185.0026954178
4.0,2.5,3190,8195,2.0,0,0,3,0,8,0,8,351942.0882352941
3.0,1.5,1330,7600,1.0,0,0,4,0,46,0,46,298547.1904761905
3.0,1.75,1500,7200,1.0,0,0,3,0,57,1,14,420507.6153846154
2.0,1.0,740,7680,1.0,0,0,4,0,92,0,92,574543.2427470535
4.0,3.0,2560,5606,2.0,0,0,3,0,10,1,11,308362.248
3.0,2.0,2540,4750,1.5,0,0,5,700,84,0,84,576183.7791741472
3.0,2.5,3200,203425,1.0,0,0,3,0,14,0,14,607079.2441860465
4.0,3.0,3330,4000,1.0,0,0,3,1540,56,1,10,583475.1987418453
2.0,1.0,900,5220,1.0,0,0,4,0,58,0,58,570223.1185050136
4.0,1.5,1600,6180,1.5,0,0,3,0,68,0,68,583475.1987418453
2.0,1.0,970,5500,1.0,0,0,3,0,58,1,13,583475.1987418453
2.0,1.0,1130,2640,1.0,0,0,4,0,87,0,87,583475.1987418453
2.0,1.0,650,5400,1.0,0,0,3,0,64,1,9,576183.7791741472
3.0,2.25,2400,5000,1.5,0,0,4,960,88,1,21,574543.2427470535
3.0,2.5,2280,6031,2.0,0,0,3,0,3,0,3,413841.8
4.0,2.25,3550,13900,1.0,0,0,3,1720,4,0,4,847974.924611399
4.0,2.5,2050,2772,2.0,0,0,3,0,2,1,102,589927.1679389313
2.0,1.5,830,1119,2.0,0,0,3,0,9,0,9,583475.1987418453
4.0,2.5,2440,4850,2.0,0,0,3,0,1,1,91,664018.5575757576
3.0,2.5,1600,1936,2.0,0,0,3,0,7,0,7,570223.1185050136
4.0,3.5,3190,31450,2.0,0,0,3,0,4,0,4,611821.4210526316
4.0,1.0,2550,4000,2.0,0,0,3,180,109,1,4,574543.2427470535
3.0,2.5,2180,7508,1.0,0,0,4,760,52,0,52,428665.7159090909
3.0,2.0,1410,9600,1.0,0,0,4,0,31,0,31,607079.2441860465
3.0,2.0,1410,5760,1.0,0,0,3,0,29,0,29,306368.0406504065
4.0,2.5,2340,8548,2.0,0,0,3,0,21,0,21,298517.84
3.0,1.0,1320,9000,1.0,0,0,3,0,48,1,51,306983.0317460318
4.0,1.75,3990,13470,2.0,0,0,3,0,8,0,8,635820.0
3.0,1.0,1270,7566,1.0,0,0,4,0,56,1,42,377807.7863636364
3.0,4.5,4380,47044,2.0,1,3,3,660,46,1,24,345010.7211538461
4.0,3.25,4250,8570,2.0,0,0,3,0,10,1,11,859295.1570351758
3.0,2.5,1860,8060,2.0,0,0,4,0,27,0,27,589927.1679389313
4.0,3.5,3770,37034,2.0,0,0,3,940,25,0,25,881585.4168316831
4.0,1.0,1530,8890,1.0,0,0,3,550,89,1,12,570223.1185050136
4.0,4.0,3570,8250,2.0,0,0,3,710,1,1,91,1182030.1090909091
2.0,1.0,1740,5719,1.0,0,0,3,0,59,1,9,583475.1987418453
3.0,2.5,1670,8364,1.0,0,0,4,370,24,0,24,306341.6666666667
4.0,2.0,1570,9415,2.0,0,0,4,0,30,0,30,297123.8925619835
2.0,2.5,1590,1845,2.0,0,0,3,0,17,0,17,655071.1991869919
5.0,2.5,2980,5377,2.0,0,0,3,0,8,0,8,659713.198757764
4.0,2.5,2690,4736,2.0,0,0,3,0,13,0,13,667110.3374233128
2.0,1.0,900,2910,1.0,0,0,5,0,90,1,58,583475.1987418453
2.0,0.75,1440,3700,1.0,0,0,3,240,100,1,18,570223.1185050136
4.0,2.5,3000,10392,2.0,0,0,3,0,19,0,19,609064.7603305785
3.0,1.0,1640,18144,1.5,0,0,3,0,72,1,15,574543.2427470535
5.0,3.5,3100,10200,1.0,0,4,3,1440,44,1,0,847974.924611399
4.0,3.5,4000,15253,2.0,0,0,3,0,7,0,7,533938.304347826
4.0,2.0,2020,48693,1.5,0,0,3,0,65,1,16,421049.06666666665
3.0,1.5,1840,5000,1.5,0,0,5,500,99,0,99,573185.0026954178
4.0,2.25,2100,9984,1.0,0,0,4,810,41,0,41,453958.47826086957
4.0,2.25,2460,11250,1.0,0,0,4,0,55,0,55,297123.8925619835
3.0,2.5,2610,7510,2.0,0,0,3,0,18,0,18,664524.1592356688
3.0,2.0,1460,6377,1.0,0,0,3,0,19,0,19,339211.3264705882
3.0,1.0,1050,8498,1.0,0,0,3,0,56,1,10,297151.21774193546
3.0,2.5,1790,8144,2.0,0,0,3,0,25,0,25,707300.656504065
4.0,2.5,2180,3375,1.5,0,0,4,760,88,1,21,574543.2427470535
4.0,2.25,2050,9583,2.0,0,2,3,280,49,1,21,311057.8333333333
5.0,3.0,2790,19439,1.0,0,3,5,1290,41,0,41,377807.7863636364
3.0,2.25,1700,3333,1.5,0,0,3,600,90,1,3,573185.0026954178
3.0,2.5,2380,6832,2.0,0,0,3,0,12,0,12,573991.6862745098
5.0,2.0,2000,4211,1.5,0,2,4,720,106,0,106,574543.2427470535
2.0,1.75,1670,4008,1.0,0,0,3,0,9,0,9,611821.4210526316
3.0,1.5,1190,4750,1.0,0,0,3,220,74,1,18,570223.1185050136
6.0,2.25,3040,28535,1.0,0,0,3,1150,63,1,20,301453.96774193546
2.0,1.0,780,3475,1.0,0,0,4,0,84,0,84,421049.06666666665
3.0,1.5,2330,11740,1.0,0,0,3,1000,60,1,9,472577.77777777775
4.0,2.75,2840,4000,1.5,0,0,5,880,102,0,102,573185.0026954178
4.0,2.5,2490,5170,2.0,0,0,4,0,14,0,14,659713.198757764
2.0,1.0,770,4840,1.0,0,0,4,0,87,0,87,583475.1987418453
3.0,2.75,1850,16960,1.0,0,2,4,0,61,1,31,570223.1185050136
3.0,1.0,1090,3264,1.0,0,0,4,0,45,0,45,308362.248
4.0,2.0,1780,5336,1.5,0,0,5,850,96,0,96,576183.7791741472
1.0,0.75,930,29258,1.0,0,0,3,0,73,1,20,570223.1185050136
4.0,2.5,2770,5686,2.0,0,0,3,0,10,1,11,712166.302173913
3.0,1.0,1250,6180,1.5,0,0,3,0,59,1,9,433780.94444444444
4.0,2.25,1830,6136,2.0,0,0,3,0,24,1,5,301453.96774193546
2.0,1.0,870,5400,1.0,0,0,3,0,64,1,7,574543.2427470535
3.0,1.5,1150,8450,1.0,0,0,4,0,63,1,15,574543.2427470535
5.0,3.25,4500,9648,2.0,0,4,4,1500,46,0,46,573185.0026954178
3.0,1.0,1150,4800,1.5,0,0,4,0,76,0,76,294280.725
4.0,2.25,2000,3672,2.0,0,0,5,350,88,0,88,570223.1185050136
6.0,2.0,1900,8240,1.0,0,0,2,700,50,0,50,573185.0026954178
3.0,1.75,1640,10695,1.0,0,2,3,0,39,0,39,661873.9341085271
3.0,1.5,2680,4775,2.0,0,2,5,800,101,0,101,570223.1185050136
3.0,2.5,2420,7307,2.0,0,0,3,0,16,1,8,561804.3541666666
3.0,1.75,1790,7650,1.0,0,3,3,0,36,0,36,294129.8971962617
4.0,2.5,3920,12415,2.0,0,0,3,0,17,0,17,701918.4194214876
3.0,2.25,1640,8400,1.0,0,0,3,460,46,1,17,301453.96774193546
3.0,1.0,890,8400,1.0,0,0,4,0,60,1,35,376968.54547619045
4.0,2.75,1910,16532,1.0,0,0,4,490,74,1,13,583475.1987418453
5.0,2.25,2140,7910,1.0,0,0,3,1070,52,1,11,881585.4168316831
3.0,1.75,2030,17100,1.0,0,0,4,0,61,1,31,364278.9903846154
4.0,4.5,4225,284011,2.0,0,0,4,0,29,0,29,704425.8029661017
3.0,2.25,2680,9162,1.0,0,0,3,1110,36,0,36,609064.7603305785
4.0,2.5,2030,3974,2.0,0,0,3,0,20,0,20,611821.4210526316
5.0,3.5,5850,22885,2.0,0,2,4,1180,36,1,14,847974.924611399
2.0,1.0,2060,8398,1.0,0,0,3,800,52,1,11,583475.1987418453
2.0,1.0,1060,3036,1.5,0,0,4,0,71,0,71,583475.1987418453
3.0,1.0,1010,8184,1.0,0,0,4,0,67,1,26,428665.7159090909
4.0,2.25,3310,127631,2.0,0,0,5,0,90,1,58,610245.4411764706
4.0,2.5,2000,10051,2.0,0,0,3,0,17,0,17,351942.0882352941
4.0,2.5,3070,8086,2.0,0,0,3,0,9,0,9,676159.8148148148
3.0,2.25,1270,1406,2.0,0,0,3,210,0,0,0,573185.0026954178
4.0,2.75,3110,49765,1.0,0,0,4,0,56,1,42,387666.6666666667
3.0,2.0,2110,18815,2.0,0,0,5,0,35,0,35,707300.656504065
3.0,2.25,1400,11400,2.0,0,0,3,0,30,0,30,451624.14634146343
4.0,2.75,2310,5650,1.0,0,2,3,980,62,1,2,570223.1185050136
5.0,2.5,2700,16570,1.0,0,0,4,950,47,0,47,859215.5687192117
5.0,2.25,2370,15512,2.0,0,0,4,0,33,0,33,847974.924611399
4.0,2.5,2760,6000,2.0,0,0,5,530,72,0,72,583475.1987418453
2.0,1.75,1610,6300,1.0,0,0,3,600,73,1,20,570223.1185050136
3.0,1.75,1230,8250,1.0,0,0,3,0,48,1,51,370580.66352040815
3.0,1.75,1900,11165,1.0,0,0,4,0,55,0,55,881585.4168316831
3.0,1.5,1580,8184,1.0,0,0,3,440,60,1,9,335615.4146341463
3.0,1.5,1940,2885,1.5,0,2,3,0,114,1,9,576183.7791741472
3.0,1.75,1620,6000,1.0,0,0,5,580,67,0,67,574543.2427470535
7.0,2.5,1940,5458,2.0,0,0,3,0,20,0,20,294280.725
3.0,1.0,1230,8750,1.0,0,0,3,0,49,1,21,294129.8971962617
5.0,3.25,3160,5000,2.0,0,2,3,980,9,0,9,574543.2427470535
5.0,2.5,2700,21208,1.0,0,0,4,750,59,1,5,859295.1570351758
4.0,1.5,1880,6200,1.0,0,2,5,440,60,0,60,583475.1987418453
2.0,1.0,890,8100,1.0,0,0,3,0,72,1,15,359824.2021276596
3.0,2.5,1720,3676,2.0,0,0,3,0,22,0,22,298517.84
3.0,2.5,1620,7686,2.0,0,0,3,0,25,0,25,345402.7394736842
2.0,1.0,1380,4390,1.0,0,0,4,500,83,0,83,573185.0026954178
3.0,1.75,1870,9000,1.0,0,0,5,0,56,0,56,576183.7791741472
3.0,1.0,1970,22144,1.0,0,0,4,0,44,0,44,533938.304347826
3.0,1.0,1110,8593,1.0,0,0,3,0,35,1,0,402504.4879518072
3.0,2.0,1190,6833,1.0,0,0,3,0,19,0,19,289521.22794117645
3.0,1.0,1150,11802,1.0,0,0,4,0,82,1,56,583475.1987418453
4.0,2.75,2890,6825,1.0,0,0,3,1330,41,1,1,661873.9341085271
3.0,1.75,1500,13430,1.0,0,0,3,0,37,1,10,632047.53125
4.0,2.5,1950,2617,1.5,0,0,4,700,104,0,104,583475.1987418453
3.0,1.5,1250,7700,1.0,0,0,5,0,46,0,46,673746.1363636364
4.0,2.5,2070,5415,2.0,0,0,3,0,18,0,18,609064.7603305785
4.0,3.5,4660,17398,2.0,0,2,3,0,11,0,11,859295.1570351758
2.0,2.25,1350,1493,2.0,0,0,3,300,7,0,7,576183.7791741472
3.0,2.5,1800,2790,2.0,0,0,3,0,3,0,3,573185.0026954178
3.0,2.25,1481,2820,2.0,0,0,3,0,2,1,102,308362.248
3.0,2.5,1730,3600,2.0,0,0,3,0,0,0,0,576183.7791741472
4.0,2.75,2720,4613,2.0,0,0,3,0,9,0,9,451624.14634146343
3.0,2.5,2320,2267,3.0,0,0,3,0,5,0,5,570223.1185050136
3.0,2.5,1860,3730,2.0,0,0,3,0,2,1,102,405085.29411764705
5.0,2.5,2025,7760,2.0,0,0,3,0,7,0,7,219133.33333333334
3.0,2.5,1400,1312,3.5,0,0,3,0,7,0,7,576183.7791741472
5.0,3.0,2620,5477,2.0,0,0,3,0,5,0,5,574543.2427470535
3.0,1.75,2450,2691,2.0,0,0,3,700,99,0,99,574543.2427470535
3.0,3.5,1590,1102,3.0,0,0,3,0,4,0,4,570223.1185050136
4.0,1.75,2085,174240,1.0,0,0,3,475,50,1,14,692285.7142857143
4.0,3.5,3450,7832,2.0,0,0,3,0,7,0,7,859295.1570351758
3.0,2.25,1780,16290,2.0,0,0,4,0,27,0,27,371872.2878787879
4.0,2.5,3060,7140,2.0,0,0,3,0,8,0,8,589927.1679389313
3.0,2.0,1700,11475,1.0,0,0,5,730,69,0,69,359824.2021276596
4.0,2.0,1330,5926,1.0,0,0,4,0,72,1,32,377807.7863636364
4.0,3.0,3060,5000,2.0,0,0,3,0,13,0,13,315737.9310344828
3.0,1.5,1220,6000,1.0,0,0,3,0,46,1,17,377807.7863636364
4.0,1.5,1600,9289,1.0,0,0,4,0,55,0,55,297123.8925619835
4.0,1.75,1530,17664,1.5,0,0,3,0,46,1,17,370580.66352040815
3.0,2.5,1980,13964,1.0,0,0,5,0,55,0,55,1099543.2580645161
3.0,2.5,1730,8490,1.0,0,0,3,520,45,1,4,665473.701171875
3.0,1.0,1170,6700,1.0,0,0,3,0,57,1,14,583475.1987418453
2.0,1.75,1950,10766,1.0,0,3,4,790,62,0,62,378731.27777777775
3.0,2.0,1470,20000,1.0,0,0,4,0,46,0,46,294280.725
3.0,1.5,1400,8840,1.0,0,0,4,0,62,0,62,573185.0026954178
4.0,3.5,4040,50479,2.0,0,0,3,0,27,1,14,610245.4411764706
6.0,3.0,3110,5000,1.5,0,0,5,1300,93,0,93,583475.1987418453
3.0,1.5,1490,4400,1.5,0,0,4,0,108,1,24,574543.2427470535
4.0,1.5,1770,5750,2.0,0,0,3,0,67,1,2,574543.2427470535
4.0,3.5,3320,19850,1.0,0,2,4,1280,37,0,37,1223622.0
2.0,1.0,950,5316,1.0,0,2,3,0,66,1,20,570223.1185050136
4.0,2.5,2430,5499,2.0,0,0,3,0,12,0,12,331482.7586206897
4.0,2.5,2660,10800,1.0,0,0,3,0,59,1,0,859295.1570351758
4.0,2.5,2670,11877,2.0,0,0,3,0,18,0,18,692567.8918918918
5.0,3.5,2720,7598,2.0,0,0,3,860,21,0,21,573185.0026954178
4.0,2.5,3200,22651,1.0,0,0,5,1590,44,0,44,302187.765625
3.0,2.5,2480,37843,1.5,1,3,4,0,40,0,40,488882.5
3.0,2.25,1780,10395,1.0,0,0,3,0,47,1,3,376968.54547619045
2.0,1.75,1590,11276,1.0,0,0,4,0,42,0,42,289521.22794117645
3.0,2.0,1550,34175,1.5,0,0,3,0,15,0,15,412808.4871794872
3.0,2.75,2850,14800,1.0,0,0,4,930,38,1,22,854623.3027093596
3.0,2.75,2600,5875,1.5,0,2,5,1000,85,0,85,576183.7791741472
4.0,1.0,1230,7410,1.5,0,0,3,0,70,0,70,372098.1818181818
5.0,2.0,2080,16117,1.0,0,0,5,340,55,0,55,308362.248
6.0,3.5,3600,6875,2.0,0,0,3,860,10,1,11,533938.304347826
4.0,2.75,2110,8751,1.0,0,0,3,600,52,1,11,489242.0238095238
4.0,2.5,2550,19017,1.0,0,0,4,1250,53,1,13,478061.90476190473
3.0,2.5,1650,6684,2.0,0,0,3,0,23,0,23,306368.0406504065
2.0,1.5,1370,1221,2.0,0,0,3,290,6,0,6,576183.7791741472
2.0,1.0,1010,7200,1.0,0,0,3,0,39,0,39,478061.90476190473
3.0,2.0,2330,26571,2.5,0,0,3,0,27,1,14,847974.924611399
2.0,1.0,620,2475,1.0,0,0,5,0,103,1,30,574543.2427470535
3.0,1.5,2450,12497,1.0,0,0,4,0,47,0,47,547301.5576923077
4.0,2.75,2530,7350,1.0,0,0,5,1250,37,0,37,302406.8613861386
4.0,2.5,2220,4652,2.0,0,0,3,0,13,0,13,371872.2878787879
4.0,1.75,2110,265716,1.0,0,0,4,0,35,0,35,659713.198757764
5.0,3.0,3690,49709,1.0,0,2,3,1000,54,1,2,306956.0
4.0,2.5,1940,10200,1.0,0,0,4,800,37,0,37,301453.96774193546
4.0,2.25,2070,7350,2.0,0,0,4,0,37,0,37,301453.96774193546
4.0,2.5,2160,7826,1.0,0,0,4,770,38,1,22,478061.90476190473
4.0,2.25,2600,9900,1.0,0,0,3,1000,49,1,21,570223.1185050136
4.0,2.75,2880,4000,1.5,0,0,3,780,102,1,14,574543.2427470535
4.0,2.25,2260,7200,2.0,0,0,4,0,30,0,30,297151.21774193546
5.0,3.0,3640,6930,2.0,0,0,3,0,10,1,11,341878.1945205479
3.0,1.5,1530,23660,1.0,0,0,3,0,62,1,6,478061.90476190473
3.0,2.5,2490,4000,2.0,0,0,5,820,96,0,96,583475.1987418453
3.0,1.75,1440,11787,1.0,0,0,3,0,31,1,5,704425.8029661017
3.0,3.0,3760,8500,2.5,0,3,4,700,104,0,104,574543.2427470535
4.0,1.75,1720,6975,1.0,0,0,3,300,39,0,39,667110.3374233128
4.0,2.5,2480,16360,1.0,0,0,5,970,55,0,55,447643.1818181818
4.0,3.5,3990,5267,2.0,0,0,3,0,6,0,6,847974.924611399
2.0,1.75,840,3340,1.0,0,0,3,140,102,1,20,574543.2427470535
3.0,2.0,2270,11989,1.0,0,0,4,0,46,0,46,1182030.1090909091
4.0,2.5,2580,5476,2.0,0,0,3,0,9,0,9,302187.765625
3.0,1.75,1580,6620,1.0,0,0,3,0,26,1,14,294129.8971962617
2.0,1.0,950,7954,1.0,0,0,4,0,73,1,16,576183.7791741472
4.0,3.5,3190,5040,2.0,0,3,3,1030,11,0,11,570223.1185050136
3.0,3.25,3740,136915,2.5,0,0,3,640,24,1,5,359824.2021276596
4.0,2.75,2620,4743,1.0,0,2,4,1310,65,1,29,583475.1987418453
3.0,1.75,2080,75794,1.0,0,0,3,0,56,1,10,654481.2884615385
3.0,2.0,1660,3729,1.0,0,0,5,690,92,1,58,583475.1987418453
3.0,1.75,1520,11085,1.0,0,0,3,0,31,1,5,707300.656504065
3.0,1.0,1140,27760,1.0,0,0,4,0,33,0,33,611821.4210526316
3.0,2.5,3240,8016,2.0,0,0,3,330,10,1,11,561804.3541666666
3.0,2.0,2460,41343,1.0,0,0,4,0,26,0,26,611394.2276422764
4.0,2.75,1750,5080,1.5,0,0,3,0,111,1,9,574543.2427470535
3.0,1.75,2430,5000,2.0,0,0,4,670,69,0,69,573185.0026954178
3.0,1.0,1060,9946,1.0,0,0,4,0,58,0,58,260515.44444444444
3.0,3.0,2410,7479,2.0,0,2,3,0,72,1,26,466114.81481481483
2.0,1.0,720,8040,1.0,0,0,3,0,71,1,12,345010.7211538461
3.0,1.75,1260,9346,1.0,0,0,4,0,51,0,51,306368.0406504065
3.0,1.0,1640,12384,1.0,0,0,4,550,60,1,35,298547.1904761905
3.0,1.0,1310,9612,1.0,0,0,3,350,52,1,11,306983.0317460318
3.0,1.5,2120,6290,1.0,0,0,4,900,65,1,29,583475.1987418453
3.0,1.75,3320,478288,1.5,0,3,4,1060,81,1,32,312833.3333333333
3.0,1.0,1210,9622,1.0,0,1,3,0,59,1,5,854623.3027093596
3.0,2.75,2590,12063,2.0,0,0,3,0,21,0,21,854623.3027093596
4.0,2.5,2250,7526,2.0,0,0,3,0,25,0,25,370580.66352040815
4.0,3.0,4040,20001,1.0,0,0,3,2020,42,1,13,1379400.0
3.0,1.0,1090,6710,1.5,0,0,5,0,102,0,102,294280.725
3.0,1.5,1660,15600,2.0,0,0,3,0,33,1,1,294280.725
2.0,1.0,1780,81021,1.0,0,3,4,0,60,1,35,297123.8925619835
4.0,3.5,3370,5000,2.0,0,2,3,900,6,0,6,576183.7791741472
5.0,3.0,4480,5000,2.5,0,0,5,1060,112,0,112,573185.0026954178
4.0,2.5,2990,16809,2.0,0,0,3,0,24,1,5,602057.1753246753
5.0,2.0,2280,19000,1.5,0,0,3,0,90,1,3,364278.9903846154
3.0,3.0,2480,5500,2.0,0,3,3,750,64,1,9,570223.1185050136
5.0,2.75,2830,8925,1.5,0,0,3,0,47,1,3,665473.701171875
2.0,1.0,920,7569,1.0,0,0,4,0,64,1,31,359824.2021276596
4.0,2.25,3250,16684,2.0,0,0,3,0,35,1,0,2144683.3333333335
2.0,1.75,1240,6417,1.0,0,0,5,0,90,1,58,576183.7791741472
4.0,2.5,3230,12100,1.0,0,0,3,1360,37,1,10,859215.5687192117
5.0,2.5,2500,9583,1.0,0,0,3,1200,35,1,0,335615.4146341463
2.0,1.75,1390,4482,1.0,0,0,4,0,34,0,34,295841.6666666667
5.0,1.75,1940,6654,1.5,0,0,4,0,61,1,31,345010.7211538461
3.0,2.0,1900,8002,1.0,0,0,3,0,23,0,23,302406.8613861386
3.0,1.5,2380,14500,1.0,0,0,4,530,53,1,13,447643.1818181818
3.0,2.0,1480,3876,1.0,0,0,5,620,86,1,44,573185.0026954178
4.0,3.75,3460,6738,2.0,0,0,3,0,1,1,91,370580.66352040815
3.0,1.75,1444,249126,1.5,0,0,3,0,6,0,6,483484.7826086957
4.0,3.0,1930,3031,1.0,0,0,3,730,8,0,8,420648.1666666667
4.0,1.0,1200,2171,1.5,0,0,3,0,81,0,81,570223.1185050136
3.0,2.5,1769,7324,2.0,0,0,3,0,2,1,102,297123.8925619835
3.0,2.5,2490,4540,2.5,0,0,3,0,2,1,102,377807.7863636364
4.0,3.25,3060,3898,2.0,0,0,3,760,0,0,0,611821.4210526316
4.0,2.75,3030,6625,2.0,0,0,3,0,3,0,3,377807.7863636364
3.0,2.5,2370,5353,2.0,0,0,3,0,5,0,5,420666.78571428574
3.0,3.25,1370,913,2.0,0,0,3,270,8,0,8,574543.2427470535
3.0,1.75,1500,11968,1.0,0,0,3,0,0,0,0,387666.6666666667
3.0,2.25,1715,6819,2.0,0,0,3,0,19,0,19,298547.1904761905
2.0,1.0,1110,3200,1.0,0,0,3,0,89,1,12,574543.2427470535
5.0,2.75,2400,8050,2.0,0,0,3,0,16,1,8,294280.725
3.0,1.0,1520,213444,1.5,0,3,5,0,26,0,26,371872.2878787879
4.0,2.75,3190,10970,2.0,0,0,3,0,20,0,20,701918.4194214876
3.0,2.25,2400,5300,1.5,0,0,4,1150,75,1,25,570223.1185050136
3.0,1.0,1060,7473,1.0,0,0,3,0,55,1,25,311057.8333333333
2.0,1.75,1220,15600,1.0,0,0,3,0,42,1,12,308362.248
4.0,2.25,2020,8424,1.0,0,0,4,640,35,0,35,661873.9341085271
4.0,2.25,2300,7700,1.0,0,0,3,920,55,1,25,583475.1987418453
4.0,2.75,2300,37533,1.0,0,3,5,750,35,0,35,488457.5
3.0,2.5,1660,1545,2.0,0,2,3,260,12,0,12,573185.0026954178
4.0,3.0,3900,9750,1.0,0,4,5,1380,42,0,42,847974.924611399
3.0,1.75,1650,12349,1.0,0,0,3,0,57,1,14,260515.44444444444
4.0,2.5,2110,35091,1.0,0,0,4,820,29,0,29,602238.7424242424
3.0,1.75,1960,6380,1.0,0,0,4,980,75,1,25,576183.7791741472
4.0,2.5,2770,63118,2.0,0,0,3,0,17,0,17,551283.9375
4.0,1.75,2440,7350,1.0,0,0,3,830,36,0,36,298517.84
2.0,1.0,1320,8380,1.0,0,0,3,0,61,0,61,576183.7791741472
4.0,2.5,2570,4865,2.0,0,0,3,0,9,0,9,341878.1945205479
2.0,1.0,940,5040,1.0,0,0,3,0,88,1,11,573185.0026954178
2.0,1.0,700,4800,1.0,0,0,3,0,92,1,6,576183.7791741472
3.0,2.0,1400,45738,2.0,0,0,4,0,33,0,33,488882.5
4.0,2.5,1890,7867,2.0,0,0,3,0,18,0,18,339211.3264705882
2.0,1.0,720,11400,1.0,0,0,5,0,63,0,63,402504.4879518072
3.0,1.75,2410,8944,1.0,0,0,4,550,47,0,47,376968.54547619045
3.0,2.5,1630,7950,1.0,0,0,3,310,29,0,29,302187.765625
5.0,1.75,2330,14322,1.0,0,0,4,1150,46,0,46,379453.5624401914
2.0,2.25,1330,10838,2.0,0,0,3,0,29,0,29,451624.14634146343
4.0,2.25,3190,11597,2.0,0,0,3,890,30,0,30,701918.4194214876
3.0,1.75,1400,6300,1.0,0,0,3,0,16,1,8,312833.3333333333
3.0,1.0,970,9583,1.0,0,0,4,0,47,0,47,291133.71153846156
3.0,1.75,1010,9600,1.0,0,0,5,0,45,0,45,331482.7586206897
3.0,2.5,3580,54450,1.5,0,0,3,0,24,1,5,345402.7394736842
2.0,1.0,1050,2570,1.0,0,0,5,200,87,0,87,570223.1185050136
5.0,2.5,2500,7200,1.0,0,0,4,1010,37,0,37,664018.5575757576
3.0,3.0,2630,4896,2.0,0,0,3,0,8,0,8,667110.3374233128
4.0,4.5,6640,53330,2.0,0,0,3,0,21,0,21,602057.1753246753
3.0,1.0,910,8789,1.0,0,0,3,0,48,1,51,574543.2427470535
3.0,2.5,2610,35000,2.0,0,0,3,0,26,1,14,612917.84375
3.0,2.5,1720,6194,2.0,0,0,3,0,16,1,8,297123.8925619835
5.0,2.75,3650,13297,2.0,0,0,5,900,45,0,45,1157220.9705882352
3.0,1.75,2040,22693,1.0,0,0,4,0,34,0,34,298517.84
5.0,2.5,3260,24300,1.5,0,1,4,950,64,1,31,461754.1666666667
3.0,1.5,1590,8911,1.0,0,0,3,0,58,1,13,445182.39130434784
4.0,1.0,1440,7100,1.5,0,0,3,0,108,1,0,583475.1987418453
2.0,1.0,900,3400,1.0,0,0,5,0,109,0,109,570223.1185050136
6.0,4.0,3120,4240,2.0,0,2,4,1030,21,0,21,574543.2427470535
3.0,2.5,1060,1536,2.0,0,0,3,0,14,0,14,583475.1987418453
4.0,2.5,3000,9793,2.0,0,0,3,0,12,0,12,341878.1945205479
3.0,2.5,2230,5348,2.0,0,0,3,0,14,0,14,573991.6862745098
5.0,1.75,1890,5000,1.5,0,0,3,800,108,1,0,574543.2427470535
4.0,3.5,4150,16197,2.0,0,0,3,0,8,0,8,294280.725
3.0,1.75,1780,10409,1.0,0,0,3,500,33,1,1,371872.2878787879
4.0,2.5,2710,6583,2.0,0,0,3,0,11,0,11,377807.7863636364
4.0,4.25,4390,13833,2.0,0,3,3,1070,11,0,11,609064.7603305785
2.0,1.5,1640,4080,1.5,0,0,5,100,98,0,98,570223.1185050136
3.0,2.25,1670,4800,1.5,0,3,3,0,111,1,9,574543.2427470535
3.0,2.5,2570,10431,2.0,0,0,3,0,25,0,25,302187.765625
2.0,1.0,1500,3420,1.0,0,0,3,0,112,0,112,574543.2427470535
3.0,1.0,2710,19000,2.0,0,3,4,0,64,1,31,378731.27777777775
4.0,1.75,2860,48351,1.0,0,0,3,1150,36,0,36,602057.1753246753
2.0,0.75,840,40642,1.0,1,4,4,0,77,0,77,488882.5
4.0,2.5,2990,8913,2.0,0,0,4,0,23,0,23,370580.66352040815
5.0,1.0,1170,6757,1.0,0,0,4,370,70,0,70,583475.1987418453
3.0,1.5,1200,6240,1.0,0,0,3,170,62,1,6,576183.7791741472
2.0,1.0,1020,8100,1.0,0,0,3,0,74,1,18,570223.1185050136
2.0,1.0,910,8155,1.0,0,0,4,0,66,0,66,402504.4879518072
1.0,1.0,700,2500,1.0,0,0,4,0,107,0,107,583475.1987418453
4.0,1.75,2420,37800,1.0,0,0,4,540,33,0,33,664524.1592356688
3.0,1.75,1950,8712,1.0,0,0,3,0,54,1,2,379453.5624401914
4.0,2.5,3060,6000,2.0,0,0,3,0,2,1,102,339556.4805970149
4.0,1.0,1390,18000,1.0,0,0,3,0,59,1,1,298517.84
2.0,1.5,1200,1687,3.0,0,0,3,0,6,0,6,574543.2427470535
3.0,2.5,2440,4153,2.0,0,0,3,0,11,0,11,664524.1592356688
3.0,3.25,2310,3075,2.0,0,0,3,580,9,0,9,573185.0026954178
3.0,2.75,2600,64626,1.5,0,0,3,0,5,0,5,551871.586715821
3.0,2.25,1490,1212,2.0,0,0,3,450,3,0,3,573185.0026954178
3.0,2.5,2432,9391,2.0,0,2,3,0,9,0,9,290510.51923076925
4.0,2.75,3610,8580,2.0,0,0,3,0,0,0,0,661873.9341085271
4.0,3.0,2530,10000,2.0,0,0,3,0,1,1,91,359824.2021276596
4.0,2.75,2790,5527,2.0,0,0,3,0,0,0,0,406146.40625
3.0,3.0,1670,4440,1.0,0,0,3,0,0,0,0,312833.3333333333
1.0,1.5,1170,1456,2.0,0,0,3,100,7,0,7,570223.1185050136
4.0,2.0,1350,942,3.0,0,0,3,0,6,0,6,589927.1679389313
2.0,1.75,1110,1773,2.0,0,0,3,0,0,0,0,574543.2427470535
1.0,1.25,1100,638,3.0,0,0,3,0,0,0,0,574543.2427470535
3.0,4.25,2820,7200,2.0,0,0,4,360,84,0,84,576183.7791741472
3.0,1.0,1040,8128,1.0,0,0,3,0,31,1,5,420666.78571428574
2.0,1.75,1910,3376,2.0,0,0,3,0,34,0,34,345402.7394736842
4.0,1.0,1370,8499,1.0,0,0,3,0,65,1,16,402504.4879518072
3.0,1.5,1500,5000,1.5,0,0,4,360,87,0,87,574543.2427470535
3.0,1.0,1200,9087,1.0,0,0,5,0,45,0,45,674250.625
2.0,1.0,1050,2542,1.0,0,0,3,170,110,0,110,576183.7791741472
5.0,2.5,2670,16777,1.5,0,0,4,1050,94,0,94,576183.7791741472
4.0,2.5,2190,11500,1.0,0,0,4,760,42,0,42,859215.5687192117
4.0,2.5,3130,40918,2.0,0,0,3,0,20,0,20,405031.2631578947
3.0,2.5,1700,9100,1.0,0,0,3,540,16,1,8,570223.1185050136
3.0,1.75,1700,17355,1.0,0,0,3,500,36,0,36,351942.0882352941
3.0,3.5,1360,1275,2.0,0,0,3,120,7,0,7,583475.1987418453
3.0,2.0,1610,15005,1.0,0,0,4,0,28,0,28,560478.0714285715
5.0,2.75,2130,6222,1.0,0,0,3,830,23,0,23,573185.0026954178
3.0,1.0,1800,7650,1.0,0,0,5,0,57,0,57,371872.2878787879
4.0,2.75,2950,15540,1.0,0,0,4,830,40,0,40,297151.21774193546
3.0,2.25,2120,54014,2.0,0,0,4,0,50,0,50,859215.5687192117
4.0,2.5,3500,7048,2.0,0,0,3,0,9,0,9,667110.3374233128
3.0,2.0,1440,9220,1.0,0,0,3,0,49,1,21,335615.4146341463
4.0,2.0,2120,3360,2.0,0,0,3,0,109,1,4,570223.1185050136
2.0,2.5,1780,2067,2.0,0,0,5,0,40,0,40,854623.3027093596
2.0,1.0,960,8153,1.0,0,0,3,0,67,1,2,423979.98295454547
2.0,1.75,1510,4980,1.0,0,0,3,0,8,0,8,664018.5575757576
1.0,1.5,1010,5750,1.0,0,0,3,0,103,1,66,583475.1987418453
3.0,3.0,3790,5001,2.0,0,0,3,980,25,0,25,573185.0026954178
3.0,1.75,3600,8666,2.0,0,0,4,1200,66,0,66,661873.9341085271
3.0,1.75,1300,7030,1.0,0,0,3,0,46,1,17,661873.9341085271
4.0,2.25,2500,4046,1.5,0,0,4,980,74,1,13,570223.1185050136
3.0,2.25,2090,10733,1.0,0,0,3,650,56,1,10,573185.0026954178
3.0,1.75,2200,14630,1.5,0,1,3,0,66,1,11,859295.1570351758
3.0,2.25,2070,15002,1.5,0,0,3,0,59,1,1,472577.77777777775
3.0,1.0,1320,7341,1.0,0,0,3,0,32,0,32,402504.4879518072
4.0,2.0,1360,60548,1.0,0,0,3,400,54,1,2,294280.725
2.0,1.0,930,7623,1.0,0,0,2,0,72,0,72,364278.9903846154
3.0,2.5,1760,8584,1.5,0,0,5,0,77,0,77,359824.2021276596
3.0,1.75,1410,8100,2.0,0,0,3,0,29,0,29,341878.1945205479
4.0,2.5,2570,7859,2.0,0,0,3,0,22,0,22,339556.4805970149
3.0,2.75,1300,14197,1.0,0,0,3,440,18,0,18,301453.96774193546
3.0,1.0,1580,6300,1.0,0,0,3,400,89,1,12,570223.1185050136
4.0,2.5,2960,6031,2.0,0,0,3,0,9,0,9,351942.0882352941
4.0,3.0,2330,3497,2.0,0,0,3,410,11,0,11,576183.7791741472
4.0,2.25,2070,39446,1.0,0,0,3,600,37,1,10,473692.0
2.0,1.0,970,5750,1.0,0,0,4,0,82,1,56,574543.2427470535
3.0,2.25,2310,7200,2.0,0,0,3,0,24,1,5,306368.0406504065
4.0,2.5,2290,11173,2.0,0,0,4,0,26,0,26,376968.54547619045
3.0,2.25,1720,9600,1.0,0,0,4,500,47,0,47,667110.3374233128
2.0,1.5,1190,3400,1.0,0,0,3,200,95,1,13,583475.1987418453
2.0,1.0,870,5750,1.0,0,0,4,0,67,1,26,570223.1185050136
2.0,1.5,1068,1758,2.0,0,0,3,0,24,1,5,453958.47826086957
4.0,2.75,2140,10316,2.0,0,0,3,0,21,0,21,294280.725
4.0,2.5,3300,165528,2.0,0,0,3,0,30,0,30,610245.4411764706
5.0,4.25,4830,8050,2.5,0,2,4,1120,100,1,69,576183.7791741472
5.0,3.25,2820,6589,1.5,0,0,3,500,108,1,0,583475.1987418453
4.0,3.0,2440,9664,2.0,0,0,3,550,33,1,1,453958.47826086957
4.0,1.5,1800,3245,1.5,0,0,4,0,85,0,85,570223.1185050136
3.0,1.0,1010,8800,1.0,0,0,4,0,60,1,35,573185.0026954178
4.0,2.75,3220,4392,1.5,0,0,4,900,83,0,83,573185.0026954178
5.0,3.5,5000,26540,2.0,0,3,3,1590,6,0,6,1204170.349206349
2.0,1.0,1200,24792,2.0,0,0,2,0,38,0,38,659713.198757764
3.0,2.25,1470,4322,2.0,0,0,3,0,29,0,29,611821.4210526316
3.0,2.5,2600,4506,2.0,0,0,3,0,11,0,11,447643.1818181818
4.0,1.5,2750,128502,1.0,0,0,2,1250,56,0,56,371872.2878787879
2.0,1.0,1320,9967,1.0,0,0,3,380,95,1,13,583475.1987418453
3.0,2.5,3350,4007,2.0,0,0,3,800,9,0,9,654481.2884615385
3.0,2.5,2650,2387,2.0,0,0,3,820,94,1,35,573185.0026954178
2.0,2.0,1860,10856,1.0,0,0,3,600,62,1,6,576183.7791741472
3.0,1.0,960,8855,1.0,0,0,4,0,56,1,42,428665.7159090909
4.0,1.75,2010,6300,1.0,0,2,5,400,77,0,77,570223.1185050136
2.0,1.0,900,28800,1.0,0,0,1,0,86,0,86,565703.2
4.0,2.5,2340,11784,2.0,0,0,3,0,17,0,17,297151.21774193546
4.0,3.0,3720,15048,3.0,0,0,3,0,35,1,0,370580.66352040815
3.0,2.0,1890,29185,1.0,0,0,3,420,65,1,1,859295.1570351758
4.0,2.5,2680,12215,1.0,1,4,3,1090,58,1,13,480427.5
3.0,2.5,1460,1613,2.0,0,0,3,280,7,0,7,574543.2427470535
3.0,2.5,3180,7904,1.0,0,0,3,1370,8,0,8,377807.7863636364
4.0,2.25,1980,15086,2.0,0,0,3,0,33,1,1,692567.8918918918
2.0,2.0,1090,934,3.0,0,0,3,0,6,0,6,583475.1987418453
4.0,2.5,2230,5970,2.0,0,0,4,0,12,0,12,306341.6666666667
4.0,2.75,3330,9143,2.0,0,0,4,0,19,0,19,675464.6038732395
4.0,2.0,1880,3840,1.0,0,0,3,910,110,0,110,573185.0026954178
5.0,3.0,2870,5700,1.0,0,0,3,920,50,1,14,570223.1185050136
4.0,1.75,2120,9786,1.0,0,0,3,480,47,1,3,433780.94444444444
4.0,2.5,2700,6998,2.0,0,0,3,0,13,0,13,248463.04347826086
4.0,2.5,3670,7680,2.5,0,0,3,0,7,0,7,611394.2276422764
3.0,2.5,1220,1330,2.0,0,0,3,210,6,0,6,570223.1185050136
5.0,3.25,4390,11250,2.0,0,0,3,0,7,0,7,1223622.0
4.0,2.5,3560,5265,3.0,0,0,3,0,0,0,0,662070.8855421686
4.0,3.25,3530,8589,2.0,0,0,3,0,7,0,7,655071.1991869919
4.0,2.5,2280,5000,2.0,0,0,3,0,8,0,8,351942.0882352941
4.0,3.75,4350,7965,2.0,0,0,3,0,1,1,91,854623.3027093596
3.0,3.5,3830,221284,2.0,0,0,3,300,21,0,21,602057.1753246753
3.0,2.0,2050,13303,1.0,0,0,3,0,21,0,21,298547.1904761905
3.0,2.5,3660,39478,2.0,0,2,4,400,25,0,25,325113.63636363635
4.0,2.5,3350,46748,2.0,0,0,3,0,10,1,11,387666.6666666667
3.0,2.0,1270,3600,1.0,0,0,3,0,51,1,6,574543.2427470535
4.0,3.5,3400,3850,2.5,0,0,3,610,6,0,6,573185.0026954178
3.0,1.0,1200,8514,1.0,0,0,3,0,55,1,25,327370.0
3.0,2.5,2200,11000,2.0,0,2,3,0,36,0,36,859215.5687192117
3.0,2.5,1680,11312,1.0,0,0,3,600,55,1,25,574543.2427470535
5.0,3.5,3840,8279,2.0,0,0,3,0,13,0,13,712166.302173913
2.0,1.0,950,4500,1.0,0,2,3,100,88,1,11,583475.1987418453
4.0,2.5,2280,42077,2.0,0,0,3,0,20,0,20,301453.96774193546
4.0,2.5,1970,6600,2.0,0,0,3,0,27,1,14,302187.765625
3.0,1.5,1620,9310,1.0,0,0,4,0,47,0,47,331482.7586206897
4.0,2.5,2600,7200,2.0,0,0,3,0,52,1,12,583475.1987418453
2.0,1.0,1250,3825,1.0,0,0,3,400,85,0,85,570223.1185050136
4.0,1.75,2130,5080,1.5,0,0,3,0,100,1,21,574543.2427470535
4.0,1.75,2550,8976,1.0,0,0,5,1250,36,0,36,306368.0406504065
3.0,1.0,1150,6000,1.5,0,0,3,0,87,1,3,421049.06666666665
3.0,1.75,1040,9000,1.0,0,0,4,0,47,0,47,611394.2276422764
4.0,2.5,3340,10422,2.0,0,0,3,0,18,0,18,655071.1991869919
6.0,2.75,2630,9420,2.0,0,0,5,120,114,0,114,576183.7791741472
3.0,2.25,1640,3896,2.0,0,0,3,0,20,0,20,589927.1679389313
2.0,1.0,770,7906,1.0,0,0,4,0,66,0,66,433780.94444444444
4.0,3.25,4350,112750,1.0,0,0,3,2150,8,0,8,611394.2276422764
4.0,1.75,1700,5846,1.0,0,0,3,0,57,1,14,570223.1185050136
3.0,1.75,2050,9580,1.0,0,0,3,650,30,0,30,692567.8918918918
3.0,2.25,1660,5128,2.0,0,0,3,0,13,0,13,420648.1666666667
3.0,1.75,1990,9594,1.0,0,0,3,800,37,1,10,664018.5575757576
5.0,5.5,7050,42840,1.0,0,2,4,2730,36,1,14,1379400.0
3.0,2.0,1770,7000,1.0,0,0,3,0,28,0,28,306983.0317460318
3.0,2.25,2440,47916,2.0,0,0,3,350,23,0,23,667110.3374233128
3.0,2.5,2620,51354,2.0,0,0,3,0,16,1,8,610245.4411764706
4.0,2.5,2440,11005,2.0,0,0,3,0,20,0,20,673746.1363636364
2.0,1.0,1080,7775,1.0,0,0,3,0,59,1,9,576183.7791741472
3.0,1.0,1090,10710,1.0,0,0,4,0,52,0,52,377807.7863636364
3.0,1.75,1400,13775,1.0,0,0,3,0,51,1,6,445182.39130434784
3.0,2.5,2010,7200,2.0,0,0,3,0,20,0,20,466376.511627907
3.0,1.0,1640,12855,1.5,0,0,5,140,94,0,94,859295.1570351758
5.0,2.5,3290,5029,2.0,0,0,3,0,10,1,11,712166.302173913
2.0,2.5,2510,14878,2.0,0,0,3,0,24,1,5,469170.3125
2.0,1.0,860,6050,1.0,0,0,3,0,62,1,6,574543.2427470535
4.0,2.5,2840,12866,1.0,0,0,4,1060,37,0,37,847974.924611399
3.0,1.75,1750,7020,2.0,0,0,3,0,80,1,36,411700.0
3.0,1.5,1300,19163,1.0,0,0,3,0,50,1,14,659713.198757764
3.0,2.75,3890,7216,2.0,0,1,3,630,47,1,4,570223.1185050136
3.0,2.25,1460,941,3.0,0,0,3,0,8,0,8,583475.1987418453
4.0,1.0,1410,3376,1.5,0,0,5,0,103,1,30,576183.7791741472
4.0,2.75,3770,10900,2.0,0,2,5,700,90,1,58,574543.2427470535
3.0,2.0,1190,4072,1.5,0,0,5,0,107,0,107,576183.7791741472
3.0,2.0,1410,6413,1.0,0,0,4,500,67,1,26,574543.2427470535
3.0,2.0,2500,4080,1.5,0,0,5,820,92,1,58,570223.1185050136
2.0,1.0,800,2280,1.0,0,0,5,0,68,0,68,576183.7791741472
3.0,2.5,2530,13446,2.0,0,0,3,0,21,0,21,420648.1666666667
3.0,2.0,2570,28500,1.0,0,0,3,600,31,1,5,662070.8855421686
3.0,2.75,2090,9620,1.0,0,0,3,750,27,1,14,291133.71153846156
5.0,2.25,2980,7781,1.0,0,0,3,1400,54,1,2,573185.0026954178
3.0,1.75,1170,8239,1.0,0,0,3,0,33,1,1,271876.92307692306
3.0,3.5,2080,5100,2.0,0,0,3,0,10,1,11,339556.4805970149
5.0,3.25,3350,4000,2.0,0,0,4,840,17,0,17,574543.2427470535
2.0,2.5,1050,1029,2.0,0,0,3,100,7,0,7,576183.7791741472
2.0,1.0,900,13531,1.0,0,0,3,0,35,1,0,219133.33333333334
2.0,1.0,1050,5000,1.0,0,0,5,0,107,0,107,576183.7791741472
5.0,2.25,3740,32481,1.5,0,0,3,1500,56,1,10,311057.8333333333
4.0,1.75,1430,4096,2.0,0,0,3,0,114,1,9,573185.0026954178
3.0,1.75,1400,9546,1.0,0,0,4,0,30,0,30,291133.71153846156
3.0,2.25,1600,45613,2.0,0,0,4,0,31,0,31,602057.1753246753
3.0,2.25,2880,9750,2.0,0,0,3,0,25,0,25,859215.5687192117
3.0,3.25,3140,5445,2.0,0,3,4,900,101,0,101,570223.1185050136
2.0,1.0,820,4320,1.0,0,0,3,0,77,1,15,574543.2427470535
5.0,5.5,5190,12637,2.0,0,2,3,0,13,0,13,547301.5576923077
4.0,2.5,2180,10140,1.0,0,0,4,1000,46,0,46,664524.1592356688
2.0,1.0,910,2002,1.5,0,0,3,0,114,1,9,573185.0026954178
4.0,1.0,1580,8475,1.5,0,2,4,0,86,0,86,574543.2427470535
4.0,3.0,2130,6325,1.0,0,0,5,690,66,1,29,583475.1987418453
4.0,2.5,4570,16015,2.0,0,2,3,0,24,1,5,701918.4194214876
3.0,2.0,1240,11172,1.0,0,0,3,240,30,0,30,712166.302173913
3.0,1.75,1860,6000,2.0,0,2,4,0,55,0,55,574543.2427470535
1.0,0.75,370,1801,1.0,0,0,5,0,91,0,91,570223.1185050136
5.0,3.25,3130,12087,2.0,0,0,3,950,39,0,39,602238.7424242424
3.0,1.75,2530,35150,1.0,0,0,4,730,37,0,37,301453.96774193546
4.0,4.75,3970,9778,2.0,0,2,4,580,86,0,86,583475.1987418453
3.0,2.25,1920,9680,1.0,0,0,4,620,53,1,13,297151.21774193546
4.0,2.75,2970,12750,1.5,0,1,4,840,96,1,28,859215.5687192117
4.0,2.5,2300,6087,2.0,0,0,3,0,13,0,13,379453.5624401914
4.0,2.5,1830,9601,2.0,0,0,3,0,11,0,11,341878.1945205479
4.0,1.5,1550,5053,1.0,0,0,4,370,51,0,51,574543.2427470535
4.0,3.5,4080,10666,2.0,0,0,3,0,9,0,9,664524.1592356688
3.0,2.25,1710,21485,2.0,0,0,3,0,25,0,25,701918.4194214876
3.0,2.5,2375,4094,2.0,0,0,3,0,12,0,12,667110.3374233128
4.0,2.75,2200,9778,1.0,0,0,4,1100,52,0,52,859295.1570351758
3.0,2.25,3530,17450,1.0,1,3,3,1690,84,1,21,1182030.1090909091
3.0,1.75,1110,9012,1.0,0,0,4,0,48,0,48,659713.198757764
4.0,1.0,1630,2566,1.5,0,0,3,0,93,1,14,570223.1185050136
4.0,1.5,2550,5055,2.0,0,0,4,0,104,0,104,573185.0026954178
4.0,2.25,2500,8866,2.0,0,0,4,0,27,0,27,859295.1570351758
4.0,3.0,2890,6885,1.0,0,0,3,1300,69,1,1,574543.2427470535
4.0,1.75,1420,5000,1.5,0,0,4,0,69,0,69,576183.7791741472
4.0,3.5,4270,5800,2.0,0,3,5,1100,77,0,77,570223.1185050136
3.0,2.5,2390,1984,2.0,0,0,3,170,6,0,6,611394.2276422764
4.0,2.5,2530,5048,2.0,0,0,3,0,0,0,0,339211.3264705882
4.0,2.5,2701,4500,2.0,0,0,3,0,0,0,0,297123.8925619835
4.0,2.75,3990,6637,2.0,0,0,3,0,11,0,11,659713.198757764
4.0,2.5,2303,3826,2.0,0,0,3,0,8,0,8,308362.248
2.0,2.25,1540,965,3.0,0,0,3,0,7,0,7,574543.2427470535
3.0,2.5,1450,1053,2.0,0,0,3,510,6,0,6,576183.7791741472
2.0,2.5,1160,1458,2.0,0,0,3,120,2,1,102,573185.0026954178
4.0,2.75,2910,6334,2.0,0,0,3,0,1,1,91,421049.06666666665
4.0,3.5,3770,8501,2.0,0,0,3,0,6,0,6,665473.701171875
5.0,2.25,2900,10300,1.0,0,0,3,1450,29,0,29,847974.924611399
3.0,1.75,1540,3000,1.0,0,2,3,770,94,1,35,570223.1185050136
2.0,1.0,700,3000,1.0,0,0,4,0,96,1,40,570223.1185050136
3.0,2.5,3280,10302,1.0,0,0,3,1600,44,1,0,576183.7791741472
4.0,2.0,2430,8960,1.0,0,0,3,1000,54,1,2,570223.1185050136
3.0,2.5,1900,7984,2.0,0,0,3,0,21,0,21,489242.0238095238
3.0,2.0,1660,15050,1.0,0,0,3,400,31,1,5,661873.9341085271
4.0,2.0,1620,7992,2.0,0,0,4,0,39,0,39,297151.21774193546
4.0,2.0,2090,10800,1.0,0,0,4,0,63,1,15,1223622.0
3.0,2.0,1110,7231,1.0,0,0,4,0,23,0,23,306368.0406504065
5.0,3.25,3760,9792,2.0,0,0,3,1210,30,0,30,881585.4168316831
3.0,2.25,2080,12134,1.0,0,0,4,550,41,0,41,664018.5575757576
4.0,2.25,1950,5950,1.0,0,0,3,620,67,1,2,576183.7791741472
5.0,2.25,2570,13054,1.0,0,1,3,1100,64,1,22,480427.5
3.0,1.75,2330,12141,1.0,0,0,3,940,31,1,5,602057.1753246753
3.0,3.0,3700,10375,2.0,0,0,3,0,32,0,32,246844.69565217392
3.0,2.25,1920,7738,1.0,0,0,3,400,49,1,21,372098.1818181818
3.0,2.25,1900,3960,1.5,0,0,3,700,109,1,4,573185.0026954178
4.0,1.75,1440,13296,1.0,0,0,4,0,47,0,47,854623.3027093596
4.0,2.25,2940,48788,1.0,0,0,5,1420,53,0,53,451624.14634146343
4.0,3.5,2500,3080,2.0,0,0,3,690,6,0,6,662070.8855421686
3.0,2.5,2490,23891,2.0,0,0,3,0,21,0,21,664018.5575757576
3.0,2.0,1470,10052,1.0,0,0,4,0,58,0,58,573185.0026954178
4.0,2.5,2120,4558,2.0,0,0,3,0,12,0,12,339556.4805970149
3.0,1.75,1200,24805,1.0,0,0,3,0,30,0,30,298517.84
5.0,2.5,2450,6994,2.0,0,0,3,0,12,0,12,301453.96774193546
4.0,2.5,1780,6000,2.0,0,0,3,0,23,0,23,335615.4146341463
5.0,1.0,1590,6700,1.5,0,0,3,500,72,1,15,583475.1987418453
4.0,2.0,2370,76665,2.0,0,0,4,0,36,1,14,294280.725
3.0,1.5,1760,4000,2.0,0,0,3,0,92,1,6,573185.0026954178
4.0,3.0,1940,8170,1.0,0,0,4,0,66,0,66,433780.94444444444
4.0,3.0,3550,12327,1.5,0,0,4,1370,24,0,24,478132.68518518517
4.0,2.5,2050,5787,2.0,0,0,3,0,12,0,12,311057.8333333333
4.0,2.25,1680,3179,2.0,0,0,3,0,12,0,12,294280.725
3.0,2.25,1320,1800,2.0,0,0,3,0,20,0,20,574543.2427470535
3.0,2.25,1550,5511,2.0,0,0,3,0,27,1,14,665473.701171875
3.0,1.75,2680,8625,1.0,0,0,5,1090,40,0,40,602238.7424242424
3.0,2.5,2390,34041,1.0,0,0,3,550,30,0,30,302187.765625
4.0,2.5,2040,7260,2.0,0,0,4,0,51,0,51,402504.4879518072
3.0,3.75,2670,6517,2.5,0,4,4,650,37,0,37,573185.0026954178
4.0,1.75,1880,3720,1.5,0,0,4,0,90,0,90,570223.1185050136
4.0,1.75,2400,7700,1.5,0,0,4,900,87,0,87,576183.7791741472
3.0,1.75,2270,11472,1.0,0,0,4,900,58,0,58,570223.1185050136
4.0,2.5,1850,5444,2.0,0,0,5,0,33,0,33,675464.6038732395
4.0,2.75,2160,5005,1.0,0,0,3,730,27,1,14,576183.7791741472
2.0,1.0,2160,12960,1.0,0,0,3,800,46,1,17,352033.1
2.0,1.5,1570,3600,1.5,0,2,4,250,108,1,24,574543.2427470535
3.0,2.0,1340,7200,1.5,0,0,4,0,91,0,91,574543.2427470535
4.0,2.5,3002,6042,2.0,0,0,3,0,10,1,11,306368.0406504065
5.0,2.0,2190,9072,1.0,0,0,5,1080,49,0,49,664018.5575757576
4.0,1.75,2610,21600,1.0,0,0,4,0,48,0,48,1621900.0
2.0,1.0,1010,11919,1.0,0,0,3,0,67,1,2,428665.7159090909
4.0,2.5,2105,6093,2.0,0,0,3,0,11,0,11,306368.0406504065
4.0,2.25,2430,4748,1.5,0,0,3,800,86,1,60,576183.7791741472
4.0,3.25,4040,18916,1.0,0,0,4,0,60,1,35,2024100.0
5.0,2.5,2160,7737,2.0,0,0,3,0,16,1,8,561804.3541666666
2.0,1.0,900,9260,1.0,0,0,3,0,68,0,68,573185.0026954178
3.0,3.0,1820,1641,3.0,0,0,3,280,8,0,8,583475.1987418453
4.0,2.0,2100,13468,1.0,0,0,5,1050,52,0,52,570223.1185050136
3.0,2.25,1520,7199,2.0,0,0,4,0,22,0,22,351942.0882352941
2.0,1.0,1310,7128,1.0,0,0,4,370,34,0,34,301453.96774193546
4.0,2.5,2190,9880,1.0,0,0,4,780,35,0,35,654481.2884615385
5.0,2.5,2950,5500,1.5,0,0,5,1230,96,0,96,570223.1185050136
5.0,1.0,1870,7800,1.0,0,0,3,290,52,1,11,576183.7791741472
3.0,3.5,4660,5500,2.0,0,4,5,1620,105,1,26,583475.1987418453
3.0,2.5,1840,9900,1.0,0,0,3,0,36,0,36,847974.924611399
2.0,2.5,3180,9400,2.0,0,4,5,570,29,0,29,881585.4168316831
2.0,1.0,1500,4000,1.0,0,0,3,400,81,0,81,573185.0026954178
3.0,1.75,1730,7416,1.5,0,0,3,0,60,1,9,420507.6153846154
3.0,1.0,1580,7424,1.0,0,0,3,570,52,1,11,370580.66352040815
4.0,2.5,1540,1870,2.0,0,0,3,0,0,0,0,611394.2276422764
4.0,3.5,3390,3979,2.0,0,0,3,780,0,0,0,574543.2427470535
2.0,1.5,830,1858,2.0,0,0,3,0,9,0,9,574543.2427470535
4.0,2.75,2620,6178,2.0,0,0,3,0,1,1,91,405031.2631578947
3.0,2.5,2242,4500,2.0,0,0,3,0,0,0,0,308362.248
4.0,2.5,2890,7798,2.0,0,0,3,0,9,0,9,859215.5687192117
3.0,2.25,1450,4050,2.0,0,0,3,0,4,0,4,339211.3264705882
2.0,1.5,800,2119,2.0,0,0,3,0,6,0,6,574543.2427470535
3.0,2.5,2280,2502,2.0,0,0,3,400,8,0,8,589927.1679389313
3.0,4.5,3850,62726,2.0,0,0,3,730,1,1,91,664524.1592356688
5.0,2.5,2270,6300,2.0,0,0,3,0,19,0,19,297123.8925619835
3.0,2.5,2250,5692,2.0,0,0,3,0,14,0,14,570223.1185050136
4.0,1.75,2600,11325,1.0,0,0,4,990,45,0,45,302187.765625
4.0,2.0,2490,9525,2.0,0,0,5,0,46,0,46,1204170.349206349
4.0,2.5,3160,8281,2.0,0,0,4,0,19,0,19,665473.701171875
4.0,4.25,4930,25714,2.0,0,0,3,0,9,0,9,289521.22794117645
3.0,1.0,1440,11250,1.0,0,0,3,0,47,1,3,370580.66352040815
3.0,1.75,1770,8868,1.0,0,0,4,0,55,0,55,308362.248
4.0,2.5,2300,6448,2.0,0,0,3,0,13,0,13,302187.765625
4.0,2.5,2980,16263,2.0,0,0,3,0,25,0,25,881585.4168316831
4.0,2.25,2230,7200,1.0,0,0,4,930,51,0,51,428665.7159090909
3.0,1.75,1830,7969,1.0,0,0,3,900,64,1,6,371872.2878787879
3.0,1.0,1740,10875,1.0,0,0,4,720,52,0,52,338981.5238095238
3.0,1.75,1530,6743,1.0,0,0,3,120,59,1,9,583475.1987418453
3.0,1.5,1520,9041,1.0,0,0,4,0,60,1,35,881585.4168316831
3.0,2.5,3230,5000,2.0,0,2,5,800,69,0,69,570223.1185050136
3.0,3.25,3620,4000,2.0,0,0,3,890,9,0,9,574543.2427470535
4.0,3.75,5070,60123,2.0,0,0,3,0,14,0,14,664018.5575757576
3.0,1.75,1570,8750,1.0,0,0,3,0,54,1,2,359824.2021276596
4.0,1.75,2080,7200,1.0,0,0,4,1030,48,0,48,294280.725
4.0,2.5,2230,8624,1.0,0,0,4,800,45,0,45,664018.5575757576
5.0,3.0,3420,18129,2.0,0,0,3,880,62,1,9,1099543.2580645161
8.0,2.75,2790,6695,1.0,0,0,3,1320,37,1,10,402504.4879518072
4.0,2.5,3150,4203,2.0,0,0,3,0,12,0,12,655071.1991869919
4.0,3.25,3930,10929,2.0,0,0,3,0,8,0,8,854623.3027093596
5.0,3.0,2190,4900,2.0,0,0,5,700,74,0,74,573185.0026954178
4.0,2.5,1890,6962,2.0,0,0,3,0,17,0,17,297123.8925619835
4.0,2.0,1900,76877,1.0,0,0,3,0,10,1,11,297151.21774193546
2.0,1.5,1930,3521,2.0,0,0,3,0,25,0,25,881585.4168316831
3.0,2.5,3316,11447,2.0,0,0,3,0,28,0,28,291133.71153846156
3.0,1.5,1380,4500,1.0,0,0,5,0,54,0,54,1223622.0
3.0,4.0,2080,2250,3.0,0,4,3,0,17,0,17,574543.2427470535
3.0,1.0,1240,5000,1.5,0,0,5,0,105,1,26,576183.7791741472
3.0,1.0,1020,8610,1.0,0,0,5,0,55,0,55,370580.66352040815
3.0,2.0,2360,4800,2.0,0,0,3,0,105,1,0,573185.0026954178
3.0,2.5,2780,33503,1.5,0,1,4,670,45,0,45,704425.8029661017
3.0,2.0,2300,13418,1.0,0,0,3,870,59,1,9,847974.924611399
4.0,2.5,2020,4350,2.0,0,0,5,290,71,0,71,570223.1185050136
5.0,1.75,1840,10453,1.0,0,2,3,480,66,1,20,364278.9903846154
3.0,1.0,1390,4814,1.5,0,0,3,0,106,1,26,576183.7791741472
4.0,2.25,2060,11385,1.0,0,0,4,860,52,0,52,294129.8971962617
4.0,2.75,2640,35070,1.5,0,0,3,0,51,1,6,298517.84
3.0,2.25,1980,10115,1.0,0,0,3,0,55,1,25,881585.4168316831
3.0,1.5,1810,5080,1.0,0,0,3,780,56,1,10,574543.2427470535
4.0,2.5,1700,9000,1.0,0,0,5,0,42,0,42,675464.6038732395
4.0,1.0,1200,6000,1.5,0,0,3,0,91,1,16,570223.1185050136
4.0,3.25,2980,3600,2.0,0,0,3,830,15,0,15,574543.2427470535
2.0,2.75,1350,1252,2.0,0,0,3,230,8,0,8,583475.1987418453
4.0,2.5,2360,10000,1.0,0,3,3,380,37,1,10,574543.2427470535
2.0,1.0,1190,6200,1.0,0,0,3,0,66,1,20,420507.6153846154
4.0,5.0,4110,43560,2.0,0,0,4,0,36,1,14,847974.924611399
4.0,2.5,2800,10786,1.0,0,0,3,1380,44,1,0,881585.4168316831
2.0,1.5,920,1598,2.0,0,0,3,0,19,0,19,576183.7791741472
3.0,1.75,1530,8000,2.0,0,0,3,0,36,0,36,664018.5575757576
2.0,1.0,860,5040,1.0,0,0,3,0,58,1,13,573185.0026954178
3.0,2.5,1520,3593,2.0,0,0,3,0,10,1,11,351942.0882352941
2.0,0.75,660,5240,1.0,0,0,4,0,102,1,25,306368.0406504065
5.0,2.5,3580,8921,2.0,0,0,3,0,14,0,14,661873.9341085271
5.0,2.25,3000,13899,2.0,0,0,4,0,39,0,39,659713.198757764
5.0,3.25,2740,9629,1.0,0,0,5,1350,37,0,37,487024.75
4.0,2.5,2040,5523,2.0,0,0,3,0,15,0,15,364278.9903846154
6.0,2.75,2520,54160,2.0,1,4,3,0,60,1,9,576183.7791741472
3.0,2.0,2470,8800,2.0,0,0,3,0,53,1,10,1157220.9705882352
3.0,2.5,1930,1348,2.0,0,0,3,630,9,0,9,570223.1185050136
3.0,2.5,2950,10254,2.0,0,0,3,0,8,0,8,377807.7863636364
3.0,2.5,2610,6405,2.0,0,0,3,0,13,0,13,547301.5576923077
3.0,1.75,1630,1526,3.0,0,0,3,0,0,0,0,583475.1987418453
3.0,1.5,1400,1022,3.0,0,0,3,0,7,0,7,573185.0026954178
2.0,1.75,1410,1005,1.5,0,0,3,510,3,0,3,602238.7424242424
4.0,3.5,4370,10860,2.0,0,0,3,0,6,0,6,377807.7863636364
4.0,4.25,5010,19412,2.0,0,1,3,1010,0,0,0,1157220.9705882352
4.0,3.0,2590,6160,2.0,0,0,3,0,0,0,0,370580.66352040815
3.0,1.5,1300,7200,1.0,0,0,5,0,54,0,54,675464.6038732395
3.0,2.5,2320,7609,2.0,0,0,3,0,11,0,11,609064.7603305785
4.0,2.5,2700,4275,2.0,0,0,3,0,10,1,11,573185.0026954178
4.0,2.25,2920,6513,2.0,0,0,4,660,77,0,77,583475.1987418453
4.0,3.0,3130,5700,1.5,0,0,3,1380,61,0,61,573185.0026954178
3.0,1.75,1470,4950,1.0,0,0,3,440,30,0,30,583475.1987418453
3.0,2.5,1540,1326,3.0,0,0,3,150,19,0,19,570223.1185050136
4.0,2.5,3160,4620,1.5,0,4,3,1140,97,1,9,574543.2427470535
3.0,1.75,1480,7700,1.0,0,0,3,0,39,0,39,655071.1991869919
5.0,2.75,3595,5639,2.0,0,0,3,0,0,0,0,659713.198757764
2.0,1.0,1190,4440,1.0,0,0,3,0,33,1,1,574543.2427470535
4.0,2.25,2340,217014,1.0,0,0,4,0,32,1,3,297123.8925619835
3.0,1.75,1320,2500,1.0,0,0,3,450,96,0,96,570223.1185050136
2.0,1.0,1190,27007,1.0,0,0,4,0,104,0,104,611394.2276422764
4.0,2.25,2350,18600,2.0,0,0,4,0,37,0,37,447643.1818181818
3.0,1.0,1100,8560,1.0,0,0,3,0,53,1,10,294129.8971962617
4.0,1.0,1660,4704,1.5,0,0,3,400,84,1,17,570223.1185050136
4.0,3.0,3040,36246,1.5,0,0,3,360,91,1,0,712166.302173913
3.0,2.0,1860,4777,2.0,0,0,5,0,106,0,106,573185.0026954178
4.0,3.25,4100,241322,2.0,0,0,3,1600,33,1,1,602057.1753246753
6.0,3.0,4050,36171,2.0,0,0,4,1430,44,0,44,611394.2276422764
2.0,2.0,1240,2500,2.0,0,0,3,0,29,0,29,583475.1987418453
4.0,3.0,2200,10800,1.0,0,0,3,0,54,1,2,377807.7863636364
3.0,2.25,1680,9090,1.0,0,0,4,550,55,0,55,881585.4168316831
3.0,1.0,930,5160,1.5,0,0,5,0,95,1,80,576183.7791741472
3.0,1.5,1800,22000,2.0,0,0,3,0,83,0,83,333746.17391304346
6.0,3.5,3000,8401,1.0,0,0,3,1500,35,1,0,576183.7791741472
3.0,1.5,1820,12686,1.0,0,0,4,0,62,0,62,859295.1570351758
4.0,2.25,1995,7102,2.0,0,0,4,0,33,0,33,298547.1904761905
4.0,3.25,3990,9786,2.0,0,0,3,0,10,1,11,662070.8855421686
2.0,1.5,800,5192,1.0,0,0,5,0,63,0,63,573185.0026954178
3.0,1.0,960,9563,1.0,0,0,5,0,47,0,47,294129.8971962617
4.0,2.5,2286,8269,2.0,0,0,3,0,12,0,12,377807.7863636364
3.0,1.75,2220,11646,1.0,0,0,3,950,64,1,9,453958.47826086957
3.0,1.75,1940,7500,1.5,0,0,4,0,96,1,29,327370.0
3.0,1.5,1640,7222,2.0,0,0,4,0,106,0,106,573185.0026954178
3.0,1.0,1120,10576,1.0,0,0,4,0,45,0,45,602057.1753246753
4.0,2.0,2600,4800,1.0,0,2,3,1200,61,0,61,583475.1987418453
3.0,2.0,1490,4800,2.0,0,0,5,0,66,1,29,570223.1185050136
5.0,1.75,1650,3000,1.5,0,0,3,0,112,0,112,576183.7791741472
4.0,2.5,2400,6137,2.0,0,0,3,0,24,1,5,707300.656504065
2.0,1.0,1500,6685,1.0,0,0,3,310,88,1,11,573185.0026954178
3.0,2.5,1990,12793,2.0,0,0,3,0,21,0,21,466376.511627907
2.0,1.5,1130,746,2.0,0,0,3,100,5,0,5,574543.2427470535
3.0,3.25,2030,11070,2.0,0,0,4,0,34,0,34,667110.3374233128
4.0,1.75,1590,7920,2.0,0,0,4,0,54,1,13,433780.94444444444
3.0,1.75,1480,8394,1.0,0,0,4,0,43,0,43,667110.3374233128
4.0,2.5,2690,18653,2.0,0,0,3,0,29,0,29,701918.4194214876
3.0,2.5,3870,46609,2.0,0,3,3,0,17,0,17,847974.924611399
3.0,1.0,1390,6000,1.0,0,0,3,0,60,1,9,376968.54547619045
3.0,2.75,1830,1850,2.0,0,0,3,140,3,0,3,609064.7603305785
2.0,2.0,1580,5750,1.0,0,0,5,790,104,0,104,576183.7791741472
3.0,2.25,2590,15229,2.0,0,3,3,0,30,0,30,295841.6666666667
5.0,2.5,2510,8050,1.0,0,0,4,1020,37,0,37,654481.2884615385
3.0,1.5,1180,7300,1.0,0,0,4,0,46,0,46,297123.8925619835
3.0,2.25,1450,19206,2.0,0,0,3,0,25,0,25,707300.656504065
3.0,2.5,3110,6765,2.0,0,1,4,560,68,1,25,574543.2427470535
5.0,2.5,2860,68519,2.0,0,0,5,0,56,0,56,547301.5576923077
3.0,2.75,2760,8476,1.0,0,0,4,1070,47,0,47,1223622.0
5.0,2.0,2800,17788,1.0,0,0,4,1400,51,0,51,654481.2884615385
3.0,2.5,1450,3748,2.0,0,0,3,0,10,1,11,561804.3541666666
4.0,2.0,2530,5650,1.5,0,0,4,620,104,0,104,574543.2427470535
3.0,2.0,1640,2808,1.0,0,3,4,820,90,0,90,573185.0026954178
3.0,1.75,2220,17568,1.0,0,0,4,0,47,0,47,602057.1753246753
3.0,2.5,2040,10086,2.0,0,0,3,0,27,1,14,664524.1592356688
3.0,1.0,1230,6000,1.0,0,0,4,0,47,0,47,306983.0317460318
2.0,1.0,1060,7700,1.0,0,0,3,240,33,1,1,377807.7863636364
3.0,2.5,1920,9625,2.0,0,0,3,0,21,0,21,405031.2631578947
3.0,2.5,1520,4170,2.0,0,0,3,0,10,1,11,339556.4805970149
4.0,3.25,3770,4103,2.0,0,0,5,1060,89,0,89,576183.7791741472
3.0,2.5,3540,38322,2.0,0,0,3,0,25,0,25,664524.1592356688
4.0,3.0,5430,108900,2.0,0,0,4,0,27,0,27,664524.1592356688
3.0,2.0,2250,7904,1.5,0,0,3,0,16,1,8,294280.725
4.0,2.5,2090,5195,2.0,0,0,3,0,7,0,7,297151.21774193546
3.0,2.5,1720,3012,2.0,0,0,3,0,3,0,3,576183.7791741472
3.0,2.5,1910,2091,2.0,0,0,3,0,0,0,0,611394.2276422764
3.0,2.5,1601,2491,3.0,0,0,3,65,7,0,7,583475.1987418453
2.0,2.25,1060,1209,2.0,0,0,3,120,8,0,8,573185.0026954178
4.0,2.75,2330,3920,2.0,0,0,3,0,9,0,9,609064.7603305785
3.0,2.5,2370,4200,2.0,0,0,3,0,0,0,0,339556.4805970149
3.0,2.5,1420,1237,3.0,0,0,3,0,0,0,0,573185.0026954178
4.0,2.25,2360,4000,2.0,0,0,3,0,1,1,91,574543.2427470535
2.0,1.5,1260,1575,2.0,0,0,3,0,13,0,13,574543.2427470535
3.0,2.5,3030,9053,2.0,0,0,3,0,5,0,5,370580.66352040815
3.0,1.75,1140,1201,2.0,0,0,3,0,0,0,0,573185.0026954178
5.0,2.5,2820,9375,1.0,0,0,4,1270,46,0,46,881585.4168316831
2.0,2.0,1270,1372,3.0,0,0,3,0,14,0,14,570223.1185050136
3.0,2.5,3180,12600,2.0,0,0,4,0,36,1,14,692567.8918918918
3.0,2.25,2790,13791,1.0,0,3,3,0,8,0,8,515479.54545454547
4.0,2.25,2570,9503,2.0,0,0,3,0,34,0,34,487024.75
2.0,1.0,1080,2674,1.0,0,0,4,360,95,1,29,570223.1185050136
4.0,4.0,3010,7221,2.0,0,0,3,0,10,1,11,692567.8918918918
3.0,2.25,2120,14915,1.0,0,0,3,400,35,1,0,297123.8925619835
3.0,2.25,1900,46609,1.5,0,0,4,460,45,0,45,612917.84375
3.0,2.5,2860,43821,2.0,0,0,4,0,24,0,24,306983.0317460318
3.0,1.0,910,10575,1.0,0,0,4,0,46,0,46,298547.1904761905
4.0,2.5,2850,37522,2.0,0,0,3,0,27,1,14,704425.8029661017
2.0,2.5,2560,2500,2.0,0,0,5,870,113,0,113,570223.1185050136
3.0,1.75,1570,16817,2.0,0,0,3,0,32,0,32,406146.40625
4.0,3.5,3110,108464,2.0,0,2,4,0,35,0,35,701918.4194214876
4.0,3.75,4740,126759,2.0,0,0,4,0,23,0,23,602238.7424242424
3.0,1.0,1340,13750,1.0,0,0,4,0,59,1,5,881585.4168316831
4.0,2.25,2600,6390,1.0,0,0,3,1210,36,0,36,298547.1904761905
3.0,1.75,1070,8030,1.0,0,0,3,0,48,1,0,659713.198757764
3.0,2.25,1820,9670,2.0,0,0,3,0,30,0,30,664524.1592356688
2.0,1.0,1060,3040,1.0,0,0,3,200,90,1,3,576183.7791741472
3.0,2.25,2220,4060,1.0,0,0,3,890,21,0,21,574543.2427470535
3.0,1.0,1350,8700,1.5,0,0,3,0,72,1,15,256392.83333333334
5.0,2.75,2510,9180,1.0,0,1,4,910,39,0,39,667110.3374233128
5.0,2.5,2340,13713,1.0,0,0,2,670,47,0,47,302406.8613861386
3.0,1.0,1060,7920,1.0,0,0,4,0,46,0,46,583475.1987418453
4.0,2.5,2200,8065,2.0,0,0,3,0,16,1,8,302187.765625
3.0,1.0,1400,8100,1.5,0,0,3,0,70,0,70,573185.0026954178
3.0,1.5,1520,7123,1.0,0,0,4,0,55,0,55,377807.7863636364
5.0,3.0,1810,3000,2.0,0,0,3,0,16,1,8,583475.1987418453
2.0,2.0,2360,11340,1.5,0,0,3,0,17,0,17,1204170.349206349
2.0,1.75,1210,1032,2.0,0,0,3,0,0,0,0,602238.7424242424
3.0,2.5,3420,25150,1.0,0,0,4,1670,27,0,27,859215.5687192117
3.0,2.5,1810,4592,2.0,0,0,3,0,22,0,22,611821.4210526316
3.0,2.25,2760,10160,1.0,0,0,3,0,45,1,4,376968.54547619045
4.0,2.25,1950,9800,1.0,0,0,3,620,46,1,17,665473.701171875
3.0,2.5,3830,48743,2.0,0,0,3,0,23,0,23,854623.3027093596
4.0,2.25,2060,7283,1.0,0,0,3,840,51,1,1,423979.98295454547
3.0,1.0,1650,6400,1.0,0,0,4,670,60,1,35,576183.7791741472
4.0,1.75,2100,11942,1.0,0,0,3,1070,50,1,14,576183.7791741472
4.0,3.0,3720,57499,1.0,0,0,3,1840,11,0,11,549237.5
4.0,2.5,1920,8562,2.0,0,2,4,0,20,0,20,325113.63636363635
3.0,2.0,1860,217800,2.0,0,2,3,0,16,1,8,370580.66352040815
2.0,2.5,2290,3507,2.0,0,0,3,0,9,0,9,611394.2276422764
3.0,1.75,1200,9085,1.0,0,0,4,0,46,0,46,298547.1904761905
4.0,3.5,5270,53428,2.0,0,0,3,1830,10,1,11,377807.7863636364
3.0,2.5,1600,2788,2.0,0,0,4,0,22,0,22,297151.21774193546
4.0,2.5,2560,4020,2.0,0,0,3,0,8,0,8,341878.1945205479
2.0,1.0,880,4000,1.0,0,0,3,0,74,1,18,576183.7791741472
2.0,1.0,1020,7920,1.0,0,0,3,0,75,1,45,583475.1987418453
3.0,2.0,960,9380,1.0,0,0,3,0,65,1,16,574543.2427470535
4.0,2.25,1900,7200,1.0,0,0,3,530,37,1,10,574543.2427470535
3.0,2.0,1320,6000,1.5,0,0,4,0,94,0,94,576183.7791741472
4.0,2.75,2230,9640,1.0,0,0,3,910,16,1,8,574543.2427470535
3.0,1.0,1150,7314,1.0,0,0,3,0,54,1,2,859295.1570351758
4.0,3.5,3440,6000,2.0,0,0,4,0,12,0,12,583115.9090909091
3.0,1.0,1070,8179,1.0,0,0,3,0,65,1,16,570223.1185050136
4.0,2.75,2250,3433,1.5,0,0,3,750,87,1,1,574543.2427470535
4.0,2.5,1910,10300,1.0,0,0,3,0,93,1,46,423979.98295454547
3.0,1.75,1180,16552,1.0,0,0,4,0,47,0,47,632047.53125
3.0,1.0,1400,7360,1.0,0,0,4,0,46,0,46,308362.248
4.0,3.0,3580,9316,2.5,0,0,3,1210,23,0,23,847974.924611399
3.0,2.75,3176,13391,2.0,0,3,4,450,29,0,29,294129.8971962617
2.0,2.0,1170,1890,1.5,0,1,4,0,87,0,87,570223.1185050136
2.0,2.0,1570,4665,1.0,0,0,3,0,8,0,8,667110.3374233128
3.0,1.5,1460,15000,1.0,0,0,3,0,48,1,51,294280.725
3.0,1.75,1140,10400,1.0,0,0,4,0,31,0,31,551871.586715821
1.0,2.0,1150,9812,1.0,0,0,4,0,52,0,52,306983.0317460318
4.0,2.5,3180,31931,1.0,0,0,4,790,36,1,14,854623.3027093596
4.0,2.5,2630,6185,2.0,0,0,3,0,15,0,15,376968.54547619045
3.0,2.25,1940,5980,1.0,0,0,3,420,27,1,14,609064.7603305785
1.0,1.0,850,8050,1.0,0,0,2,0,108,0,108,573185.0026954178
3.0,2.0,1550,6039,1.0,0,0,5,720,72,0,72,570223.1185050136
3.0,2.25,2090,15000,1.0,0,0,3,0,53,1,10,421049.06666666665
4.0,3.5,3960,6654,2.0,0,0,3,1110,8,0,8,573185.0026954178
3.0,1.0,1320,5000,1.5,0,0,3,0,102,1,20,583475.1987418453
4.0,2.5,3220,35400,2.0,0,0,3,0,23,0,23,612917.84375
2.0,1.0,800,7260,1.0,0,0,3,0,61,0,61,570223.1185050136
3.0,1.75,1660,9673,1.0,0,0,3,530,38,0,38,632047.53125
4.0,2.5,2250,11370,2.0,0,0,3,0,23,0,23,675464.6038732395
3.0,2.25,2120,13090,1.0,0,0,3,0,17,0,17,297123.8925619835
4.0,2.75,2310,4020,3.0,0,0,5,0,35,0,35,583475.1987418453
4.0,1.75,1920,7700,2.0,0,0,4,0,44,0,44,676159.8148148148
3.0,1.75,1550,9720,1.0,0,0,3,500,38,0,38,462700.0
2.0,2.5,1785,779,2.0,0,0,3,190,39,0,39,859215.5687192117
3.0,1.5,1830,9848,1.0,0,0,5,0,52,0,52,704362.1153846154
5.0,2.75,3500,5040,2.0,0,2,3,550,87,1,7,570223.1185050136
3.0,2.0,2560,14680,1.0,0,0,3,1230,27,1,14,662070.8855421686
4.0,1.75,1360,4840,1.5,0,0,4,0,86,0,86,573185.0026954178
4.0,5.25,6500,14986,2.0,0,0,3,1320,13,0,13,1789164.2857142857
4.0,3.5,3150,5500,2.0,0,0,3,0,0,0,0,570223.1185050136
2.0,1.0,810,4080,1.0,0,0,4,0,73,1,16,576183.7791741472
5.0,4.0,7320,217800,2.0,0,0,3,0,22,0,22,370580.66352040815
4.0,1.75,2790,17476,1.0,0,2,3,1340,58,1,13,378731.27777777775
2.0,1.5,1920,3408,1.0,0,0,4,960,102,1,25,573185.0026954178
4.0,2.75,2530,14178,2.0,0,0,3,0,17,0,17,420648.1666666667
3.0,2.5,3490,8343,2.0,1,4,4,1340,75,1,23,574543.2427470535
6.0,2.75,4710,11000,2.0,0,3,3,1020,83,0,83,570223.1185050136
3.0,1.75,2050,16313,1.0,0,0,2,0,41,0,41,1204170.349206349
4.0,2.25,2410,8400,2.0,0,0,5,0,49,0,49,847974.924611399
3.0,1.0,1180,8240,1.0,0,0,4,0,47,0,47,302406.8613861386
2.0,1.0,630,4200,1.0,0,0,3,0,84,1,17,576183.7791741472
3.0,2.5,3480,7800,1.0,0,0,4,1730,73,1,16,573185.0026954178
3.0,1.5,1010,7683,1.5,0,0,5,0,61,0,61,576183.7791741472
3.0,2.25,1910,3481,2.0,0,0,3,0,5,0,5,297151.21774193546
3.0,3.5,2490,3582,2.0,0,0,3,770,9,0,9,609064.7603305785
4.0,2.5,2150,3143,2.0,0,0,3,0,4,0,4,370580.66352040815
4.0,2.75,3000,5470,2.0,0,0,3,0,9,0,9,339211.3264705882
3.0,2.75,2830,3496,2.0,0,0,3,0,2,1,102,602238.7424242424
4.0,2.5,2680,5539,2.0,0,0,3,0,1,1,91,400620.86486486485
2.0,1.5,1090,2686,2.0,0,0,3,0,32,0,32,655071.1991869919
4.0,2.5,1984,32400,1.0,0,0,3,420,52,1,11,311057.8333333333
4.0,2.75,3090,5859,2.0,0,0,3,0,4,0,4,704425.8029661017
4.0,2.5,2610,5140,2.0,0,0,3,0,8,0,8,574543.2427470535
4.0,3.5,3370,3634,2.0,0,0,3,620,7,0,7,589927.1679389313
4.0,2.5,2250,3916,2.0,0,0,3,0,0,0,0,289521.22794117645
3.0,3.25,1450,1387,2.0,0,0,3,270,1,1,91,570223.1185050136
4.0,2.5,3130,10849,2.0,0,0,3,0,1,1,91,661873.9341085271
2.0,2.75,2700,8572,1.0,0,0,3,0,7,0,7,662070.8855421686
5.0,2.75,1970,5400,1.0,0,0,3,650,28,0,28,573185.0026954178
3.0,2.0,1970,4166,2.0,0,3,5,700,85,0,85,573185.0026954178
3.0,1.5,1950,15954,1.0,0,0,4,0,55,0,55,302406.8613861386
3.0,1.5,1940,9887,1.0,0,0,4,800,45,0,45,290510.51923076925
4.0,3.5,3550,11000,1.0,0,2,3,1290,15,0,15,847974.924611399
3.0,2.5,2500,7394,2.0,0,0,3,0,24,1,5,632047.53125
4.0,2.75,2910,18700,1.0,0,0,3,700,57,1,19,420507.6153846154
4.0,2.5,3350,35298,2.0,0,0,4,0,29,0,29,667110.3374233128
3.0,1.75,2140,40098,1.0,0,0,5,650,64,0,64,379453.5624401914
5.0,4.5,4030,13474,2.0,0,0,3,0,14,0,14,712166.302173913
4.0,2.5,1980,6660,2.0,0,0,4,0,40,0,40,655071.1991869919
3.0,1.5,1460,9908,1.0,0,0,3,0,62,1,6,307819.2631578947
4.0,1.75,1880,8800,1.0,0,0,3,750,54,1,2,576183.7791741472
3.0,1.75,2320,10900,2.0,0,0,3,0,79,1,40,583475.1987418453
3.0,3.25,2220,8227,1.5,0,0,5,450,85,0,85,570223.1185050136
3.0,1.0,1410,7200,2.0,0,0,4,0,113,0,113,583475.1987418453
3.0,1.0,1240,3500,1.0,0,0,4,0,87,0,87,573185.0026954178
4.0,2.0,2030,8426,2.0,0,0,3,0,70,0,70,338981.5238095238
6.0,3.75,4000,6015,2.0,0,2,3,920,10,1,11,379453.5624401914
3.0,0.75,490,38500,1.5,0,0,4,0,55,0,55,551871.586715821
3.0,2.5,1590,3411,2.0,0,0,3,0,14,0,14,561804.3541666666
3.0,2.5,2630,5827,2.0,0,0,3,0,13,0,13,667110.3374233128
2.0,1.75,1350,4614,1.0,0,0,3,0,6,0,6,664524.1592356688
3.0,1.0,990,4440,1.0,0,0,3,0,71,1,12,574543.2427470535
4.0,2.75,3710,7984,2.0,0,0,3,0,15,0,15,561804.3541666666
3.0,1.0,990,8062,1.0,0,0,4,0,54,1,13,306956.0
4.0,2.5,2510,4543,2.0,0,0,3,0,12,0,12,704425.8029661017
2.0,1.0,800,6500,1.0,0,0,4,0,61,1,31,423979.98295454547
4.0,1.0,1600,10183,1.0,0,0,4,0,48,0,48,294280.725
5.0,3.25,3320,11340,2.0,0,0,4,840,15,0,15,297151.21774193546
5.0,1.5,1730,9230,1.0,0,0,3,720,52,1,11,379453.5624401914
4.0,1.75,2000,3988,1.0,0,4,4,1000,56,1,42,574543.2427470535
4.0,2.75,2910,6308,1.0,0,0,3,1270,29,0,29,489242.0238095238
4.0,1.75,1710,10440,1.0,0,0,4,0,59,1,5,881585.4168316831
3.0,1.0,1200,7800,1.0,0,0,4,0,60,1,35,574543.2427470535
3.0,2.5,2600,5100,2.0,0,1,3,0,16,1,8,371872.2878787879
2.0,1.75,1460,7926,1.0,0,0,4,0,27,0,27,271876.92307692306
4.0,3.75,4260,9800,2.0,0,0,3,0,6,0,6,655071.1991869919
4.0,2.75,2100,4480,1.5,0,0,4,320,86,0,86,574543.2427470535
6.0,4.5,4230,6420,2.0,0,3,4,1870,98,0,98,574543.2427470535
3.0,1.75,1660,6250,1.0,0,0,3,830,34,0,34,574543.2427470535
3.0,1.0,1450,7200,1.0,0,0,3,440,45,1,4,665473.701171875
4.0,1.5,1860,5040,1.5,0,0,5,0,94,0,94,327370.0
4.0,2.5,2720,10006,2.0,0,0,3,0,25,0,25,692567.8918918918
4.0,2.5,2920,5500,1.0,0,3,3,890,57,1,14,574543.2427470535
3.0,1.5,1800,12196,1.0,0,0,4,0,48,0,48,298547.1904761905
2.0,1.0,1320,8830,1.0,0,0,3,300,75,1,45,583475.1987418453
3.0,1.75,1770,29004,1.0,0,0,3,0,55,1,25,291133.71153846156
5.0,2.75,2550,7725,1.0,0,0,5,1160,47,0,47,674250.625
4.0,1.75,2150,9000,1.0,0,0,4,1040,48,0,48,664018.5575757576
4.0,2.5,3020,7465,2.0,0,0,3,0,10,1,11,712166.302173913
3.0,1.0,960,27442,1.0,0,0,4,0,44,0,44,377807.7863636364
3.0,2.0,2783,11177,2.0,0,0,3,0,104,1,15,570223.1185050136
3.0,2.0,2250,14274,1.0,0,0,4,750,50,0,50,1099543.2580645161
3.0,1.75,1710,8767,1.0,0,0,4,0,28,0,28,655071.1991869919
3.0,2.5,2650,9380,1.0,0,0,5,970,39,0,39,478061.90476190473
3.0,3.25,1830,1804,3.0,0,0,3,0,0,0,0,574543.2427470535
3.0,2.5,1460,3044,2.0,0,0,3,0,14,0,14,576183.7791741472
3.0,2.0,1760,6875,1.0,0,0,4,0,47,0,47,607079.2441860465
3.0,2.5,1960,6058,2.0,0,0,3,0,12,0,12,692567.8918918918
4.0,2.25,2010,7688,1.0,0,0,3,840,35,1,0,290510.51923076925
4.0,2.5,3670,9958,2.0,0,0,3,0,9,0,9,379453.5624401914
2.0,2.25,2290,9772,1.0,0,0,3,0,7,0,7,667110.3374233128
3.0,2.0,1780,5720,1.0,0,0,5,800,89,0,89,574543.2427470535
4.0,2.5,3080,35430,2.0,0,0,3,0,17,0,17,667110.3374233128
4.0,2.5,3360,15091,2.0,0,0,3,0,17,0,17,662070.8855421686
3.0,1.0,1370,6780,2.0,0,0,3,0,84,1,17,574543.2427470535
4.0,2.5,1660,8063,1.0,0,0,4,0,36,1,14,295841.6666666667
4.0,3.5,4440,10660,2.0,0,0,3,0,11,0,11,673746.1363636364
5.0,2.5,2850,209523,1.0,0,0,4,920,89,1,46,370580.66352040815
3.0,2.5,1530,2913,2.0,0,0,4,0,28,0,28,661873.9341085271
4.0,2.5,2100,8400,1.0,0,0,4,860,38,1,22,632047.53125
1.0,1.0,730,1942,1.0,0,0,3,0,6,0,6,576183.7791741472
3.0,2.25,1920,8223,2.0,0,0,4,0,25,0,25,477717.23214285716
3.0,1.0,1600,7324,1.0,0,0,4,0,56,1,42,376968.54547619045
4.0,2.25,2380,17199,2.0,0,0,3,850,35,1,0,447643.1818181818
3.0,2.5,2760,17377,2.0,0,0,3,0,12,0,12,377807.7863636364
4.0,1.5,1840,11367,1.5,0,0,4,0,64,1,31,402504.4879518072
7.0,2.5,2580,5750,1.0,0,0,4,700,113,0,113,570223.1185050136
4.0,1.75,2100,4750,1.0,0,0,3,760,39,0,39,573185.0026954178
4.0,1.75,1820,5015,1.0,0,0,4,630,88,1,21,570223.1185050136
5.0,5.25,4830,18707,2.0,0,1,5,900,62,1,16,1204170.349206349
3.0,1.5,1550,4980,1.0,0,0,3,470,36,0,36,576183.7791741472
4.0,1.0,1440,3600,1.5,0,0,4,0,90,0,90,583475.1987418453
2.0,1.0,930,6380,1.0,0,0,4,0,74,1,13,574543.2427470535
4.0,2.5,3560,12047,2.0,0,0,3,0,26,1,14,291133.71153846156
2.0,1.0,840,11600,1.0,0,0,3,0,62,1,6,372098.1818181818
4.0,3.25,4280,47179,2.0,0,0,3,1230,12,0,12,289521.22794117645
3.0,1.5,1500,10018,1.0,0,0,4,0,57,1,13,370580.66352040815
4.0,3.5,3650,38546,2.0,0,0,3,1100,18,0,18,406146.40625
2.0,1.0,780,3910,1.0,0,0,3,0,96,0,96,583475.1987418453
4.0,1.0,1600,5500,1.5,0,0,4,0,68,1,25,570223.1185050136
4.0,1.75,1120,8250,1.0,0,0,4,0,48,0,48,370580.66352040815
2.0,1.0,1010,9219,1.0,0,0,4,0,54,1,13,654481.2884615385
4.0,2.75,1970,37026,1.0,0,0,4,0,53,1,13,483484.7826086957
4.0,2.5,2230,4372,2.0,0,0,5,690,79,0,79,576183.7791741472
5.0,3.0,4290,20445,2.0,0,0,4,0,29,0,29,1789164.2857142857
3.0,1.75,3160,76230,1.0,0,0,4,1000,36,1,14,294280.725
3.0,1.75,1850,5100,1.0,0,0,3,830,105,1,10,574543.2427470535
3.0,2.25,1980,8755,1.0,0,0,4,680,51,0,51,295841.6666666667
4.0,3.5,3360,9767,2.0,0,0,3,910,24,1,5,298547.1904761905
3.0,2.0,2660,192099,1.0,0,0,4,0,50,0,50,312833.3333333333
3.0,1.0,1200,7280,1.0,0,0,4,0,47,0,47,302187.765625
2.0,2.5,2150,5760,1.0,0,0,3,0,4,0,4,664524.1592356688
3.0,2.75,2820,5348,2.0,0,0,3,0,6,0,6,659713.198757764
4.0,2.75,3510,9400,2.0,0,0,3,0,0,0,0,379453.5624401914
3.0,2.5,1790,3078,2.0,0,0,3,0,4,0,4,589927.1679389313
4.0,2.75,2700,6000,2.0,0,0,4,600,104,0,104,576183.7791741472
5.0,4.75,5780,17004,2.0,0,0,3,1520,8,0,8,1099543.2580645161
4.0,3.25,3730,4560,2.0,0,0,3,970,1,1,91,573185.0026954178
4.0,2.5,2540,5001,2.0,0,0,3,0,9,0,9,570223.1185050136
4.0,2.25,3300,8365,3.0,0,0,3,0,0,0,0,574543.2427470535
5.0,3.5,5430,10327,2.0,0,2,3,1420,7,0,7,881585.4168316831
4.0,2.5,2550,5200,2.0,0,0,3,0,5,0,5,377807.7863636364
3.0,2.25,1390,1484,3.0,0,0,3,0,7,0,7,570223.1185050136
3.0,1.5,1270,1413,3.0,0,0,3,0,7,0,7,574543.2427470535
4.0,2.5,2380,5000,2.0,0,0,3,0,9,0,9,341878.1945205479
4.0,2.5,3360,22111,2.0,0,0,3,0,20,0,20,701918.4194214876
5.0,4.25,6070,171626,2.0,0,0,3,0,15,0,15,730700.0
2.0,1.0,1240,57000,1.0,0,0,3,0,52,1,11,704425.8029661017
2.0,2.0,2930,14057,1.0,0,2,4,1250,34,0,34,488457.5
2.0,2.5,2410,102366,1.0,0,0,4,470,102,1,25,730700.0
6.0,2.75,2980,5000,1.5,0,0,3,500,98,1,28,576183.7791741472
2.0,1.75,1950,2719,1.0,0,0,5,940,95,1,80,570223.1185050136
4.0,2.75,2600,36583,1.0,0,0,5,1020,38,0,38,701918.4194214876
4.0,1.0,1170,8147,1.5,0,0,3,0,55,1,25,583475.1987418453
3.0,1.0,1470,6500,1.0,0,0,4,0,61,1,31,372098.1818181818
4.0,2.0,1840,5419,1.0,0,0,4,920,72,1,32,573185.0026954178
4.0,2.0,1560,7500,1.0,0,0,4,0,46,0,46,655071.1991869919
4.0,1.75,1520,7700,1.0,0,0,4,0,47,0,47,661873.9341085271
3.0,2.75,2220,4000,2.0,0,0,3,520,100,1,14,570223.1185050136
4.0,2.5,2800,9538,2.0,0,0,3,0,21,0,21,291133.71153846156
2.0,1.0,670,6300,1.0,0,0,5,0,72,0,72,573185.0026954178
3.0,2.25,1720,7885,2.0,0,0,3,0,31,1,5,298547.1904761905
3.0,2.5,2110,4038,2.0,0,0,4,0,25,0,25,297151.21774193546
3.0,1.75,1580,9187,1.0,0,0,3,400,21,0,21,339556.4805970149
6.0,2.5,2640,3680,2.0,0,0,5,880,92,1,58,574543.2427470535
4.0,2.5,2700,6515,2.0,0,0,3,0,16,1,8,377807.7863636364
3.0,2.5,2820,8159,2.0,0,0,3,0,10,1,11,589927.1679389313
4.0,2.5,3340,8930,2.0,0,2,3,0,15,0,15,533938.304347826
3.0,2.5,1530,6000,2.0,0,0,4,0,23,0,23,339556.4805970149
4.0,3.5,3840,85728,2.0,0,0,3,0,16,1,8,524471.4375
3.0,2.0,2320,10960,1.0,0,0,3,810,58,1,13,854623.3027093596
5.0,2.0,2310,13430,1.5,0,0,4,0,48,0,48,854623.3027093596
3.0,2.5,1770,1235,3.0,0,0,3,170,7,0,7,573185.0026954178
2.0,3.0,3160,66646,2.0,0,0,3,0,21,0,21,610245.4411764706
3.0,1.5,1620,6630,1.0,0,0,3,340,60,1,9,573185.0026954178
4.0,2.0,1510,4235,1.0,0,0,3,0,59,1,9,574543.2427470535
3.0,1.75,960,8106,1.0,0,0,3,0,52,1,11,667110.3374233128
4.0,2.25,1740,8449,1.0,0,0,4,570,56,1,42,859295.1570351758
4.0,2.0,1470,8395,1.0,0,0,4,0,49,0,49,854623.3027093596
4.0,2.5,2460,4200,2.0,0,0,3,0,16,1,8,704425.8029661017
3.0,1.75,1170,8182,1.0,0,0,3,0,52,1,11,402504.4879518072
2.0,1.75,1210,7507,1.0,0,0,3,0,32,0,32,665473.701171875
3.0,2.5,1870,7942,2.0,0,0,3,0,24,1,5,289521.22794117645
3.0,2.5,1950,5689,2.0,0,0,3,0,5,0,5,561804.3541666666
4.0,2.5,2570,5250,2.0,0,0,3,0,24,1,5,611821.4210526316
3.0,2.0,1460,10311,1.0,0,0,4,0,39,0,39,662070.8855421686
3.0,2.5,2970,23100,1.0,0,0,3,1460,47,1,3,602057.1753246753
4.0,2.5,2040,21781,2.0,0,0,3,0,20,0,20,549237.5
5.0,3.25,3240,6551,1.5,0,4,4,740,75,1,25,576183.7791741472
4.0,2.75,3150,67518,1.0,0,0,4,900,49,0,49,306983.0317460318
3.0,2.25,1820,8008,1.0,0,0,3,580,33,1,1,662070.8855421686
4.0,2.5,2130,35752,1.0,0,0,3,640,34,0,34,692567.8918918918
3.0,1.5,1430,8000,1.0,0,0,4,0,58,0,58,881585.4168316831
3.0,2.5,2030,6970,2.0,0,0,4,0,23,0,23,609064.7603305785
4.0,2.75,2000,5827,2.0,0,0,3,0,17,0,17,339211.3264705882
4.0,2.25,1940,6206,2.0,0,0,3,0,24,1,5,298547.1904761905
2.0,1.75,880,6780,1.0,0,0,4,0,69,0,69,570223.1185050136
3.0,1.0,950,9400,1.0,0,0,4,0,60,1,35,859215.5687192117
3.0,2.25,1670,1596,2.0,0,0,3,450,12,0,12,583475.1987418453
3.0,2.5,2670,10496,2.0,0,0,3,0,25,0,25,704425.8029661017
3.0,2.5,2700,1438,2.0,0,0,3,1420,11,0,11,573185.0026954178
1.0,1.0,590,833,1.0,0,0,4,0,88,1,21,574543.2427470535
4.0,2.25,2160,8119,1.0,0,0,3,1080,48,1,101,859295.1570351758
4.0,2.5,2700,8810,2.0,0,0,3,0,10,1,11,664018.5575757576
6.0,2.25,3206,5793,2.0,0,0,3,0,2,1,102,301453.96774193546
3.0,1.75,1560,9788,1.0,0,0,3,0,50,1,14,574543.2427470535
3.0,1.75,1400,6956,1.0,0,0,4,0,57,1,13,306368.0406504065
4.0,3.25,3090,6744,2.0,0,4,3,0,1,1,91,420507.6153846154
4.0,2.0,2630,16475,2.0,0,0,4,0,61,1,31,1400000.0
4.0,1.0,2100,9200,1.0,0,0,3,1050,55,1,25,248463.04347826086
4.0,1.5,1120,5427,1.0,0,0,3,0,45,1,0,271876.92307692306
4.0,2.75,3260,19542,1.0,0,0,4,1090,46,0,46,2397393.75
4.0,2.5,2800,5900,1.0,0,0,3,1140,51,1,6,583475.1987418453
3.0,2.25,1970,11088,1.0,0,0,4,790,47,0,47,473692.0
3.0,2.0,1570,7200,1.0,0,0,4,0,62,0,62,423979.98295454547
3.0,2.5,2280,2289,2.0,0,0,3,400,8,0,8,611394.2276422764
3.0,2.5,1600,3573,2.0,0,0,3,0,1,1,91,379453.5624401914
3.0,3.0,1680,1570,3.0,0,0,3,0,0,0,0,574543.2427470535
2.0,1.0,520,22334,1.0,0,0,2,0,63,0,63,260515.44444444444
4.0,3.0,2920,33976,1.0,0,3,5,1460,50,0,50,881585.4168316831
3.0,1.0,1620,30736,1.5,0,0,4,0,103,1,37,847974.924611399
3.0,2.25,2950,78843,1.5,0,0,3,0,8,0,8,704425.8029661017
3.0,1.5,1770,17208,1.0,0,0,3,610,55,1,25,854623.3027093596
3.0,1.0,1830,8209,1.0,0,0,3,0,72,1,15,466376.511627907
4.0,2.5,2550,10000,1.0,0,0,3,1260,50,1,14,847974.924611399
3.0,2.5,1490,1709,3.0,0,0,3,0,10,1,11,573185.0026954178
4.0,1.5,1590,131551,1.0,0,3,4,0,48,0,48,325113.63636363635
3.0,2.0,1510,7066,1.0,0,2,3,280,41,1,1,574543.2427470535
4.0,2.5,1840,1562,2.0,0,0,3,440,10,1,11,574543.2427470535
3.0,1.0,1040,5000,1.0,0,0,3,0,55,1,25,583475.1987418453
4.0,2.5,2110,3750,2.0,0,0,3,0,14,0,14,574543.2427470535
3.0,1.75,2150,4333,1.0,0,0,3,950,58,1,13,574543.2427470535
5.0,3.75,5340,10655,2.5,0,3,4,1600,102,1,25,570223.1185050136
4.0,1.75,2420,7672,1.0,0,0,3,940,35,1,0,609064.7603305785
4.0,3.25,5010,34460,2.0,0,0,3,0,26,1,14,859215.5687192117
2.0,1.0,910,9612,1.0,0,0,4,0,33,0,33,379453.5624401914
3.0,1.5,2200,5000,1.5,0,0,3,0,82,0,82,576183.7791741472
4.0,2.5,3430,64441,2.0,0,0,3,0,1,1,91,607079.2441860465
3.0,2.0,1490,7770,1.0,0,0,4,0,24,0,24,271876.92307692306
3.0,2.0,1370,78408,1.0,0,0,5,0,50,0,50,319992.64705882355
4.0,3.0,4060,35621,1.0,0,0,3,2030,25,0,25,306983.0317460318
3.0,2.5,1870,5449,2.0,0,0,3,0,11,0,11,489242.0238095238
2.0,1.0,720,4222,1.0,0,0,4,0,72,1,32,376968.54547619045
3.0,2.25,2180,7741,2.0,0,0,3,0,28,0,28,712166.302173913
3.0,1.5,1430,8960,1.0,0,0,4,0,61,1,31,378731.27777777775
2.0,1.0,780,6685,1.0,0,0,4,0,66,0,66,294280.725
4.0,3.0,4260,18000,2.0,0,2,3,0,14,0,14,1223622.0
2.0,1.75,2050,11900,1.0,0,0,4,0,64,1,31,859295.1570351758
3.0,1.75,2930,19876,1.0,0,0,3,900,21,0,21,607079.2441860465
5.0,3.5,5960,13703,2.0,0,2,3,1190,30,0,30,881585.4168316831
2.0,1.0,1000,4776,1.0,0,0,4,0,72,1,32,576183.7791741472
3.0,2.5,2260,19821,2.0,0,0,3,0,20,0,20,379453.5624401914
3.0,2.0,2120,7560,1.0,0,0,3,0,23,0,23,371872.2878787879
4.0,2.5,2310,5100,2.0,0,0,3,0,1,1,91,576183.7791741472
5.0,2.75,2910,36250,1.0,0,0,3,1320,37,1,10,692567.8918918918
4.0,2.75,3270,12880,2.0,0,0,3,0,0,0,0,665473.701171875
5.0,2.75,3040,10257,2.0,0,0,3,0,21,0,21,881585.4168316831
4.0,2.25,2290,5350,2.0,0,0,4,170,56,1,42,573185.0026954178
3.0,1.75,1590,27200,1.5,0,0,4,0,88,1,21,351942.0882352941
3.0,1.0,1040,6860,2.0,0,0,3,0,72,1,15,573185.0026954178
4.0,1.0,1540,115434,1.5,0,0,4,0,91,0,91,302187.765625
4.0,2.75,3370,12447,2.0,0,0,3,0,23,0,23,632047.53125
4.0,2.25,2980,8051,1.5,0,2,4,960,79,0,79,583475.1987418453
4.0,2.25,2192,12128,2.0,0,0,3,0,8,0,8,306368.0406504065
3.0,1.75,1980,6250,1.0,0,1,5,890,104,0,104,573185.0026954178
4.0,3.5,4280,9583,2.0,0,0,3,0,9,0,9,859295.1570351758
3.0,2.5,3080,12476,2.0,0,0,3,0,24,1,5,351942.0882352941
4.0,2.75,3010,7215,2.0,0,0,3,0,0,0,0,675464.6038732395
4.0,2.0,2030,9300,1.0,0,0,4,0,38,1,22,664524.1592356688
3.0,2.5,2340,5957,2.0,0,0,3,0,19,0,19,447643.1818181818
4.0,2.5,3700,21755,1.0,0,4,3,1080,26,1,14,859295.1570351758
5.0,3.5,3690,11928,2.0,0,0,3,1150,8,0,8,707300.656504065
2.0,1.0,1100,8281,1.0,0,0,4,0,67,1,26,423979.98295454547
4.0,3.25,2420,4000,1.5,0,0,5,550,103,1,30,576183.7791741472
3.0,3.5,1240,1666,2.0,0,0,3,240,6,0,6,583475.1987418453
3.0,2.0,2020,8555,1.0,0,0,4,800,57,1,13,574543.2427470535
4.0,3.25,2500,5801,1.5,0,0,3,540,88,1,11,573185.0026954178
4.0,1.75,1580,5340,1.0,0,0,3,450,67,1,2,583475.1987418453
3.0,2.5,2670,10481,2.0,0,0,3,0,11,0,11,665473.701171875
3.0,1.0,1140,8366,1.0,0,0,5,0,71,0,71,371872.2878787879
3.0,2.75,2750,18029,1.0,0,2,5,940,36,0,36,859295.1570351758
2.0,1.0,940,9839,1.0,0,0,3,0,104,1,8,583475.1987418453
3.0,3.0,3910,19023,2.0,0,0,3,0,29,0,29,560478.0714285715
3.0,2.5,1800,2700,2.0,0,0,3,0,3,0,3,576183.7791741472
3.0,1.75,1880,11249,1.0,0,0,3,550,29,0,29,306983.0317460318
4.0,2.25,2870,6280,1.5,0,0,4,890,109,0,109,573185.0026954178
5.0,2.5,3390,9760,1.0,0,0,5,1640,36,0,36,379453.5624401914
4.0,2.5,3160,13194,2.0,0,0,5,0,49,0,49,1204170.349206349
5.0,2.75,3831,13800,2.0,1,4,3,0,55,1,34,1182030.1090909091
2.0,1.75,1240,3000,1.5,0,0,3,0,108,1,0,574543.2427470535
4.0,2.75,2520,14021,2.0,0,0,3,0,15,0,15,413841.8
4.0,2.25,2420,10200,2.0,0,0,4,0,41,0,41,1182030.1090909091
4.0,1.75,1250,7400,1.0,0,0,5,0,55,0,55,847974.924611399
3.0,1.0,1410,8053,1.0,0,0,4,0,63,1,15,574543.2427470535
3.0,1.0,990,9798,1.0,0,0,3,0,46,1,17,612917.84375
3.0,1.75,2000,7560,1.0,0,0,4,700,46,0,46,376968.54547619045
2.0,1.0,1120,5650,1.0,0,0,3,0,70,0,70,574543.2427470535
5.0,3.25,3370,7947,2.0,0,0,3,0,13,0,13,654481.2884615385
3.0,2.75,2210,4000,2.0,0,0,3,0,6,0,6,659713.198757764
3.0,2.5,1150,887,3.0,0,0,3,0,7,0,7,583475.1987418453
4.0,2.75,4230,31747,2.0,0,0,4,0,29,0,29,602057.1753246753
3.0,1.75,1570,15330,1.0,0,0,3,490,58,1,13,372098.1818181818
3.0,2.5,1630,7700,1.0,0,0,3,510,36,0,36,297151.21774193546
4.0,2.5,2770,10274,2.0,0,0,3,0,25,0,25,611394.2276422764
3.0,1.5,1090,8160,1.0,0,0,3,0,47,1,0,379453.5624401914
2.0,1.0,930,7740,1.0,0,0,3,0,90,1,3,573185.0026954178
1.0,1.0,690,1950,1.0,0,0,3,0,86,1,60,576183.7791741472
4.0,3.0,2370,3672,1.5,0,0,5,720,98,0,98,574543.2427470535
2.0,1.0,840,3400,1.0,0,2,4,0,90,0,90,574543.2427470535
4.0,2.25,1830,8734,2.0,0,0,4,0,23,0,23,302187.765625
5.0,2.75,2520,16100,1.0,0,3,4,950,54,1,13,1182030.1090909091
4.0,2.5,2590,8483,2.0,0,0,3,0,23,0,23,487024.75
2.0,1.75,1530,3503,1.0,0,1,4,700,98,0,98,583475.1987418453
3.0,1.75,1490,1036,2.0,0,0,3,400,6,0,6,574543.2427470535
3.0,3.0,2470,7410,2.0,0,0,5,610,37,0,37,570223.1185050136
4.0,2.25,2110,12653,2.0,0,0,4,0,42,0,42,1204170.349206349
2.0,1.75,1990,4000,1.0,0,0,5,900,62,1,16,583475.1987418453
3.0,1.5,1740,4200,1.5,0,0,4,100,94,0,94,576183.7791741472
2.0,1.0,1290,4650,1.0,0,0,4,0,108,1,24,573185.0026954178
3.0,1.0,1890,3330,1.5,0,0,4,500,113,0,113,583475.1987418453
2.0,1.0,770,8149,1.0,0,0,3,0,66,1,20,402504.4879518072
3.0,1.0,1040,8892,1.0,0,0,4,240,56,1,42,302406.8613861386
4.0,2.5,2530,8169,2.0,0,0,3,0,21,0,21,298547.1904761905
4.0,2.0,2090,6630,1.0,0,0,3,1020,40,0,40,583475.1987418453
3.0,2.5,1490,8102,2.0,0,0,4,0,24,0,24,331482.7586206897
