bedrooms,bathrooms,sqft_living,sqft_lot,floors,waterfront,view,condition,sqft_basement,house_age,is_renovated,years_since_renovation,city_target_enc,zip_target_enc,sqft_living_per_bathroom,lot_to_living_ratio,total_rooms,bath_bed_ratio
3.0,2.0,1340,1384,3.0,0,0,3,0,6,0,6,570223.1185050136,606082.1632653062,446.6666666666667,1.0328358208955224,5.0,0.5
4.0,3.25,3540,159430,2.0,0,0,3,0,7,0,7,549237.5,549237.5,832.9411764705883,45.036723163841806,7.25,0.65
5.0,6.5,7270,130017,2.0,0,0,3,850,4,0,4,602238.7424242424,616797.9852941176,969.3333333333334,17.88404401650619,11.5,1.0833333333333333
3.0,2.25,998,904,2.0,0,0,3,200,7,0,7,573185.0026954178,566123.421875,307.0769230769231,0.905811623246493,5.25,0.5625
5.0,2.75,3060,7015,1.0,0,0,5,1460,35,0,35,574543.2427470535,373425.72222222225,816.0,2.292483660130719,7.75,0.4583333333333333
3.0,2.5,2130,6969,2.0,0,0,3,0,11,0,11,339211.3264705882,339211.3264705882,608.5714285714286,3.271830985915493,5.5,0.625
4.0,2.0,2520,6000,1.0,0,0,3,1120,93,1,7,583475.1987418453,598663.1875,840.0,2.380952380952381,6.0,0.4
4.0,1.0,1940,9533,1.0,0,0,3,860,52,1,11,306368.0406504065,289447.0487804878,970.0,4.913917525773196,5.0,0.2
3.0,2.5,1350,1250,3.0,0,0,3,80,8,0,8,583475.1987418453,559590.6666666666,385.7142857142857,0.9259259259259259,5.5,0.625
4.0,2.5,2160,5298,2.5,0,0,4,0,112,0,112,573185.0026954178,544298.1739130435,617.1428571428571,2.452777777777778,6.5,0.5
3.0,2.5,1370,1350,2.0,0,0,3,360,7,0,7,573185.0026954178,531402.2828947369,391.42857142857144,0.9854014598540146,5.5,0.625
4.0,4.5,5420,101930,1.0,0,0,3,1530,13,0,13,664018.5575757576,696975.4117647059,985.4545454545455,18.80627306273063,8.5,0.9
4.0,2.5,2830,5000,2.0,0,0,3,0,19,0,19,583475.1987418453,930145.0333333333,808.5714285714286,1.7667844522968197,6.5,0.5
3.0,2.5,2010,2287,2.0,0,0,3,620,0,0,0,602238.7424242424,616797.9852941176,574.2857142857143,1.1378109452736318,5.5,0.625
4.0,2.75,3300,12090,2.0,0,0,3,0,61,0,61,1786342.857142857,1323936.9862068966,880.0,3.6636363636363636,6.75,0.55
2.0,2.5,1230,1391,2.0,0,0,3,360,10,1,11,573185.0026954178,1024997.5853658536,351.42857142857144,1.1308943089430894,4.5,0.8333333333333334
3.0,1.5,1720,7119,1.5,0,0,4,0,62,0,62,423979.98295454547,377329.25409836066,688.0,4.138953488372093,4.5,0.375
1.0,1.0,810,2451,1.0,0,0,5,0,73,0,73,583475.1987418453,437527.63157894736,405.0,3.025925925925926,2.0,0.5
3.0,1.75,1560,8078,1.5,1,4,4,0,86,0,86,1182030.1090909091,1182030.1090909091,567.2727272727273,5.1782051282051285,4.75,0.4375
3.0,2.0,2560,216777,1.0,0,0,3,0,28,0,28,308362.248,375611.3,853.3333333333334,84.678515625,5.0,0.5
4.0,3.25,4700,38412,2.0,0,0,3,1280,36,0,36,859295.1570351758,817478.5,1105.8823529411766,8.172765957446808,7.25,0.65
2.0,1.0,1220,2500,1.0,0,0,3,450,104,1,8,574543.2427470535,423128.77358490566,610.0,2.0491803278688523,3.0,0.3333333333333333
5.0,2.75,3650,20150,1.0,0,0,4,1290,39,0,39,854623.3027093596,1326856.5666666667,973.3333333333334,5.52054794520548,7.75,0.4583333333333333
3.0,3.25,2170,12508,1.5,0,0,5,520,86,1,44,1204170.349206349,1204170.349206349,510.5882352941176,5.76405529953917,6.25,0.8125
4.0,2.25,2540,228254,1.0,0,0,3,1090,24,1,5,420648.1666666667,420648.1666666667,781.5384615384615,89.86377952755906,6.25,0.45
2.0,1.0,910,4500,1.5,0,0,4,0,108,1,24,570223.1185050136,430721.18644067796,455.0,4.945054945054945,3.0,0.3333333333333333
4.0,2.5,2980,4930,2.0,0,0,3,90,14,0,14,881585.4168316831,809289.1351351351,851.4285714285714,1.6543624161073827,6.5,0.5
4.0,1.75,2120,4650,1.0,0,1,3,930,63,1,20,573185.0026954178,566123.421875,770.9090909090909,2.193396226415094,5.75,0.35
4.0,3.5,3460,3997,2.0,0,0,3,900,10,1,11,573185.0026954178,576457.3465346535,768.8888888888889,1.1552023121387283,7.5,0.7
5.0,3.0,2480,10090,1.0,0,0,3,1180,10,1,11,583475.1987418453,282381.0546875,620.0,4.068548387096774,8.0,0.5
3.0,2.25,2200,16921,2.0,0,0,3,0,27,1,14,351942.0882352941,351942.0882352941,676.9230769230769,7.691363636363636,5.25,0.5625
4.0,2.0,1730,5500,1.0,0,0,5,720,71,0,71,570223.1185050136,303242.85714285716,576.6666666666666,3.179190751445087,6.0,0.4
3.0,2.5,2920,34527,1.0,0,4,4,1120,60,1,31,583475.1987418453,639284.1666666666,834.2857142857143,11.824315068493151,5.5,0.625
3.0,1.0,990,8012,1.0,0,0,4,0,48,0,48,379453.5624401914,351241.91041666665,495.0,8.092929292929293,4.0,0.25
4.0,2.5,3040,6887,2.0,0,0,3,0,15,0,15,701918.4194214876,631683.0588235294,868.5714285714286,2.2654605263157896,6.5,0.5
5.0,3.0,4530,258746,1.5,0,0,4,1330,11,0,11,607079.2441860465,660496.5277777778,1132.5,57.11832229580574,8.0,0.5
3.0,1.5,1370,8470,1.0,0,0,4,0,53,1,13,308362.248,375611.3,548.0,6.182481751824818,4.5,0.375
3.0,2.5,1940,4927,2.0,0,0,3,0,10,1,11,376968.54547619045,346675.59929577465,554.2857142857143,2.5396907216494844,5.5,0.625
3.0,2.5,1040,2643,2.0,0,0,3,320,10,1,11,574543.2427470535,445100.0,297.14285714285717,2.541346153846154,5.5,0.625
4.0,2.25,1800,8623,1.0,0,0,4,440,34,0,34,654481.2884615385,805533.4016393443,553.8461538461538,4.790555555555556,6.25,0.45
3.0,1.75,1720,5000,1.0,0,0,3,0,60,1,0,573185.0026954178,544298.1739130435,625.4545454545455,2.9069767441860463,4.75,0.4375
3.0,1.0,980,6380,1.0,0,0,3,220,73,1,20,570223.1185050136,610774.3578947368,490.0,6.510204081632653,4.0,0.25
4.0,2.5,3110,6142,2.0,0,0,3,0,10,1,11,659713.198757764,628759.967032967,888.5714285714286,1.97491961414791,6.5,0.5
5.0,3.0,2100,7715,1.0,0,0,3,850,1,1,91,345010.7211538461,271166.2641509434,525.0,3.6738095238095236,8.0,0.5
3.0,1.5,2020,11358,1.0,0,0,4,830,58,0,58,675464.6038732395,825344.3576388889,808.0,5.622772277227723,4.5,0.375
4.0,1.75,2350,11914,1.0,0,0,4,0,53,1,13,1204170.349206349,1204170.349206349,854.5454545454545,5.069787234042553,5.75,0.35
4.0,2.25,3290,12329,1.5,0,0,4,0,46,0,46,1223622.0,1223622.0,1012.3076923076923,3.7474164133738603,6.25,0.45
5.0,2.25,2180,7813,2.0,0,0,3,0,28,0,28,339211.3264705882,339211.3264705882,670.7692307692307,3.5839449541284405,7.25,0.375
2.0,2.25,1290,1334,3.0,0,0,3,0,7,0,7,570223.1185050136,574002.5,396.9230769230769,1.034108527131783,4.25,0.75
3.0,1.0,1460,9750,1.0,0,0,4,0,45,0,45,297151.21774193546,336132.38095238095,730.0,6.678082191780822,4.0,0.25
2.0,1.0,1290,2828,2.0,0,0,3,0,6,0,6,664018.5575757576,696975.4117647059,645.0,2.192248062015504,3.0,0.3333333333333333
4.0,2.5,2350,3150,1.5,0,0,4,660,104,0,104,583475.1987418453,598663.1875,671.4285714285714,1.3404255319148937,6.5,0.5
3.0,1.0,1080,8100,1.0,0,0,4,0,59,1,5,433780.94444444444,384471.0,540.0,7.5,4.0,0.25
4.0,2.5,2670,13463,2.0,0,0,4,0,25,0,25,602238.7424242424,616797.9852941176,762.8571428571429,5.042322097378277,6.5,0.5
4.0,3.25,3680,5759,2.0,0,0,3,840,11,0,11,611394.2276422764,599392.1333333333,865.8823529411765,1.5649456521739131,7.25,0.65
3.0,1.75,1440,8040,1.0,0,0,3,480,63,1,20,573185.0026954178,452594.44444444444,523.6363636363636,5.583333333333333,4.75,0.4375
4.0,1.75,1940,4800,1.0,0,0,5,910,92,1,58,583475.1987418453,577872.32,705.4545454545455,2.4742268041237114,5.75,0.35
3.0,1.0,1280,9898,1.0,0,0,3,0,46,1,17,632047.53125,597260.8888888889,640.0,7.7328125,4.0,0.25
3.0,2.75,2980,27144,1.5,1,2,5,800,97,0,97,372098.1818181818,467334.3243243243,794.6666666666666,9.108724832214765,5.75,0.6875
3.0,1.0,970,8580,1.0,0,0,3,0,55,1,25,290510.51923076925,297778.6111111111,485.0,8.845360824742269,4.0,0.25
4.0,3.0,2110,5000,1.5,0,2,4,470,84,0,84,573185.0026954178,531402.2828947369,527.5,2.3696682464454977,7.0,0.6
2.0,2.5,1480,1369,3.0,0,0,3,0,5,0,5,662070.8855421686,637280.5326086957,422.85714285714283,0.925,4.5,0.8333333333333334
2.0,1.0,700,10540,1.0,0,0,3,0,61,0,61,515479.54545454547,449850.8552631579,350.0,15.057142857142857,3.0,0.3333333333333333
3.0,2.0,2700,6120,1.0,0,0,4,1350,52,0,52,583475.1987418453,600662.226744186,900.0,2.2666666666666666,5.0,0.5
4.0,3.25,2330,9687,2.0,0,3,3,0,96,0,96,574543.2427470535,1017813.976744186,548.2352941176471,4.157510729613734,7.25,0.65
5.0,1.75,3380,20021,1.0,0,0,4,1690,51,0,51,1379400.0,1264508.6,1229.090909090909,5.923372781065089,6.75,0.2916666666666667
4.0,2.75,2600,2750,1.5,0,0,3,980,78,0,78,573185.0026954178,971798.75,693.3333333333334,1.0576923076923077,6.75,0.55
2.0,1.75,1360,8100,1.0,0,0,3,500,39,0,39,583475.1987418453,807100.6571428571,494.54545454545456,5.955882352941177,3.75,0.5833333333333334
4.0,2.5,2780,6369,1.0,0,0,3,1190,36,0,36,655071.1991869919,514387.5806451613,794.2857142857143,2.2910071942446044,6.5,0.5
3.0,1.0,1250,53143,1.0,0,0,5,0,69,0,69,351942.0882352941,351942.0882352941,625.0,42.5144,4.0,0.25
3.0,2.5,2620,8950,2.0,0,0,3,0,22,0,22,881585.4168316831,809289.1351351351,748.5714285714286,3.4160305343511452,5.5,0.625
3.0,1.5,1350,7620,1.0,0,0,5,0,73,0,73,378731.27777777775,484335.21428571426,540.0,5.644444444444445,4.5,0.375
4.0,3.0,2400,3340,1.0,0,0,4,1200,50,0,50,576183.7791741472,601203.7209302326,600.0,1.3916666666666666,7.0,0.6
4.0,2.5,2760,5000,1.5,0,0,5,1080,86,1,44,583475.1987418453,543333.5897435897,788.5714285714286,1.8115942028985508,6.5,0.5
4.0,2.25,3070,16028,1.0,0,3,3,1200,38,0,38,1099543.2580645161,1099543.2580645161,944.6153846153846,5.220846905537459,6.25,0.45
2.0,1.75,2040,28593,1.5,1,3,4,0,95,1,24,483484.7826086957,483484.7826086957,741.8181818181819,14.016176470588235,3.75,0.5833333333333334
4.0,2.0,1770,6000,2.0,0,0,5,0,103,1,33,583475.1987418453,788787.2272727273,590.0,3.389830508474576,6.0,0.4
4.0,3.75,3490,9170,2.0,0,0,3,0,2,1,102,859215.5687192117,1307172.904,734.7368421052631,2.627507163323782,7.75,0.75
2.0,1.5,830,1333,2.0,0,0,3,0,9,0,9,570223.1185050136,483946.96794871794,332.0,1.606024096385542,3.5,0.5
2.0,2.5,980,895,2.0,0,0,3,310,5,0,5,573185.0026954178,666351.088888889,280.0,0.9132653061224489,4.5,0.8333333333333334
3.0,2.5,1570,1433,3.0,0,0,3,0,4,0,4,583475.1987418453,598663.1875,448.57142857142856,0.9127388535031847,5.5,0.625
4.0,3.25,3270,5187,2.0,0,0,3,160,0,0,0,659713.198757764,628759.967032967,769.4117647058823,1.5862385321100918,7.25,0.65
4.0,2.5,2160,6223,2.0,0,0,3,0,4,0,4,339211.3264705882,339211.3264705882,617.1428571428571,2.8810185185185184,6.5,0.5
4.0,3.75,3280,11000,2.0,0,0,3,960,6,0,6,654481.2884615385,805533.4016393443,690.5263157894736,3.3536585365853657,7.75,0.75
4.0,2.5,3360,7685,2.0,0,0,3,0,13,0,13,376968.54547619045,346675.59929577465,960.0,2.287202380952381,6.5,0.5
5.0,2.75,3150,7119,2.0,0,0,3,0,1,1,91,667110.3374233128,649564.5408163265,840.0,2.26,7.75,0.4583333333333333
3.0,3.5,1810,1846,2.0,0,0,4,370,5,0,5,570223.1185050136,577744.32,402.22222222222223,1.0198895027624308,6.5,0.875
4.0,2.5,2740,7140,2.0,0,0,3,0,21,0,21,712166.302173913,657703.171875,782.8571428571429,2.605839416058394,6.5,0.5
5.0,4.75,3830,35000,1.0,0,0,3,1700,38,0,38,610245.4411764706,681119.6428571428,666.0869565217391,9.138381201044387,9.75,0.7916666666666666
3.0,3.25,3190,5283,2.0,0,0,3,0,7,0,7,589927.1679389313,617858.71875,750.5882352941177,1.6561128526645768,6.25,0.8125
3.0,2.25,2350,10450,1.0,0,0,3,960,37,1,10,453958.47826086957,453958.47826086957,723.0769230769231,4.446808510638298,5.25,0.5625
4.0,2.25,2510,8165,1.0,0,0,4,900,42,0,42,290510.51923076925,287434.2,772.3076923076923,3.252988047808765,6.25,0.45
2.0,2.0,1680,4950,1.0,0,0,3,0,8,0,8,659713.198757764,701241.5652173914,560.0,2.9464285714285716,4.0,0.6666666666666666
3.0,2.0,1770,6610,1.0,0,0,4,810,60,1,35,433780.94444444444,378450.7192982456,590.0,3.7344632768361583,5.0,0.5
3.0,1.0,1090,7315,1.0,0,0,5,0,33,0,33,371872.2878787879,392019.0338983051,545.0,6.7110091743119265,4.0,0.25
5.0,2.5,3001,5710,2.0,0,0,3,0,8,0,8,302187.765625,292224.96153846156,857.4285714285714,1.9026991002999,7.5,0.4166666666666667
5.0,3.0,2450,4591,2.0,0,0,3,0,20,0,20,570223.1185050136,586761.8313953489,612.5,1.8738775510204082,8.0,0.5
3.0,3.25,3610,59677,2.0,0,0,3,1170,11,0,11,611394.2276422764,599392.1333333333,849.4117647058823,16.531024930747922,6.25,0.8125
4.0,2.0,2250,7500,1.0,0,0,5,1050,58,0,58,847974.924611399,752347.2222222222,750.0,3.3333333333333335,6.0,0.4
3.0,1.5,1240,7735,1.0,0,0,4,0,57,1,13,881585.4168316831,699132.2580645161,496.0,6.237903225806452,4.5,0.375
4.0,2.0,2260,6000,1.0,0,0,3,830,56,1,10,570223.1185050136,610774.3578947368,753.3333333333334,2.6548672566371683,6.0,0.4
4.0,1.75,2090,8164,1.0,0,0,4,1020,51,0,51,659713.198757764,628759.967032967,760.0,3.90622009569378,5.75,0.35
5.0,1.75,2020,7902,1.0,0,0,3,800,52,1,11,583475.1987418453,275526.7755102041,734.5454545454545,3.911881188118812,6.75,0.2916666666666667
3.0,1.75,1960,5000,1.0,0,0,5,980,103,1,30,574543.2427470535,353735.36363636365,712.7272727272727,2.5510204081632653,4.75,0.4375
5.0,2.25,3120,16672,2.0,0,0,4,0,45,0,45,1400000.0,1326856.5666666667,960.0,5.343589743589743,7.25,0.375
3.0,1.5,1250,7500,1.0,0,0,3,0,47,1,3,297151.21774193546,277571.13333333336,500.0,6.0,4.5,0.375
3.0,2.25,1490,9600,1.0,0,0,4,320,27,0,27,420648.1666666667,420648.1666666667,458.46153846153845,6.442953020134228,5.25,0.5625
6.0,3.0,2890,2370,2.5,0,0,3,600,108,1,0,573185.0026954178,705945.625,722.5,0.8200692041522492,9.0,0.42857142857142855
3.0,1.0,1900,33888,1.5,0,0,4,0,72,1,32,297123.8925619835,253411.1914893617,950.0,17.835789473684212,4.0,0.25
3.0,1.75,1680,2400,1.0,0,0,5,810,92,1,58,583475.1987418453,577872.32,610.9090909090909,1.4285714285714286,4.75,0.4375
3.0,2.5,2030,8398,2.0,0,0,4,0,39,0,39,859215.5687192117,631745.0,580.0,4.136945812807882,5.5,0.625
4.0,2.5,3740,8700,1.0,0,0,3,1480,10,1,11,377807.7863636364,347522.01615384617,1068.5714285714287,2.3262032085561497,6.5,0.5
3.0,1.75,1580,11750,1.0,0,0,4,400,63,1,15,573185.0026954178,458276.3157894737,574.5454545454545,7.436708860759493,4.75,0.4375
3.0,2.25,1780,6120,1.5,0,0,4,390,87,0,87,576183.7791741472,593491.5454545454,547.6923076923077,3.438202247191011,5.25,0.5625
2.0,1.0,910,6232,1.0,0,0,3,0,71,1,12,574543.2427470535,445100.0,455.0,6.848351648351648,3.0,0.3333333333333333
7.0,4.0,3440,8100,2.0,0,0,3,0,44,1,0,570223.1185050136,606082.1632653062,688.0,2.354651162790698,11.0,0.5
3.0,2.5,1740,13750,2.0,0,0,4,0,39,0,39,847974.924611399,660358.3333333334,497.14285714285717,7.902298850574713,5.5,0.625
5.0,2.5,3400,8970,1.0,0,0,4,1700,55,0,55,420507.6153846154,382840.9275362319,971.4285714285714,2.638235294117647,7.5,0.4166666666666667
4.0,3.25,4400,16625,2.0,0,0,3,0,11,0,11,692567.8918918918,761330.9019607843,1035.2941176470588,3.778409090909091,7.25,0.65
3.0,2.5,2010,14298,2.0,0,0,3,0,37,1,10,483484.7826086957,483484.7826086957,574.2857142857143,7.113432835820896,5.5,0.625
4.0,2.25,2710,38180,2.0,0,0,4,0,37,0,37,610245.4411764706,681119.6428571428,833.8461538461538,14.088560885608857,6.25,0.45
4.0,2.5,5300,26211,2.0,1,2,2,730,91,0,91,570223.1185050136,896874.1724137932,1514.2857142857142,4.945471698113208,6.5,0.5
3.0,1.5,1310,3880,1.0,0,0,3,220,58,1,13,574543.2427470535,566680.5729166666,524.0,2.9618320610687023,4.5,0.375
4.0,1.5,1950,12559,1.5,0,0,3,0,75,1,45,257737.16,283935.7368421053,780.0,6.44051282051282,5.5,0.3
3.0,1.0,1040,6535,1.0,0,0,3,0,67,1,2,583475.1987418453,275526.7755102041,520.0,6.283653846153846,4.0,0.25
3.0,1.75,1090,7200,1.0,0,0,3,0,46,1,17,655071.1991869919,514387.5806451613,396.3636363636364,6.605504587155964,4.75,0.4375
2.0,0.75,650,5360,1.0,0,0,4,0,83,0,83,573185.0026954178,382840.9275362319,371.42857142857144,8.246153846153845,2.75,0.25
3.0,2.0,1480,6600,1.0,0,2,3,740,71,1,12,574543.2427470535,373425.72222222225,493.3333333333333,4.45945945945946,5.0,0.5
2.0,1.0,790,2640,1.0,0,0,3,0,41,1,1,654481.2884615385,520942.46376811597,395.0,3.3417721518987342,3.0,0.3333333333333333
4.0,2.5,3560,11119,1.0,0,2,3,1270,28,0,28,859215.5687192117,1307172.904,1017.1428571428571,3.123314606741573,6.5,0.5
4.0,2.5,3000,5548,2.0,0,0,3,0,8,0,8,673746.1363636364,393745.6779661017,857.1428571428571,1.8493333333333333,6.5,0.5
4.0,2.5,3490,7494,2.0,0,3,3,0,14,0,14,859215.5687192117,827419.403125,997.1428571428571,2.147277936962751,6.5,0.5
3.0,1.75,2340,10495,1.0,0,0,4,0,47,0,47,1182030.1090909091,1182030.1090909091,850.9090909090909,4.485042735042735,4.75,0.4375
3.0,1.75,1650,8254,1.0,0,0,5,590,63,0,63,420507.6153846154,378368.49253731343,600.0,5.002424242424242,4.75,0.4375
3.0,2.0,1940,5820,1.5,0,0,5,790,70,0,70,583475.1987418453,543333.5897435897,646.6666666666666,3.0,5.0,0.5
5.0,3.0,3410,9600,1.0,0,0,4,1540,46,0,46,664524.1592356688,661440.7894736842,852.5,2.8152492668621703,8.0,0.5
3.0,1.0,1710,4050,1.5,0,0,3,0,105,1,10,573185.0026954178,576457.3465346535,855.0,2.3684210526315788,4.0,0.25
4.0,1.5,2740,4000,2.0,0,0,5,810,109,0,109,573185.0026954178,971798.75,1096.0,1.4598540145985401,5.5,0.3
3.0,2.75,1250,892,2.0,0,0,3,210,4,0,4,573185.0026954178,666351.088888889,333.3333333333333,0.7136,5.75,0.6875
3.0,2.25,2450,42180,1.0,0,0,4,0,36,1,14,306341.6666666667,326180.80597014923,753.8461538461538,17.216326530612246,5.25,0.5625
3.0,1.75,1690,8190,1.0,0,0,4,0,56,1,42,859295.1570351758,817478.5,614.5454545454545,4.846153846153846,4.75,0.4375
4.0,1.75,1950,13320,1.0,0,0,4,580,45,0,45,854623.3027093596,673630.7692307692,709.0909090909091,6.8307692307692305,5.75,0.35
5.0,2.0,2290,7125,1.0,0,0,3,1100,50,1,14,859295.1570351758,680245.7142857143,763.3333333333334,3.111353711790393,7.0,0.3333333333333333
5.0,3.25,3370,17458,1.0,0,2,5,1370,32,0,32,1223622.0,1223622.0,792.9411764705883,5.180415430267062,8.25,0.5416666666666666
3.0,1.0,1090,8640,1.0,0,0,4,0,41,0,41,372098.1818181818,467334.3243243243,545.0,7.926605504587156,4.0,0.25
3.0,1.0,1190,9486,1.0,0,0,4,0,61,1,31,583115.9090909091,484335.21428571426,595.0,7.9714285714285715,4.0,0.25
5.0,4.25,3530,7924,2.0,0,0,3,0,13,0,13,1223622.0,1223622.0,672.3809523809524,2.2447592067988666,9.25,0.7083333333333334
3.0,1.0,1440,5000,2.0,0,0,3,0,104,1,8,573185.0026954178,576457.3465346535,720.0,3.4722222222222223,4.0,0.25
4.0,1.75,2180,13529,1.0,0,0,3,1090,58,1,13,466114.81481481483,378368.49253731343,792.7272727272727,6.205963302752294,5.75,0.35
4.0,1.0,1410,6000,1.0,0,0,3,600,89,1,12,583475.1987418453,437527.63157894736,705.0,4.25531914893617,5.0,0.2
3.0,2.5,1950,8251,2.0,0,0,3,0,24,1,5,306983.0317460318,273470.65789473685,557.1428571428571,4.231282051282052,5.5,0.625
5.0,3.25,4860,23723,2.0,0,2,4,1040,25,0,25,1182030.1090909091,1182030.1090909091,1143.5294117647059,4.881275720164609,8.25,0.5416666666666666
3.0,1.0,1660,7210,1.0,0,0,3,560,51,1,6,289521.22794117645,261910.125,830.0,4.343373493975903,4.0,0.25
3.0,1.0,1390,12823,1.0,0,0,4,0,46,0,46,607079.2441860465,660496.5277777778,695.0,9.225179856115108,4.0,0.25
3.0,2.0,1350,14200,1.0,0,0,3,0,25,0,25,420657.71428571426,420657.71428571426,450.0,10.518518518518519,5.0,0.5
3.0,2.0,1530,5401,1.0,0,0,4,0,77,0,77,576183.7791741472,610943.3953488372,510.0,3.530065359477124,5.0,0.5
3.0,1.5,1270,5112,1.0,0,0,3,0,64,1,9,583475.1987418453,600662.226744186,508.0,4.025196850393701,4.5,0.375
4.0,2.25,2140,6355,2.0,0,0,3,0,12,0,12,547301.5576923077,547301.5576923077,658.4615384615385,2.9696261682242993,6.25,0.45
4.0,2.5,2040,5616,2.0,0,0,3,0,2,1,102,466376.511627907,466376.511627907,582.8571428571429,2.7529411764705882,6.5,0.5
3.0,3.5,2876,5086,2.0,0,0,3,516,7,0,7,632047.53125,597260.8888888889,639.1111111111111,1.7684283727399166,6.5,0.875
3.0,2.5,1580,1161,2.0,0,0,3,570,6,0,6,574543.2427470535,1017813.976744186,451.42857142857144,0.7348101265822785,5.5,0.625
4.0,3.5,3400,5196,2.0,0,0,3,0,2,1,102,533938.304347826,533938.304347826,755.5555555555555,1.5282352941176471,7.5,0.7
4.0,2.5,3520,6773,2.5,0,0,3,870,8,0,8,570223.1185050136,483946.96794871794,1005.7142857142857,1.9241477272727272,6.5,0.5
4.0,2.5,2210,4861,2.0,0,0,3,0,1,1,91,570223.1185050136,586761.8313953489,631.4285714285714,2.1995475113122174,6.5,0.5
4.0,2.5,2790,5602,2.0,0,0,3,0,5,0,5,371872.2878787879,510118.0,797.1428571428571,2.007885304659498,6.5,0.5
3.0,2.5,1450,5008,1.0,0,0,3,610,7,0,7,573185.0026954178,299231.52173913043,414.2857142857143,3.453793103448276,5.5,0.625
4.0,1.75,1620,4980,1.0,0,0,4,760,67,1,26,583475.1987418453,378450.7192982456,589.0909090909091,3.074074074074074,5.75,0.35
3.0,1.5,1220,1086,3.0,0,0,3,0,7,0,7,573185.0026954178,382840.9275362319,488.0,0.8901639344262295,4.5,0.375
3.0,1.75,2000,5000,1.0,0,0,4,890,93,0,93,570223.1185050136,586761.8313953489,727.2727272727273,2.5,4.75,0.4375
4.0,2.5,2190,7350,2.5,0,0,5,0,56,0,56,1182030.1090909091,1182030.1090909091,625.7142857142857,3.356164383561644,6.5,0.5
4.0,1.75,1900,8250,1.0,0,0,4,950,59,1,5,881585.4168316831,809289.1351351351,690.9090909090909,4.342105263157895,5.75,0.35
3.0,1.0,1700,4400,1.5,0,0,4,0,108,1,24,573185.0026954178,544298.1739130435,850.0,2.588235294117647,4.0,0.25
5.0,2.5,2540,3832,2.0,0,0,5,780,85,0,85,574543.2427470535,566680.5729166666,725.7142857142857,1.5086614173228345,7.5,0.4166666666666667
2.0,1.0,1170,8925,1.0,0,2,3,0,103,1,35,295841.6666666667,299247.56097560975,585.0,7.628205128205129,3.0,0.3333333333333333
5.0,5.0,5774,31675,1.0,0,2,3,1284,30,0,30,298547.1904761905,300771.1538461539,962.3333333333334,5.485798406650503,10.0,0.8333333333333334
3.0,2.25,2120,15003,2.0,0,0,3,0,30,0,30,377807.7863636364,523649.19402985077,652.3076923076923,7.0768867924528305,5.25,0.5625
3.0,1.75,2170,26460,1.0,0,0,3,720,28,0,28,712166.302173913,657703.171875,789.0909090909091,12.193548387096774,4.75,0.4375
4.0,2.75,2450,15002,1.0,0,0,5,0,40,0,40,480427.5,418429.25675675675,653.3333333333334,6.123265306122449,6.75,0.55
2.0,1.0,700,5200,1.0,0,0,5,0,62,1,16,379453.5624401914,390117.4745762712,350.0,7.428571428571429,3.0,0.3333333333333333
3.0,2.5,1780,7214,1.0,0,0,4,380,28,0,28,301453.96774193546,287895.1666666667,508.57142857142856,4.052808988764045,5.5,0.625
3.0,2.0,1850,8250,1.0,0,0,4,700,62,0,62,308362.248,225450.1,616.6666666666666,4.45945945945946,5.0,0.5
3.0,2.0,1570,5706,1.0,0,0,3,0,16,1,8,294280.725,357244.34545454546,523.3333333333334,3.6343949044585986,5.0,0.5
3.0,1.0,1290,5500,1.0,0,0,3,310,63,1,20,573185.0026954178,531402.2828947369,645.0,4.263565891472868,4.0,0.25
5.0,2.0,1700,7314,1.0,0,0,3,700,58,1,13,583475.1987418453,352404.6388888889,566.6666666666666,4.302352941176471,7.0,0.3333333333333333
2.0,1.5,1159,4800,1.0,0,0,3,0,66,1,20,583475.1987418453,788787.2272727273,463.6,4.141501294219155,3.5,0.5
3.0,2.75,1850,9600,1.5,0,0,5,0,49,0,49,654481.2884615385,520942.46376811597,493.3333333333333,5.1891891891891895,5.75,0.6875
2.0,1.0,840,3522,1.0,0,0,3,0,67,1,2,574543.2427470535,731451.1428571428,420.0,4.192857142857143,3.0,0.3333333333333333
3.0,2.5,1690,1618,2.0,0,0,3,540,0,0,0,609064.7603305785,621249.6153846154,482.85714285714283,0.9573964497041421,5.5,0.625
3.0,1.0,1050,9876,1.0,0,0,3,0,61,0,61,445182.39130434784,445182.39130434784,525.0,9.405714285714286,4.0,0.25
3.0,1.75,1400,3825,1.5,0,0,4,300,110,0,110,574543.2427470535,566680.5729166666,509.09090909090907,2.732142857142857,4.75,0.4375
3.0,2.5,2550,7200,2.0,0,2,3,0,33,1,1,574543.2427470535,551327.925925926,728.5714285714286,2.823529411764706,5.5,0.625
3.0,2.5,1840,5011,2.0,0,0,3,0,2,1,102,339556.4805970149,339556.4805970149,525.7142857142857,2.7233695652173915,5.5,0.625
3.0,1.5,2360,6750,2.0,0,0,5,430,88,0,88,583475.1987418453,598663.1875,944.0,2.860169491525424,4.5,0.375
4.0,2.5,2240,14667,2.0,0,0,4,0,25,0,25,674250.625,510118.0,640.0,6.5477678571428575,6.5,0.5
4.0,2.5,2700,4004,2.0,0,0,3,0,10,1,11,611821.4210526316,632427.4029850747,771.4285714285714,1.482962962962963,6.5,0.5
3.0,2.5,3030,30007,1.5,0,0,4,0,22,0,22,602057.1753246753,636714.1129032258,865.7142857142857,9.903300330033003,5.5,0.625
3.0,1.75,1830,5120,1.5,0,2,5,0,111,0,111,583475.1987418453,577872.32,665.4545454545455,2.797814207650273,4.75,0.4375
3.0,2.5,2220,6049,2.0,0,0,4,0,24,0,24,302187.765625,282441.9347826087,634.2857142857143,2.7247747747747746,5.5,0.625
3.0,2.5,2090,7640,1.0,0,0,3,730,52,1,0,428665.7159090909,382164.4375,597.1428571428571,3.6555023923444976,5.5,0.625
3.0,1.75,1600,6120,1.5,0,0,3,0,90,1,3,570223.1185050136,610774.3578947368,581.8181818181819,3.825,4.75,0.4375
4.0,1.75,2010,8625,1.0,0,0,4,670,57,1,13,423979.98295454547,379153.1549295775,730.9090909090909,4.291044776119403,5.75,0.35
2.0,1.0,830,4000,1.0,0,0,3,0,59,1,9,574543.2427470535,566680.5729166666,415.0,4.819277108433735,3.0,0.3333333333333333
4.0,2.5,2010,7226,2.0,0,0,3,0,19,0,19,308362.248,375611.3,574.2857142857143,3.5950248756218905,6.5,0.5
3.0,1.0,1050,5402,1.5,0,0,4,0,108,1,24,583475.1987418453,662231.5294117647,525.0,5.144761904761904,4.0,0.25
4.0,2.5,2150,39449,1.0,0,0,3,730,36,0,36,730700.0,730700.0,614.2857142857143,18.348372093023254,6.5,0.5
3.0,1.0,860,11900,1.0,0,0,4,0,51,0,51,301453.96774193546,287895.1666666667,430.0,13.837209302325581,4.0,0.25
3.0,2.5,3100,20553,1.0,0,0,3,0,60,1,9,423979.98295454547,754622.6341463415,885.7142857142857,6.63,5.5,0.625
3.0,1.0,1100,17334,1.0,0,0,3,0,36,0,36,306983.0317460318,273470.65789473685,550.0,15.758181818181818,4.0,0.25
3.0,1.5,1830,8000,1.0,0,0,4,0,57,1,13,854623.3027093596,621811.7647058824,732.0,4.371584699453552,4.5,0.375
2.0,1.75,1250,34395,1.0,0,0,4,0,64,1,31,290510.51923076925,297778.6111111111,454.54545454545456,27.516,3.75,0.5833333333333334
3.0,2.5,1820,4883,2.0,0,0,3,0,9,0,9,447643.1818181818,447643.1818181818,520.0,2.6829670329670328,5.5,0.625
3.0,2.0,2090,42689,1.5,0,0,3,0,55,1,16,468500.0,468500.0,696.6666666666666,20.42535885167464,5.0,0.5
3.0,3.5,2100,12384,2.0,0,0,3,0,34,0,34,352033.1,271166.2641509434,466.6666666666667,5.897142857142857,6.5,0.875
4.0,2.5,2310,14023,2.0,0,0,3,0,23,0,23,413841.8,413841.8,660.0,6.070562770562771,6.5,0.5
4.0,2.25,2060,5649,1.0,0,0,5,700,73,0,73,583475.1987418453,788787.2272727273,633.8461538461538,2.742233009708738,6.25,0.45
4.0,2.25,4470,60373,2.0,0,0,3,0,26,1,14,612917.84375,554207.5555555555,1375.3846153846155,13.506263982102908,6.25,0.45
3.0,1.0,1660,7500,1.0,0,0,4,600,74,1,13,574543.2427470535,443537.9032258064,830.0,4.518072289156627,4.0,0.25
5.0,4.5,3810,8019,2.0,0,0,3,0,6,0,6,712166.302173913,775557.8101851852,692.7272727272727,2.104724409448819,9.5,0.75
3.0,1.75,2110,10200,2.0,0,0,4,0,48,0,48,377807.7863636364,523649.19402985077,767.2727272727273,4.834123222748815,4.75,0.4375
2.0,2.0,2370,217800,1.5,0,0,3,770,22,0,22,609064.7603305785,593956.5636363636,790.0,91.89873417721519,4.0,0.6666666666666666
3.0,2.25,1970,3716,2.0,0,0,3,0,17,0,17,379453.5624401914,390117.4745762712,606.1538461538462,1.8862944162436548,5.25,0.5625
4.0,2.5,2470,33305,2.0,0,0,3,0,21,0,21,662070.8855421686,692332.75,705.7142857142857,13.483805668016194,6.5,0.5
3.0,1.0,1480,7830,1.0,0,0,3,0,62,1,6,433780.94444444444,378450.7192982456,740.0,5.29054054054054,4.0,0.25
5.0,3.0,2257,10117,1.0,0,0,3,894,9,0,9,260515.44444444444,273801.64705882355,564.25,4.482498892334958,8.0,0.5
2.0,1.0,700,6000,1.0,0,0,4,0,65,1,29,420507.6153846154,378368.49253731343,350.0,8.571428571428571,3.0,0.3333333333333333
4.0,2.0,1630,9010,1.0,0,0,4,580,39,0,39,308362.248,375611.3,543.3333333333334,5.52760736196319,6.0,0.4
4.0,2.5,3430,10157,2.0,0,0,3,0,14,0,14,665473.701171875,527234.776119403,980.0,2.9612244897959186,6.5,0.5
5.0,1.75,2220,6000,1.5,0,0,3,800,91,1,16,583475.1987418453,788787.2272727273,807.2727272727273,2.7027027027027026,6.75,0.2916666666666667
3.0,1.75,1340,7473,1.0,0,0,4,0,41,0,41,294280.725,238853.55172413794,487.27272727272725,5.576865671641791,4.75,0.4375
2.0,1.0,980,2130,1.0,0,0,4,120,96,1,40,583475.1987418453,552240.609375,490.0,2.173469387755102,3.0,0.3333333333333333
3.0,2.5,2580,13096,2.0,0,0,3,0,28,0,28,667110.3374233128,649564.5408163265,737.1428571428571,5.075968992248062,5.5,0.625
4.0,2.5,2230,4541,2.0,0,0,3,0,8,0,8,319992.64705882355,331194.18666666665,637.1428571428571,2.036322869955157,6.5,0.5
4.0,2.0,2290,11137,1.0,0,0,4,0,59,1,5,859215.5687192117,1307172.904,763.3333333333334,4.8633187772925766,6.0,0.4
3.0,1.0,1260,8280,1.0,0,0,3,0,68,0,68,570223.1185050136,610774.3578947368,630.0,6.571428571428571,4.0,0.25
4.0,2.75,1680,11180,1.0,0,0,4,0,48,0,48,664018.5575757576,639101.3958333334,448.0,6.654761904761905,6.75,0.55
4.0,3.25,3200,7081,2.0,0,0,3,0,10,1,11,704425.8029661017,793072.1490384615,752.9411764705883,2.2128125,7.25,0.65
4.0,2.5,3320,7644,2.0,0,0,3,0,19,0,19,859215.5687192117,827419.403125,948.5714285714286,2.302409638554217,6.5,0.5
4.0,2.5,3040,24123,2.0,0,0,3,0,15,0,15,297123.8925619835,363214.4727272727,868.5714285714286,7.935197368421052,6.5,0.5
4.0,2.75,2270,7375,1.0,0,0,4,980,41,0,41,675464.6038732395,521302.5714285714,605.3333333333334,3.248898678414097,6.75,0.55
3.0,2.5,2910,17172,2.0,0,0,3,0,25,0,25,298547.1904761905,300771.1538461539,831.4285714285714,5.901030927835052,5.5,0.625
5.0,2.25,2510,9887,2.0,0,0,3,0,42,1,12,1204170.349206349,1204170.349206349,772.3076923076923,3.939043824701195,7.25,0.375
2.0,1.0,1240,7200,1.0,0,0,3,0,47,1,3,345922.0,270748.24,620.0,5.806451612903226,3.0,0.3333333333333333
3.0,2.75,2580,5200,2.0,0,0,3,0,6,0,6,371872.2878787879,510118.0,688.0,2.0155038759689923,5.75,0.6875
3.0,2.75,2470,3600,2.0,0,0,3,0,7,0,7,609064.7603305785,621249.6153846154,658.6666666666666,1.45748987854251,5.75,0.6875
4.0,3.5,4910,9444,1.5,0,0,3,1800,7,0,7,692567.8918918918,634856.3076923077,1091.111111111111,1.9234215885947046,7.5,0.7
3.0,2.5,1690,5025,2.0,0,0,3,0,11,0,11,291133.71153846156,283302.9365079365,482.85714285714283,2.973372781065089,5.5,0.625
4.0,2.5,2240,12032,1.0,0,0,3,0,31,1,5,712166.302173913,657703.171875,640.0,5.371428571428571,6.5,0.5
3.0,2.0,1650,7352,1.0,0,0,3,490,35,1,0,377807.7863636364,347522.01615384617,550.0,4.455757575757576,5.0,0.5
4.0,2.5,2710,5880,2.0,0,0,3,0,16,1,8,294280.725,357244.34545454546,774.2857142857143,2.169741697416974,6.5,0.5
3.0,1.5,1260,10350,1.0,0,0,3,0,55,1,25,859215.5687192117,631745.0,504.0,8.214285714285714,4.5,0.375
3.0,1.0,1150,8100,1.0,0,0,3,0,82,0,82,573185.0026954178,232418.88888888888,575.0,7.043478260869565,4.0,0.25
4.0,2.75,2550,7636,1.0,0,0,3,1110,28,0,28,707300.656504065,637825.9692307692,680.0,2.9945098039215687,6.75,0.55
3.0,1.75,1490,6930,1.0,0,0,4,0,24,0,24,306368.0406504065,291247.46153846156,541.8181818181819,4.651006711409396,4.75,0.4375
4.0,1.75,2020,7865,1.0,0,0,4,1010,51,0,51,370580.66352040815,502494.4029850746,734.5454545454545,3.8935643564356437,5.75,0.35
2.0,1.0,1320,4520,1.0,0,1,3,0,102,1,43,583475.1987418453,639284.1666666666,660.0,3.4242424242424243,3.0,0.3333333333333333
3.0,1.0,1230,10350,1.0,0,0,4,0,57,1,13,371872.2878787879,307678.125,615.0,8.414634146341463,4.0,0.25
4.0,2.5,2070,7800,2.0,0,0,3,0,25,0,25,298547.1904761905,300771.1538461539,591.4285714285714,3.7681159420289854,6.5,0.5
4.0,1.75,2930,11562,1.0,0,3,3,1260,67,1,2,583475.1987418453,552240.609375,1065.4545454545455,3.946075085324232,5.75,0.35
3.0,1.0,1090,8520,1.0,0,0,3,0,47,1,3,290510.51923076925,297778.6111111111,545.0,7.81651376146789,4.0,0.25
3.0,1.0,1400,7066,1.0,0,0,3,0,57,1,14,570223.1185050136,468929.3650793651,700.0,5.047142857142857,4.0,0.25
4.0,2.0,1550,4815,1.5,0,0,3,0,105,1,10,573185.0026954178,576457.3465346535,516.6666666666666,3.106451612903226,6.0,0.4
3.0,1.0,1220,13000,1.0,0,0,4,0,59,1,5,428665.7159090909,382164.4375,610.0,10.655737704918034,4.0,0.25
3.0,2.5,1870,7344,1.0,0,0,3,400,34,0,34,661873.9341085271,490319.85294117645,534.2857142857143,3.9272727272727272,5.5,0.625
3.0,2.25,2150,30476,2.0,0,0,3,0,23,0,23,338981.5238095238,266966.6,661.5384615384615,14.174883720930232,5.25,0.5625
3.0,1.0,980,3090,1.5,0,0,3,0,111,1,9,574543.2427470535,445100.0,490.0,3.1530612244897958,4.0,0.25
3.0,1.5,1490,8475,1.0,0,0,4,0,51,0,51,667110.3374233128,649564.5408163265,596.0,5.6879194630872485,4.5,0.375
3.0,1.5,1120,7000,1.0,0,0,3,0,59,1,9,881585.4168316831,679366.6666666666,448.0,6.25,4.5,0.375
3.0,2.25,1180,9630,2.0,0,0,3,0,28,0,28,451624.14634146343,451624.14634146343,363.0769230769231,8.161016949152541,5.25,0.5625
4.0,2.5,3240,20301,2.0,0,0,3,0,29,0,29,664018.5575757576,639101.3958333334,925.7142857142857,6.265740740740741,6.5,0.5
4.0,2.5,2150,6807,2.0,0,0,4,0,23,0,23,297151.21774193546,287917.39130434784,614.2857142857143,3.166046511627907,6.5,0.5
3.0,2.5,2240,10800,2.0,0,0,3,0,18,0,18,445182.39130434784,445182.39130434784,640.0,4.821428571428571,5.5,0.625
3.0,2.0,1400,7384,1.0,0,0,3,250,35,1,0,376968.54547619045,346675.59929577465,466.6666666666667,5.274285714285714,5.0,0.5
3.0,2.25,1980,40887,1.0,0,0,4,0,34,0,34,664524.1592356688,667790.3,609.2307692307693,20.65,5.25,0.5625
3.0,1.0,1330,20562,1.5,0,0,3,0,55,1,25,400620.86486486485,400620.86486486485,665.0,15.46015037593985,4.0,0.25
4.0,2.5,3200,7535,2.0,0,0,3,0,8,0,8,583475.1987418453,930145.0333333333,914.2857142857143,2.3546875,6.5,0.5
2.0,1.0,1490,6000,1.0,0,0,3,400,68,0,68,576183.7791741472,1007907.8,745.0,4.026845637583893,3.0,0.3333333333333333
5.0,4.25,3920,16258,2.0,0,0,3,1020,24,1,5,854623.3027093596,1326856.5666666667,746.6666666666666,4.147448979591837,9.25,0.7083333333333334
5.0,1.75,2000,3750,2.0,0,0,4,0,93,0,93,576183.7791741472,581484.52,727.2727272727273,1.875,6.75,0.2916666666666667
4.0,2.5,2680,9185,2.0,0,0,3,0,25,0,25,609064.7603305785,621249.6153846154,765.7142857142857,3.4272388059701493,6.5,0.5
4.0,2.0,1670,9987,1.0,0,0,3,0,47,1,3,289521.22794117645,261910.125,556.6666666666666,5.980239520958084,6.0,0.4
4.0,3.0,3150,9130,2.0,0,0,3,0,13,0,13,704425.8029661017,793072.1490384615,787.5,2.8984126984126983,7.0,0.6
4.0,3.25,2740,7266,2.0,0,0,3,680,11,0,11,602238.7424242424,586241.8196721311,644.7058823529412,2.651824817518248,7.25,0.65
4.0,1.75,1890,8000,1.0,0,0,4,640,54,1,13,428665.7159090909,382164.4375,687.2727272727273,4.232804232804233,5.75,0.35
7.0,3.5,2870,29699,1.0,0,0,3,1350,53,1,10,583475.1987418453,455981.53846153844,637.7777777777778,10.34808362369338,10.5,0.4375
3.0,1.0,1160,10384,1.0,0,0,4,0,45,0,45,341878.1945205479,341878.1945205479,580.0,8.951724137931034,4.0,0.25
4.0,1.75,3550,19865,2.0,0,0,3,0,52,1,12,1789164.2857142857,1789164.2857142857,1290.909090909091,5.595774647887324,5.75,0.35
3.0,1.75,1790,6117,1.0,0,2,3,440,74,1,18,576183.7791741472,760659.568627451,650.9090909090909,3.41731843575419,4.75,0.4375
3.0,1.75,1680,250470,1.0,0,0,4,610,74,1,13,413841.8,413841.8,610.9090909090909,149.08928571428572,4.75,0.4375
3.0,2.5,4560,17622,2.0,0,0,4,760,28,0,28,712166.302173913,657703.171875,1302.857142857143,3.8644736842105263,5.5,0.625
3.0,2.25,1590,7748,2.0,0,0,4,0,23,0,23,298547.1904761905,300771.1538461539,489.2307692307692,4.8729559748427675,5.25,0.5625
3.0,1.0,1630,10304,1.0,0,0,5,0,61,0,61,402504.4879518072,381644.5188679245,815.0,6.321472392638037,4.0,0.25
3.0,2.5,2700,7434,2.0,0,0,3,0,23,0,23,610245.4411764706,560633.5,771.4285714285714,2.7533333333333334,5.5,0.625
3.0,2.5,1700,7496,2.0,0,0,3,0,20,0,20,376968.54547619045,324440.0,485.7142857142857,4.409411764705882,5.5,0.625
4.0,3.25,3740,12080,1.0,0,0,3,1740,26,1,14,607079.2441860465,660496.5277777778,880.0,3.229946524064171,7.25,0.65
4.0,3.0,1980,5352,2.5,0,0,3,0,73,1,9,576183.7791741472,509155.26219512196,495.0,2.703030303030303,7.0,0.6
2.0,1.0,880,6345,1.0,0,0,3,0,95,1,13,583475.1987418453,300070.8333333333,440.0,7.2102272727272725,3.0,0.3333333333333333
3.0,2.0,1400,6200,1.0,0,0,3,700,66,1,20,428665.7159090909,382164.4375,466.6666666666667,4.428571428571429,5.0,0.5
4.0,2.0,2050,4000,1.5,0,0,5,840,73,0,73,576183.7791741472,619323.25,683.3333333333334,1.951219512195122,6.0,0.4
3.0,2.5,2360,4638,2.0,0,3,3,0,18,0,18,583475.1987418453,600662.226744186,674.2857142857143,1.9652542372881356,5.5,0.625
4.0,2.0,2560,7798,1.0,0,0,4,670,67,1,26,583475.1987418453,600662.226744186,853.3333333333334,3.04609375,6.0,0.4
3.0,1.5,1340,10224,1.0,0,0,4,0,58,0,58,859295.1570351758,809147.9375,536.0,7.629850746268657,4.5,0.375
3.0,1.0,1060,5200,1.0,0,0,5,0,44,0,44,271876.92307692306,313686.0298507463,530.0,4.90566037735849,4.0,0.25
3.0,1.5,850,2500,1.0,0,0,3,0,28,0,28,573185.0026954178,299231.52173913043,340.0,2.9411764705882355,4.5,0.375
4.0,1.75,1880,7303,1.0,0,0,3,870,38,0,38,654481.2884615385,520942.46376811597,683.6363636363636,3.8845744680851064,5.75,0.35
3.0,1.0,1230,12305,1.0,0,0,3,0,59,1,24,859295.1570351758,1264508.6,615.0,10.004065040650406,4.0,0.25
4.0,1.75,2290,10290,1.0,0,0,3,950,54,1,2,583475.1987418453,371058.47297297296,832.7272727272727,4.493449781659389,5.75,0.35
3.0,1.0,1660,6582,1.0,0,0,5,660,68,0,68,576183.7791741472,368028.3015873016,830.0,3.9650602409638553,4.0,0.25
3.0,2.5,1840,2875,2.0,0,0,4,0,17,0,17,576183.7791741472,616646.6086956522,525.7142857142857,1.5625,5.5,0.625
4.0,2.5,3020,17810,1.0,0,0,3,1420,35,1,0,473692.0,384471.0,862.8571428571429,5.897350993377484,6.5,0.5
3.0,1.75,1410,6886,1.0,0,0,3,0,90,1,1,583475.1987418453,378450.7192982456,512.7272727272727,4.883687943262411,4.75,0.4375
3.0,1.0,1010,9514,1.0,0,0,3,0,45,1,4,371872.2878787879,510118.0,505.0,9.41980198019802,4.0,0.25
3.0,1.75,1960,8136,1.0,0,0,3,980,66,1,20,576183.7791741472,286897.82608695654,712.7272727272727,4.151020408163265,4.75,0.4375
5.0,3.75,3580,14275,2.0,0,0,3,390,15,0,15,611394.2276422764,599392.1333333333,753.6842105263158,3.9874301675977653,8.75,0.625
4.0,2.5,2240,7200,2.0,0,0,3,0,19,0,19,570223.1185050136,430721.18644067796,640.0,3.2142857142857144,6.5,0.5
4.0,2.5,3310,5404,2.0,0,0,3,0,10,1,11,662070.8855421686,637280.5326086957,945.7142857142857,1.6326283987915409,6.5,0.5
3.0,2.5,1232,1130,3.0,0,0,3,0,7,0,7,583475.1987418453,455981.53846153844,352.0,0.9172077922077922,5.5,0.625
4.0,3.5,3930,5680,2.0,0,1,3,1110,1,1,91,602238.7424242424,586241.8196721311,873.3333333333334,1.44529262086514,7.5,0.7
3.0,2.5,1720,3600,2.0,0,0,3,0,4,0,4,664018.5575757576,696975.4117647059,491.42857142857144,2.0930232558139537,5.5,0.625
3.0,2.25,1490,974,2.0,0,0,3,270,5,0,5,583475.1987418453,300070.8333333333,458.46153846153845,0.6536912751677852,5.25,0.5625
3.0,2.5,3150,151588,2.0,0,0,3,0,7,0,7,730700.0,730700.0,900.0,48.123174603174604,5.5,0.625
4.0,2.5,3950,10856,3.0,0,0,3,0,1,1,91,704425.8029661017,793072.1490384615,1128.5714285714287,2.748354430379747,6.5,0.5
5.0,2.75,3030,10335,2.0,0,0,3,0,1,1,91,635820.0,390117.4745762712,808.0,3.410891089108911,7.75,0.4583333333333333
2.0,1.5,1070,9643,1.0,0,0,3,0,29,0,29,301453.96774193546,287895.1666666667,428.0,9.01214953271028,3.5,0.5
3.0,2.5,2320,36847,2.0,0,2,3,0,22,0,22,400620.86486486485,400620.86486486485,662.8571428571429,15.882327586206896,5.5,0.625
1.0,1.0,700,5100,1.0,0,0,3,0,72,1,15,583475.1987418453,600662.226744186,350.0,7.285714285714286,2.0,0.5
3.0,2.5,2720,6439,2.0,0,0,3,0,9,0,9,547301.5576923077,547301.5576923077,777.1428571428571,2.367279411764706,5.5,0.625
3.0,2.5,1800,5761,2.0,0,0,4,0,24,0,24,573185.0026954178,299231.52173913043,514.2857142857143,3.2005555555555554,5.5,0.625
3.0,1.75,1560,4049,1.5,0,2,3,560,88,1,11,573185.0026954178,446315.6779661017,567.2727272727273,2.5955128205128206,4.75,0.4375
3.0,2.0,1760,11410,1.0,0,0,5,700,37,0,37,377807.7863636364,347522.01615384617,586.6666666666666,6.482954545454546,5.0,0.5
4.0,3.25,3120,5000,2.0,0,0,3,750,9,0,9,573185.0026954178,594233.6460674157,734.1176470588235,1.6025641025641026,7.25,0.65
2.0,1.0,2020,7200,1.0,0,3,4,320,67,1,26,574543.2427470535,373425.72222222225,1010.0,3.5643564356435644,3.0,0.3333333333333333
3.0,2.0,1450,2400,1.5,0,0,3,0,114,1,11,583475.1987418453,543333.5897435897,483.3333333333333,1.6551724137931034,5.0,0.5
4.0,2.25,1860,7000,1.0,0,0,3,740,35,1,0,298547.1904761905,296686.537037037,572.3076923076923,3.763440860215054,6.25,0.45
4.0,2.25,2270,7800,1.0,0,0,3,980,37,1,10,655071.1991869919,514387.5806451613,698.4615384615385,3.436123348017621,6.25,0.45
3.0,2.5,1480,15639,2.0,0,0,3,0,27,1,14,421049.06666666665,421049.06666666665,422.85714285714283,10.566891891891892,5.5,0.625
5.0,1.0,1460,6032,2.0,0,0,4,0,73,1,16,345922.0,270748.24,730.0,4.131506849315069,6.0,0.16666666666666666
4.0,3.5,1850,6519,2.0,0,0,3,720,28,0,28,294129.8971962617,292973.1515151515,411.1111111111111,3.523783783783784,7.5,0.7
3.0,2.5,2170,5000,2.0,0,0,3,0,11,0,11,589927.1679389313,617858.71875,620.0,2.304147465437788,5.5,0.625
3.0,1.75,1726,197326,2.0,0,0,4,0,32,1,3,476616.0,476616.0,627.6363636363636,114.32560834298957,4.75,0.4375
3.0,1.75,1180,10541,1.0,0,0,4,240,33,0,33,692567.8918918918,634856.3076923077,429.09090909090907,8.933050847457627,4.75,0.4375
4.0,1.5,1370,9957,1.0,0,0,3,470,42,1,12,665473.701171875,527234.776119403,548.0,7.267883211678832,5.5,0.3
3.0,2.5,2670,13218,1.0,0,0,4,0,26,0,26,298517.84,334007.40625,762.8571428571429,4.950561797752809,5.5,0.625
3.0,1.0,1260,6826,1.0,0,0,3,540,70,0,70,576183.7791741472,460224.62686567166,630.0,5.417460317460318,4.0,0.25
4.0,1.0,1980,7991,1.5,0,0,3,0,52,1,11,377807.7863636364,347522.01615384617,990.0,4.035858585858586,5.0,0.2
3.0,2.0,2050,3933,1.0,0,0,3,870,88,1,13,576183.7791741472,1007907.8,683.3333333333334,1.9185365853658536,5.0,0.5
5.0,2.75,2830,5310,2.0,0,0,3,0,8,0,8,659713.198757764,628759.967032967,754.6666666666666,1.8763250883392226,7.75,0.4583333333333333
2.0,1.0,910,3600,1.0,0,0,4,0,105,1,25,583475.1987418453,901820.6896551724,455.0,3.956043956043956,3.0,0.3333333333333333
4.0,2.5,2440,4000,2.0,0,0,3,0,5,0,5,339556.4805970149,339556.4805970149,697.1428571428571,1.639344262295082,6.5,0.5
3.0,2.0,2180,5440,1.0,0,0,5,1080,110,0,110,576183.7791741472,581484.52,726.6666666666666,2.4954128440366974,5.0,0.5
3.0,2.0,1900,6660,1.0,0,0,5,950,48,0,48,345402.7394736842,345402.7394736842,633.3333333333334,3.5052631578947366,5.0,0.5
3.0,2.25,1520,1221,3.0,0,0,3,0,1,1,91,570223.1185050136,574002.5,467.6923076923077,0.8032894736842106,5.25,0.5625
3.0,2.0,2220,6641,1.0,0,2,4,1000,67,1,26,583475.1987418453,788787.2272727273,740.0,2.9914414414414416,5.0,0.5
4.0,2.75,3280,24440,2.0,0,0,3,0,18,0,18,632047.53125,676773.2142857143,874.6666666666666,7.451219512195122,6.75,0.55
3.0,2.5,2740,83199,2.0,0,4,3,0,41,1,1,297151.21774193546,265148.35714285716,782.8571428571429,30.364598540145984,5.5,0.625
2.0,1.0,830,6017,1.0,0,0,4,0,60,1,35,433780.94444444444,378450.7192982456,415.0,7.249397590361446,3.0,0.3333333333333333
2.0,1.0,1010,5200,1.0,0,0,3,0,59,1,9,335615.4146341463,334815.04761904763,505.0,5.148514851485149,3.0,0.3333333333333333
3.0,2.25,2060,38377,1.0,0,0,4,500,36,1,14,291133.71153846156,302512.97297297296,633.8461538461538,18.629611650485437,5.25,0.5625
3.0,2.25,1990,7340,2.0,0,0,3,0,30,0,30,612917.84375,554207.5555555555,612.3076923076923,3.6884422110552766,5.25,0.5625
4.0,2.5,2280,7568,2.0,0,0,4,0,13,0,13,379453.5624401914,390117.4745762712,651.4285714285714,3.319298245614035,6.5,0.5
3.0,2.5,1870,5874,2.0,0,0,3,0,9,0,9,298517.84,334007.40625,534.2857142857143,3.1411764705882352,5.5,0.625
3.0,2.25,1720,4000,1.5,0,0,4,270,93,0,93,576183.7791741472,947948.46875,529.2307692307693,2.3255813953488373,5.25,0.5625
2.0,1.0,870,6150,1.0,0,0,3,0,73,1,20,570223.1185050136,303242.85714285716,435.0,7.068965517241379,3.0,0.3333333333333333
3.0,2.0,1020,1204,2.0,0,0,3,300,10,1,11,573185.0026954178,446315.6779661017,340.0,1.1803921568627451,5.0,0.5
3.0,1.5,1260,3135,1.5,0,0,3,0,83,0,83,573185.0026954178,666351.088888889,504.0,2.488095238095238,4.5,0.375
3.0,2.5,2370,7875,2.0,0,0,3,0,11,0,11,573991.6862745098,573991.6862745098,677.1428571428571,3.3227848101265822,5.5,0.625
3.0,1.0,1000,18513,1.0,0,0,3,0,74,1,18,570223.1185050136,394355.8048780488,500.0,18.513,4.0,0.25
3.0,1.5,1100,1751,2.0,0,0,3,160,7,0,7,583475.1987418453,662231.5294117647,440.0,1.5918181818181818,4.5,0.375
3.0,2.25,1440,7673,1.0,0,0,3,500,32,0,32,306368.0406504065,289447.0487804878,443.0769230769231,5.3284722222222225,5.25,0.5625
4.0,2.5,3120,14300,2.0,0,0,3,0,11,0,11,611821.4210526316,590589.0952380953,891.4285714285714,4.583333333333333,6.5,0.5
2.0,2.0,2260,9604,1.0,0,0,3,0,24,1,5,489242.0238095238,489242.0238095238,753.3333333333334,4.249557522123894,4.0,0.6666666666666666
4.0,2.5,2790,7956,2.0,0,0,3,0,9,0,9,306956.0,311282.93333333335,797.1428571428571,2.8516129032258064,6.5,0.5
1.0,1.0,1140,6700,1.5,0,0,3,0,94,1,35,570223.1185050136,606082.1632653062,570.0,5.87719298245614,2.0,0.5
3.0,2.25,1290,2500,2.0,0,0,4,0,27,0,27,573185.0026954178,1024997.5853658536,396.9230769230769,1.937984496124031,5.25,0.5625
5.0,1.75,1730,5200,1.0,0,0,4,680,36,1,14,315737.9310344828,334007.40625,629.0909090909091,3.005780346820809,6.75,0.2916666666666667
4.0,2.5,3160,11380,2.0,0,0,3,0,31,1,5,692567.8918918918,634856.3076923077,902.8571428571429,3.6012658227848102,6.5,0.5
4.0,2.5,2340,8990,2.0,0,0,3,0,11,0,11,339211.3264705882,339211.3264705882,668.5714285714286,3.841880341880342,6.5,0.5
3.0,1.5,1170,4950,1.0,0,0,4,0,54,1,13,854623.3027093596,673630.7692307692,468.0,4.230769230769231,4.5,0.375
2.0,1.0,1160,5000,1.0,0,0,4,0,77,0,77,576183.7791741472,552908.4521276596,580.0,4.310344827586207,3.0,0.3333333333333333
3.0,3.0,1970,24318,1.0,0,0,3,0,4,0,4,453958.47826086957,453958.47826086957,492.5,12.344162436548224,6.0,0.75
5.0,4.25,6490,10862,2.0,0,3,4,2550,23,0,23,1223622.0,1223622.0,1236.1904761904761,1.6736517719568567,9.25,0.7083333333333334
3.0,2.25,1410,1377,2.0,0,0,3,120,9,0,9,602238.7424242424,586241.8196721311,433.84615384615387,0.9765957446808511,5.25,0.5625
4.0,2.5,2430,5000,2.0,0,0,3,0,5,0,5,561804.3541666666,561804.3541666666,694.2857142857143,2.05761316872428,6.5,0.5
5.0,1.5,3360,5402,2.0,0,0,3,0,0,0,0,712166.302173913,657703.171875,1344.0,1.6077380952380953,6.5,0.25
3.0,2.5,1480,1663,2.0,0,0,3,300,2,1,102,576183.7791741472,428104.3859649123,422.85714285714283,1.1236486486486486,5.5,0.625
5.0,2.5,3200,6455,2.0,0,0,3,0,5,0,5,573991.6862745098,573991.6862745098,914.2857142857143,2.0171875,7.5,0.4166666666666667
3.0,2.5,2134,1984,2.5,0,0,3,0,6,0,6,611394.2276422764,624091.0333333333,609.7142857142857,0.92970946579194,5.5,0.625
3.0,3.25,1860,1787,3.0,0,0,3,0,7,0,7,428665.7159090909,386772.68253968254,437.6470588235294,0.960752688172043,6.25,0.8125
4.0,3.0,5520,8313,2.0,0,3,3,1950,6,0,6,881585.4168316831,809289.1351351351,1380.0,1.5059782608695653,7.0,0.6
2.0,2.5,1310,1500,2.0,0,0,3,150,8,0,8,573185.0026954178,544298.1739130435,374.2857142857143,1.1450381679389312,4.5,0.8333333333333334
3.0,2.0,1700,4250,1.0,0,0,3,810,70,0,70,573185.0026954178,743714.088888889,566.6666666666666,2.5,5.0,0.5
3.0,2.5,2480,8342,2.0,0,0,3,0,28,0,28,371872.2878787879,351000.68055555556,708.5714285714286,3.363709677419355,5.5,0.625
5.0,2.5,1970,8605,2.0,0,0,4,0,20,0,20,331227.0833333333,331227.0833333333,562.8571428571429,4.368020304568528,7.5,0.4166666666666667
4.0,2.5,2060,7475,1.0,0,0,3,620,29,0,29,664018.5575757576,639101.3958333334,588.5714285714286,3.628640776699029,6.5,0.5
3.0,2.5,2130,3500,1.0,0,0,4,920,20,0,20,610245.4411764706,560633.5,608.5714285714286,1.6431924882629108,5.5,0.625
3.0,2.25,1410,14110,1.0,0,2,3,240,27,1,14,565703.2,565703.2,433.84615384615387,10.00709219858156,5.25,0.5625
2.0,2.0,1360,4688,1.0,0,0,3,580,70,0,70,574543.2427470535,605400.1521739131,453.3333333333333,3.447058823529412,4.0,0.6666666666666666
3.0,2.0,1940,55756,1.0,0,0,5,0,60,0,60,847974.924611399,634524.0,646.6666666666666,28.74020618556701,5.0,0.5
2.0,2.25,1610,2040,2.0,0,0,4,0,35,0,35,370580.66352040815,393745.6779661017,495.38461538461536,1.2670807453416149,4.25,0.75
2.0,2.0,1420,9191,1.5,0,2,5,0,86,1,44,576183.7791741472,610943.3953488372,473.3333333333333,6.472535211267606,4.0,0.6666666666666666
4.0,2.5,1700,7280,2.0,0,0,4,0,26,0,26,302187.765625,282441.9347826087,485.7142857142857,4.2823529411764705,6.5,0.5
2.0,1.0,1490,3825,1.0,0,0,3,630,85,0,85,574543.2427470535,566680.5729166666,745.0,2.5671140939597317,3.0,0.3333333333333333
3.0,2.5,2680,7757,2.0,0,0,3,0,24,1,5,294129.8971962617,292973.1515151515,765.7142857142857,2.8944029850746267,5.5,0.625
4.0,2.5,3190,8684,1.0,0,3,5,1510,47,0,47,881585.4168316831,809289.1351351351,911.4285714285714,2.722257053291536,6.5,0.5
5.0,1.5,2120,7700,1.5,0,0,5,0,52,0,52,370580.66352040815,348268.4566176471,848.0,3.6320754716981134,6.5,0.25
4.0,2.0,1690,3250,1.5,0,0,3,140,113,0,113,573185.0026954178,576457.3465346535,563.3333333333334,1.9230769230769231,6.0,0.4
4.0,2.5,1830,8601,2.0,0,0,3,0,11,0,11,339211.3264705882,339211.3264705882,522.8571428571429,4.7,6.5,0.5
2.0,1.5,1010,1968,1.5,0,0,5,0,108,0,108,576183.7791741472,601203.7209302326,404.0,1.9485148514851485,3.5,0.5
4.0,2.75,2070,9300,1.0,0,0,5,950,69,0,69,428665.7159090909,386772.68253968254,552.0,4.492753623188406,6.75,0.55
3.0,1.5,1710,4500,1.5,0,0,3,300,86,1,60,583475.1987418453,451032.07547169813,684.0,2.6315789473684212,4.5,0.375
4.0,1.0,1660,4690,1.5,0,0,3,400,69,1,4,576183.7791741472,552908.4521276596,830.0,2.825301204819277,5.0,0.2
4.0,1.75,2080,13629,1.0,0,0,4,1040,59,1,5,583475.1987418453,282381.0546875,756.3636363636364,6.5524038461538465,5.75,0.35
3.0,2.5,1270,9675,2.0,0,0,3,0,21,0,21,406146.40625,406146.40625,362.85714285714283,7.618110236220472,5.5,0.625
3.0,1.0,1080,21043,1.0,0,0,3,0,72,1,15,574543.2427470535,305084.0425531915,540.0,19.48425925925926,4.0,0.25
3.0,2.0,1610,5100,1.5,0,0,5,0,74,0,74,570223.1185050136,610774.3578947368,536.6666666666666,3.1677018633540373,5.0,0.5
2.0,1.0,1120,9912,1.0,0,0,4,0,34,0,34,488882.5,488882.5,560.0,8.85,3.0,0.3333333333333333
4.0,2.75,2500,5257,2.0,0,0,3,0,48,1,51,583475.1987418453,451032.07547169813,666.6666666666666,2.1028,6.75,0.55
3.0,1.0,970,7275,1.0,0,0,4,0,44,0,44,306368.0406504065,289447.0487804878,485.0,7.5,4.0,0.25
5.0,2.0,3370,5000,1.5,0,0,4,1230,107,0,107,574543.2427470535,1008059.7826086957,1123.3333333333333,1.4836795252225519,7.0,0.3333333333333333
3.0,1.0,1290,189486,1.0,0,0,4,0,54,1,13,308362.248,375611.3,645.0,146.88837209302326,4.0,0.25
4.0,3.5,3370,435600,2.0,0,3,3,0,9,0,9,421049.06666666665,421049.06666666665,748.8888888888889,129.25816023738872,7.5,0.7
4.0,3.5,3410,10769,2.0,0,0,3,0,6,0,6,854623.3027093596,1326856.5666666667,757.7777777777778,3.1580645161290324,7.5,0.7
4.0,2.5,2490,8290,2.0,0,0,3,0,15,0,15,297123.8925619835,363214.4727272727,711.4285714285714,3.3293172690763053,6.5,0.5
2.0,1.0,770,4000,1.0,0,0,5,0,90,1,58,570223.1185050136,586761.8313953489,385.0,5.194805194805195,3.0,0.3333333333333333
1.0,1.5,810,3211,2.0,0,0,4,0,32,1,3,665473.701171875,817309.8975409836,324.0,3.9641975308641975,2.5,0.75
4.0,2.5,3060,10043,1.0,0,0,4,1360,46,0,46,402504.4879518072,368028.3015873016,874.2857142857143,3.2820261437908496,6.5,0.5
3.0,2.5,1690,1613,2.0,0,0,3,540,0,0,0,602238.7424242424,616797.9852941176,482.85714285714283,0.9544378698224852,5.5,0.625
3.0,1.75,1890,3825,1.0,0,0,3,600,40,0,40,576183.7791741472,552908.4521276596,687.2727272727273,2.0238095238095237,4.75,0.4375
2.0,2.0,1470,3128,2.0,0,0,3,0,9,0,9,345402.7394736842,345402.7394736842,490.0,2.127891156462585,4.0,0.6666666666666666
2.0,1.0,1060,7193,1.0,0,0,3,0,88,1,11,573185.0026954178,382840.9275362319,530.0,6.785849056603774,3.0,0.3333333333333333
4.0,2.5,3480,59242,2.0,0,0,3,0,26,1,14,610245.4411764706,560633.5,994.2857142857143,17.023563218390805,6.5,0.5
4.0,2.75,2730,3560,1.5,0,0,3,1180,93,1,7,583475.1987418453,600662.226744186,728.0,1.304029304029304,6.75,0.55
3.0,2.25,1580,7941,2.0,0,0,4,0,28,0,28,302406.8613861386,294601.05,486.15384615384613,5.025949367088607,5.25,0.5625
3.0,2.75,2170,7900,1.0,0,0,4,790,36,1,14,301453.96774193546,258630.41666666666,578.6666666666666,3.640552995391705,5.75,0.6875
2.0,1.0,930,4743,1.0,0,0,4,0,72,1,32,377807.7863636364,401767.1379310345,465.0,5.1,3.0,0.3333333333333333
4.0,2.0,1580,7800,2.0,0,0,2,0,108,0,108,573185.0026954178,634904.25,526.6666666666666,4.936708860759493,6.0,0.4
5.0,1.75,3290,11900,1.5,0,0,3,0,41,1,1,664524.1592356688,661440.7894736842,1196.3636363636363,3.617021276595745,6.75,0.2916666666666667
4.0,2.25,2110,10698,2.0,0,0,4,0,35,0,35,611821.4210526316,590589.0952380953,649.2307692307693,5.070142180094787,6.25,0.45
3.0,2.5,1670,3565,2.0,0,0,3,0,15,0,15,612917.84375,554207.5555555555,477.14285714285717,2.1347305389221556,5.5,0.625
3.0,2.25,2030,7350,1.0,0,0,4,840,37,0,37,662070.8855421686,637280.5326086957,624.6153846153846,3.6206896551724137,5.25,0.5625
3.0,1.0,1500,4100,1.5,0,0,3,130,88,1,11,583475.1987418453,543333.5897435897,750.0,2.7333333333333334,4.0,0.25
3.0,2.25,1450,1445,2.0,0,0,3,470,9,0,9,576183.7791741472,593491.5454545454,446.15384615384613,0.996551724137931,5.25,0.5625
4.0,1.5,1310,8250,1.0,0,0,3,250,61,0,61,335615.4146341463,315313.63636363635,524.0,6.297709923664122,5.5,0.3
5.0,3.25,4180,49222,2.0,0,0,4,1300,35,0,35,609064.7603305785,593956.5636363636,983.5294117647059,11.775598086124402,8.25,0.5416666666666666
3.0,1.75,1630,28600,1.0,0,0,3,0,47,1,3,610245.4411764706,560633.5,592.7272727272727,17.54601226993865,4.75,0.4375
4.0,2.5,2660,10452,2.0,0,0,3,0,21,0,21,667110.3374233128,649564.5408163265,760.0,3.9293233082706767,6.5,0.5
3.0,2.5,1720,1916,2.0,0,0,3,0,9,0,9,377807.7863636364,401767.1379310345,491.42857142857144,1.113953488372093,5.5,0.625
2.0,2.25,1260,1240,3.0,0,0,3,0,10,1,11,573185.0026954178,576457.3465346535,387.6923076923077,0.9841269841269841,4.25,0.75
3.0,1.75,1610,12247,1.0,0,0,3,0,33,1,1,376968.54547619045,346675.59929577465,585.4545454545455,7.606832298136646,4.75,0.4375
2.0,1.0,680,8064,1.0,0,0,3,0,73,1,20,260515.44444444444,273801.64705882355,340.0,11.858823529411765,3.0,0.3333333333333333
4.0,3.5,2640,5900,2.0,0,2,3,0,77,1,16,570223.1185050136,483946.96794871794,586.6666666666666,2.234848484848485,7.5,0.7
3.0,2.25,1640,7200,2.0,0,0,4,0,29,0,29,881585.4168316831,679366.6666666666,504.61538461538464,4.390243902439025,5.25,0.5625
4.0,1.75,2310,8045,1.0,0,0,4,660,38,1,22,371872.2878787879,351000.68055555556,840.0,3.482683982683983,5.75,0.35
3.0,1.75,2010,4905,1.0,0,0,5,780,102,0,102,574543.2427470535,579453.76,730.9090909090909,2.4402985074626864,4.75,0.4375
2.0,1.5,1660,4680,1.0,0,0,5,830,106,0,106,576183.7791741472,359051.2619047619,664.0,2.819277108433735,3.5,0.5
3.0,2.5,2200,3360,2.0,0,0,3,0,5,0,5,573185.0026954178,458276.3157894737,628.5714285714286,1.5272727272727273,5.5,0.625
4.0,2.5,2460,4200,2.0,0,0,3,0,16,1,8,664018.5575757576,631683.0588235294,702.8571428571429,1.7073170731707317,6.5,0.5
2.0,1.75,2430,23400,1.0,0,4,3,0,63,1,20,428665.7159090909,653322.2432432432,883.6363636363636,9.62962962962963,3.75,0.5833333333333334
3.0,1.0,1370,7500,1.0,0,0,3,0,54,1,2,465467.35714285716,465467.35714285716,685.0,5.474452554744525,4.0,0.25
3.0,1.75,1800,10200,1.0,0,0,3,0,47,1,3,376968.54547619045,346675.59929577465,654.5454545454545,5.666666666666667,4.75,0.4375
3.0,1.75,2200,7706,2.0,0,2,3,0,106,1,26,311057.8333333333,313968.0571428572,800.0,3.502727272727273,4.75,0.4375
2.0,1.0,700,2334,1.0,0,0,3,0,69,1,4,570223.1185050136,586761.8313953489,350.0,3.334285714285714,3.0,0.3333333333333333
3.0,2.5,1920,15124,2.0,0,0,3,0,19,0,19,406146.40625,406146.40625,548.5714285714286,7.877083333333333,5.5,0.625
5.0,2.75,2190,12687,1.0,0,0,5,820,36,0,36,447643.1818181818,447643.1818181818,584.0,5.793150684931507,7.75,0.4583333333333333
3.0,2.25,2030,9791,1.0,0,0,4,530,30,0,30,635820.0,504551.94666666666,624.6153846153846,4.823152709359606,5.25,0.5625
3.0,2.5,1350,2053,3.0,0,0,3,0,9,0,9,570223.1185050136,586761.8313953489,385.7142857142857,1.5207407407407407,5.5,0.625
3.0,2.5,1680,2096,2.0,0,0,3,300,6,0,6,583475.1987418453,552240.609375,480.0,1.2476190476190476,5.5,0.625
5.0,1.75,1250,10530,1.0,0,0,4,0,48,0,48,847974.924611399,634524.0,454.54545454545456,8.424,6.75,0.2916666666666667
4.0,3.0,2240,6000,1.5,0,0,4,970,100,1,69,573185.0026954178,971798.75,560.0,2.6785714285714284,7.0,0.6
3.0,1.0,950,7620,1.0,0,0,3,0,60,1,9,583475.1987418453,300070.8333333333,475.0,8.021052631578947,4.0,0.25
3.0,3.5,2320,3174,2.0,0,0,3,260,17,0,17,661873.9341085271,853114.5491803279,515.5555555555555,1.368103448275862,6.5,0.875
2.0,2.5,2380,9374,1.0,0,2,3,0,3,0,3,659713.198757764,701241.5652173914,680.0,3.938655462184874,4.5,0.8333333333333334
2.0,2.25,1540,958,3.0,0,0,3,0,7,0,7,583475.1987418453,577872.32,473.84615384615387,0.6220779220779221,4.25,0.75
5.0,3.0,2100,9752,1.0,0,0,3,900,7,0,7,290510.51923076925,297778.6111111111,525.0,4.643809523809524,8.0,0.5
4.0,2.5,2500,4945,2.0,0,0,3,0,1,1,91,573991.6862745098,573991.6862745098,714.2857142857143,1.978,6.5,0.5
4.0,2.5,3230,7331,2.0,0,0,3,0,10,1,11,701918.4194214876,784592.5133928572,922.8571428571429,2.2696594427244583,6.5,0.5
3.0,2.5,2830,5802,2.0,0,0,3,0,13,0,13,451624.14634146343,451624.14634146343,808.5714285714286,2.0501766784452298,5.5,0.625
2.0,1.0,870,5340,1.5,0,0,2,0,108,0,108,576183.7791741472,619323.25,435.0,6.137931034482759,3.0,0.3333333333333333
4.0,3.0,2690,28300,1.0,0,0,3,0,60,1,15,515479.54545454547,449850.8552631579,672.5,10.520446096654275,7.0,0.6
3.0,2.5,1260,889,3.0,0,0,3,0,6,0,6,583475.1987418453,1033972.8260869565,360.0,0.7055555555555556,5.5,0.625
4.0,3.5,2680,10000,2.0,0,0,3,640,72,1,0,583475.1987418453,455981.53846153844,595.5555555555555,3.7313432835820897,7.5,0.7
3.0,2.5,2660,4975,2.0,0,0,3,0,0,0,0,570223.1185050136,430721.18644067796,760.0,1.8703007518796992,5.5,0.625
2.0,1.75,1480,5120,1.0,0,0,4,640,63,1,15,573185.0026954178,666351.088888889,538.1818181818181,3.4594594594594597,3.75,0.5833333333333334
4.0,2.25,1770,33132,1.0,0,0,4,580,49,0,49,376968.54547619045,346675.59929577465,544.6153846153846,18.71864406779661,6.25,0.45
2.0,1.0,950,7692,1.0,0,0,3,0,88,1,11,576183.7791741472,276613.06976744183,475.0,8.096842105263159,3.0,0.3333333333333333
2.0,1.0,860,8308,1.0,0,0,4,0,66,0,66,573185.0026954178,386791.8375,430.0,9.66046511627907,3.0,0.3333333333333333
4.0,2.0,1960,7560,1.0,0,0,5,800,36,0,36,306368.0406504065,289447.0487804878,653.3333333333334,3.857142857142857,6.0,0.4
2.0,1.0,1770,5522,1.5,0,0,4,810,71,0,71,583475.1987418453,282381.0546875,885.0,3.119774011299435,3.0,0.3333333333333333
4.0,1.75,1280,6060,1.0,0,0,3,420,88,1,11,574543.2427470535,566680.5729166666,465.45454545454544,4.734375,5.75,0.35
4.0,2.5,2150,12028,2.0,0,0,4,0,32,1,3,664018.5575757576,639101.3958333334,614.2857142857143,5.594418604651163,6.5,0.5
2.0,1.0,1790,4000,1.0,0,0,4,750,91,0,91,576183.7791741472,1007907.8,895.0,2.2346368715083798,3.0,0.3333333333333333
3.0,2.25,1990,10260,2.0,0,0,4,0,27,0,27,662070.8855421686,637280.5326086957,612.3076923076923,5.155778894472362,5.25,0.5625
5.0,2.5,2430,4781,2.0,0,0,3,0,13,0,13,377807.7863636364,347522.01615384617,694.2857142857143,1.9674897119341563,7.5,0.4166666666666667
4.0,2.75,2820,13193,1.0,0,0,3,960,49,1,21,847974.924611399,802442.5981012658,752.0,4.678368794326241,6.75,0.55
3.0,1.0,1910,8190,1.0,0,0,4,900,68,1,25,576183.7791741472,552908.4521276596,955.0,4.287958115183246,4.0,0.25
3.0,2.25,1270,1213,2.0,0,0,3,230,9,0,9,576183.7791741472,601203.7209302326,390.7692307692308,0.9551181102362205,5.25,0.5625
4.0,2.75,2050,3960,1.0,0,0,4,870,28,0,28,583475.1987418453,639284.1666666666,546.6666666666666,1.9317073170731707,6.75,0.55
6.0,2.0,2150,4505,1.0,0,0,3,880,62,1,6,574543.2427470535,921350.0,716.6666666666666,2.0953488372093023,8.0,0.2857142857142857
4.0,1.75,2450,13300,1.0,0,2,4,820,27,0,27,859295.1570351758,809147.9375,890.9090909090909,5.428571428571429,5.75,0.35
2.0,2.25,1230,1280,2.0,0,0,3,270,2,1,102,570223.1185050136,617994.1355932204,378.46153846153845,1.0406504065040652,4.25,0.75
4.0,2.25,2260,41984,1.0,0,0,4,0,47,0,47,661873.9341085271,853114.5491803279,695.3846153846154,18.576991150442478,6.25,0.45
2.0,1.0,1050,60113,1.0,0,0,4,0,71,0,71,297123.8925619835,253411.1914893617,525.0,57.25047619047619,3.0,0.3333333333333333
3.0,1.75,1570,7775,2.0,0,0,3,0,32,0,32,301453.96774193546,288301.54901960783,570.9090909090909,4.952229299363057,4.75,0.4375
4.0,2.0,1820,9350,1.0,0,0,4,0,47,0,47,664018.5575757576,639101.3958333334,606.6666666666666,5.137362637362638,6.0,0.4
2.0,1.75,1540,4025,1.0,0,0,4,350,106,0,106,576183.7791741472,616646.6086956522,560.0,2.6136363636363638,3.75,0.5833333333333334
3.0,1.5,2060,44866,1.0,0,0,3,0,61,0,61,612917.84375,688402.5,824.0,21.779611650485435,4.5,0.375
4.0,3.5,4380,74052,1.0,0,0,3,0,13,0,13,664524.1592356688,667790.3,973.3333333333334,16.90684931506849,7.5,0.7
3.0,1.0,1090,9900,1.0,0,0,4,0,59,1,5,664524.1592356688,661440.7894736842,545.0,9.082568807339449,4.0,0.25
3.0,1.75,1480,7225,1.0,0,0,4,0,49,0,49,377807.7863636364,401767.1379310345,538.1818181818181,4.881756756756757,4.75,0.4375
4.0,1.0,1320,4440,1.5,0,0,3,0,85,0,85,576183.7791741472,593491.5454545454,660.0,3.3636363636363638,5.0,0.2
1.0,2.25,2140,10350,1.0,0,0,3,670,38,0,38,602057.1753246753,578701.4130434783,658.4615384615385,4.836448598130841,3.25,1.125
4.0,3.5,4560,16643,1.0,0,3,3,2330,19,0,19,847974.924611399,802442.5981012658,1013.3333333333334,3.649780701754386,7.5,0.7
4.0,3.0,2800,9764,2.0,0,0,3,0,12,0,12,351942.0882352941,351942.0882352941,700.0,3.487142857142857,7.0,0.6
3.0,1.0,1050,5000,1.0,0,0,4,0,47,0,47,370580.66352040815,393745.6779661017,525.0,4.761904761904762,4.0,0.25
3.0,1.5,1490,9630,1.0,0,0,4,0,55,0,55,451624.14634146343,451624.14634146343,596.0,6.4630872483221475,4.5,0.375
2.0,1.0,1730,6375,2.0,0,0,4,0,69,0,69,576183.7791741472,428104.3859649123,865.0,3.684971098265896,3.0,0.3333333333333333
4.0,1.0,1210,3760,1.5,0,0,3,0,114,1,9,574543.2427470535,602889.9619047618,605.0,3.1074380165289255,5.0,0.2
4.0,2.5,2800,8494,2.0,0,0,3,0,10,1,11,339211.3264705882,339211.3264705882,800.0,3.0335714285714284,6.5,0.5
3.0,1.5,1570,1050,2.0,0,0,3,0,99,0,99,573185.0026954178,971798.75,628.0,0.6687898089171974,4.5,0.375
3.0,2.25,1400,31626,1.0,0,0,2,260,27,0,27,297123.8925619835,363214.4727272727,430.7692307692308,22.59,5.25,0.5625
4.0,2.0,2850,7861,1.0,0,4,4,1400,44,0,44,576183.7791741472,552908.4521276596,950.0,2.7582456140350877,6.0,0.4
6.0,3.0,1880,7200,1.0,0,0,4,0,48,0,48,371872.2878787879,392019.0338983051,470.0,3.8297872340425534,9.0,0.42857142857142855
2.0,1.0,790,8424,1.0,0,0,4,0,61,1,31,428665.7159090909,382164.4375,395.0,10.663291139240506,3.0,0.3333333333333333
2.0,1.75,1300,4000,2.0,0,0,3,0,66,1,20,570223.1185050136,896874.1724137932,472.72727272727275,3.076923076923077,3.75,0.5833333333333334
3.0,1.0,2120,7735,1.0,0,0,4,1060,47,0,47,371872.2878787879,510118.0,1060.0,3.6485849056603774,4.0,0.25
3.0,1.5,1540,4773,2.0,0,0,3,0,73,1,5,574543.2427470535,423128.77358490566,616.0,3.0993506493506495,4.5,0.375
4.0,2.75,2620,13777,1.5,0,2,4,900,88,1,21,573185.0026954178,634904.25,698.6666666666666,5.258396946564885,6.75,0.55
6.0,3.0,2880,3192,2.0,0,0,4,700,95,1,29,576183.7791741472,581484.52,720.0,1.1083333333333334,9.0,0.42857142857142855
4.0,1.0,1680,4021,1.5,0,0,3,0,93,1,14,583475.1987418453,598663.1875,840.0,2.393452380952381,5.0,0.2
2.0,1.0,790,6969,1.0,0,0,3,0,59,1,30,664524.1592356688,661440.7894736842,395.0,8.821518987341772,3.0,0.3333333333333333
3.0,1.0,1092,7500,1.5,0,0,3,0,96,0,96,576183.7791741472,286897.82608695654,546.0,6.868131868131868,4.0,0.25
3.0,1.5,1650,9936,1.0,0,0,3,560,47,1,3,302406.8613861386,314291.5789473684,660.0,6.0218181818181815,4.5,0.375
3.0,2.5,2090,4700,2.0,0,0,3,0,12,0,12,315737.9310344828,334007.40625,597.1428571428571,2.248803827751196,5.5,0.625
4.0,1.75,2180,28710,1.0,0,0,3,1000,64,1,9,257737.16,311282.93333333335,792.7272727272727,13.169724770642201,5.75,0.35
4.0,2.5,1990,6671,2.0,0,0,3,0,25,0,25,290510.51923076925,287434.2,568.5714285714286,3.352261306532663,6.5,0.5
4.0,2.5,2650,7945,2.0,0,0,3,0,8,0,8,583475.1987418453,455981.53846153844,757.1428571428571,2.9981132075471697,6.5,0.5
4.0,3.5,4460,16953,1.0,0,0,3,1910,52,1,20,2144683.3333333335,2144683.3333333335,991.1111111111111,3.801121076233184,7.5,0.7
3.0,1.0,910,8000,1.0,0,0,4,170,64,1,31,420507.6153846154,756218.7948717949,455.0,8.791208791208792,4.0,0.25
3.0,2.5,2770,10773,2.0,0,2,3,0,22,0,22,847974.924611399,660358.3333333334,791.4285714285714,3.889169675090253,5.5,0.625
3.0,2.0,2390,6888,2.0,0,1,5,0,75,0,75,583475.1987418453,600662.226744186,796.6666666666666,2.882008368200837,5.0,0.5
3.0,2.5,3050,158558,1.0,0,0,4,0,27,0,27,371872.2878787879,307678.125,871.4285714285714,51.98622950819672,5.5,0.625
3.0,2.5,1700,4000,2.0,0,0,3,0,11,0,11,533938.304347826,533938.304347826,485.7142857142857,2.3529411764705883,5.5,0.625
5.0,3.5,3200,43560,2.0,0,0,3,0,25,0,25,371872.2878787879,510118.0,711.1111111111111,13.6125,8.5,0.5833333333333334
3.0,1.75,1200,4500,1.0,0,0,5,0,108,0,108,570223.1185050136,322012.1379310345,436.3636363636364,3.75,4.75,0.4375
4.0,2.25,2220,6953,2.0,0,0,4,0,15,0,15,339556.4805970149,339556.4805970149,683.0769230769231,3.131981981981982,6.25,0.45
3.0,2.5,2480,9041,2.0,0,0,3,0,10,1,11,662070.8855421686,692332.75,708.5714285714286,3.645564516129032,5.5,0.625
4.0,2.25,2560,12100,1.0,0,0,4,800,38,1,22,659713.198757764,628759.967032967,787.6923076923077,4.7265625,6.25,0.45
4.0,1.5,2500,6300,1.0,0,0,4,1000,53,1,13,302187.765625,276112.8,1000.0,2.52,5.5,0.3
2.0,1.0,1150,4000,1.0,0,0,3,0,67,1,2,570223.1185050136,731861.7619047619,575.0,3.4782608695652173,3.0,0.3333333333333333
4.0,1.75,1650,7775,1.0,0,0,4,500,64,1,31,576183.7791741472,368028.3015873016,600.0,4.712121212121212,5.75,0.35
3.0,1.75,1140,9628,1.0,0,0,4,0,45,0,45,290510.51923076925,287434.2,414.54545454545456,8.445614035087718,4.75,0.4375
3.0,1.75,3400,8965,1.0,0,2,5,1580,57,0,57,574543.2427470535,951532.2580645161,1236.3636363636363,2.636764705882353,4.75,0.4375
3.0,1.0,1180,43124,1.0,0,0,4,0,55,0,55,611821.4210526316,590589.0952380953,590.0,36.545762711864406,4.0,0.25
3.0,2.5,1700,4105,2.0,0,0,3,0,22,0,22,576183.7791741472,593491.5454545454,485.7142857142857,2.414705882352941,5.5,0.625
3.0,1.5,1240,11200,1.0,0,0,4,0,60,1,35,859295.1570351758,809147.9375,496.0,9.03225806451613,4.5,0.375
5.0,2.25,2890,12478,2.0,0,0,3,0,37,1,10,707300.656504065,637825.9692307692,889.2307692307693,4.317647058823529,7.25,0.375
3.0,1.0,1060,10050,1.0,0,0,4,0,47,0,47,445182.39130434784,445182.39130434784,530.0,9.481132075471699,4.0,0.25
4.0,1.75,1590,10523,2.0,0,0,4,0,92,0,92,402504.4879518072,368028.3015873016,578.1818181818181,6.618238993710692,5.75,0.35
6.0,5.25,2860,5682,2.0,0,0,3,0,36,0,36,297123.8925619835,220484.78260869565,457.6,1.9867132867132866,11.25,0.75
1.0,1.0,820,1060,1.0,0,0,3,60,7,0,7,573185.0026954178,446315.6779661017,410.0,1.2926829268292683,2.0,0.5
3.0,2.0,2020,8118,1.0,0,0,3,1000,51,1,6,847974.924611399,660358.3333333334,673.3333333333334,4.018811881188118,5.0,0.5
4.0,2.25,1870,9680,1.0,0,0,4,700,55,0,55,654481.2884615385,520942.46376811597,575.3846153846154,5.176470588235294,6.25,0.45
3.0,2.5,2170,4905,2.0,0,0,3,0,10,1,11,351942.0882352941,351942.0882352941,620.0,2.26036866359447,5.5,0.625
4.0,2.5,1600,6765,1.0,0,0,3,770,67,1,3,574543.2427470535,305084.0425531915,457.14285714285717,4.228125,6.5,0.5
4.0,1.75,2090,4300,1.5,0,0,4,840,89,1,46,574543.2427470535,534537.3662790698,760.0,2.0574162679425836,5.75,0.35
4.0,2.0,1700,6025,1.0,0,0,3,0,36,0,36,289521.22794117645,230185.82142857142,566.6666666666666,3.5441176470588234,6.0,0.4
4.0,1.75,1940,6909,1.0,0,0,4,970,73,1,16,570223.1185050136,382164.4375,705.4545454545455,3.561340206185567,5.75,0.35
3.0,1.0,1320,8625,1.0,0,0,4,0,57,1,13,371872.2878787879,392019.0338983051,660.0,6.534090909090909,4.0,0.25
4.0,2.25,3500,13875,1.0,0,4,4,1670,76,0,76,583475.1987418453,371058.47297297296,1076.923076923077,3.9642857142857144,6.25,0.45
5.0,3.5,2800,5120,2.5,0,0,3,0,111,1,9,583475.1987418453,577872.32,622.2222222222222,1.8285714285714285,8.5,0.5833333333333334
3.0,1.5,1080,2940,1.5,0,0,4,0,94,0,94,574543.2427470535,605400.1521739131,432.0,2.7222222222222223,4.5,0.375
4.0,2.5,3550,8048,2.0,0,0,3,0,7,0,7,561804.3541666666,561804.3541666666,1014.2857142857143,2.2670422535211268,6.5,0.5
3.0,2.0,2010,251341,2.0,0,0,3,500,11,0,11,413841.8,413841.8,670.0,125.0452736318408,5.0,0.5
3.0,1.75,1690,1468,2.0,0,0,3,310,6,0,6,570223.1185050136,322012.1379310345,614.5454545454545,0.8686390532544379,4.75,0.4375
3.0,1.5,1270,1443,3.0,0,0,3,0,7,0,7,583475.1987418453,600662.226744186,508.0,1.1362204724409448,4.5,0.375
3.0,2.25,1970,2377,2.0,0,0,3,290,6,0,6,574543.2427470535,353735.36363636365,606.1538461538462,1.2065989847715737,5.25,0.5625
4.0,2.75,3160,8097,2.0,0,0,3,0,0,0,0,654481.2884615385,805533.4016393443,842.6666666666666,2.562341772151899,6.75,0.55
3.0,2.5,1210,1200,3.0,0,0,3,0,6,0,6,583475.1987418453,598663.1875,345.7142857142857,0.9917355371900827,5.5,0.625
4.0,3.5,3120,5086,2.0,0,0,3,640,6,0,6,573185.0026954178,594233.6460674157,693.3333333333334,1.630128205128205,7.5,0.7
4.0,2.5,2670,8765,2.0,0,0,3,0,8,0,8,377807.7863636364,523649.19402985077,762.8571428571429,3.2827715355805243,6.5,0.5
3.0,2.25,1640,1204,3.0,0,0,3,0,0,0,0,576183.7791741472,1007907.8,504.61538461538464,0.7341463414634146,5.25,0.5625
4.0,2.5,2303,3680,2.0,0,0,3,0,1,1,91,308362.248,266959.525,658.0,1.5979157620495006,6.5,0.5
3.0,2.5,1800,3168,2.0,0,0,3,0,0,0,0,561804.3541666666,561804.3541666666,514.2857142857143,1.76,5.5,0.625
5.0,3.5,4460,2975,3.0,0,2,3,1180,1,1,91,570223.1185050136,891559.6774193548,991.1111111111111,0.6670403587443946,8.5,0.5833333333333334
2.0,2.5,1590,2656,2.0,0,0,3,370,5,0,5,576183.7791741472,286897.82608695654,454.2857142857143,1.6704402515723271,4.5,0.8333333333333334
4.0,3.5,3070,4684,2.0,0,0,3,880,5,0,5,602238.7424242424,586241.8196721311,682.2222222222222,1.5257328990228014,7.5,0.7
2.0,1.75,1330,7200,1.0,0,0,3,0,21,0,21,246844.69565217392,269830.4210526316,483.6363636363636,5.413533834586466,3.75,0.5833333333333334
3.0,1.0,990,6750,1.0,0,0,4,0,67,1,26,574543.2427470535,379153.1549295775,495.0,6.818181818181818,4.0,0.25
4.0,2.5,1900,5790,2.0,0,0,3,0,20,0,20,611394.2276422764,624091.0333333333,542.8571428571429,3.0473684210526315,6.5,0.5
3.0,2.5,2020,1159,3.0,0,3,3,0,14,0,14,576183.7791741472,581484.52,577.1428571428571,0.5737623762376237,5.5,0.625
3.0,1.75,2000,9416,1.0,0,0,4,0,53,1,13,654481.2884615385,805533.4016393443,727.2727272727273,4.708,4.75,0.4375
2.0,1.75,1100,7600,1.0,0,0,3,0,34,0,34,307819.2631578947,306565.7297297297,400.0,6.909090909090909,3.75,0.5833333333333334
1.0,1.0,960,40946,1.0,0,0,5,0,69,0,69,560478.0714285715,560478.0714285715,480.0,42.65208333333333,2.0,0.5
4.0,2.75,3488,9614,2.0,0,0,3,0,16,1,8,659713.198757764,632657.0428571429,930.1333333333333,2.7563073394495414,6.75,0.55
2.0,1.75,1890,9466,2.0,0,0,3,0,27,1,14,854623.3027093596,1326856.5666666667,687.2727272727273,5.008465608465609,3.75,0.5833333333333334
4.0,2.0,2030,8120,2.0,0,0,3,0,64,1,9,583475.1987418453,282381.0546875,676.6666666666666,4.0,6.0,0.4
3.0,1.75,1380,7350,1.0,0,0,3,390,33,1,1,271876.92307692306,313686.0298507463,501.8181818181818,5.326086956521739,4.75,0.4375
4.0,3.25,3660,5800,2.5,0,0,3,300,105,1,19,570223.1185050136,1067396.7391304348,861.1764705882352,1.5846994535519126,7.25,0.65
3.0,2.25,1870,3230,2.0,0,0,3,0,17,0,17,377807.7863636364,401767.1379310345,575.3846153846154,1.7272727272727273,5.25,0.5625
4.0,2.25,2080,12007,1.0,0,0,4,860,35,0,35,707300.656504065,637825.9692307692,640.0,5.772596153846154,6.25,0.45
4.0,2.75,2450,14803,2.0,0,0,4,0,26,0,26,635820.0,504551.94666666666,653.3333333333334,6.042040816326531,6.75,0.55
4.0,2.25,2750,6180,1.0,0,0,4,1250,66,0,66,574543.2427470535,445100.0,846.1538461538462,2.247272727272727,6.25,0.45
3.0,1.0,1240,4842,1.0,0,0,4,0,98,0,98,570223.1185050136,430721.18644067796,620.0,3.9048387096774193,4.0,0.25
3.0,2.5,1900,7604,2.0,0,0,3,0,24,1,5,665473.701171875,817309.8975409836,542.8571428571429,4.002105263157895,5.5,0.625
3.0,2.5,2540,6093,2.0,0,0,3,0,15,0,15,655071.1991869919,514387.5806451613,725.7142857142857,2.398818897637795,5.5,0.625
3.0,2.75,2100,10362,2.0,0,0,3,590,16,1,8,551871.586715821,551871.586715821,560.0,4.934285714285714,5.75,0.6875
4.0,2.0,1790,2250,1.0,0,2,4,950,105,1,25,583475.1987418453,598663.1875,596.6666666666666,1.2569832402234637,6.0,0.4
3.0,2.0,1170,7258,1.0,0,0,3,0,30,0,30,308362.248,266959.525,390.0,6.203418803418804,5.0,0.5
3.0,1.0,1060,9126,1.0,0,2,5,0,58,0,58,322780.4347826087,322780.4347826087,530.0,8.60943396226415,4.0,0.25
5.0,2.0,1930,6120,1.5,0,0,3,0,73,1,45,574543.2427470535,373425.72222222225,643.3333333333334,3.1709844559585494,7.0,0.3333333333333333
3.0,2.0,1540,7947,1.0,0,0,3,420,53,1,10,478132.68518518517,478132.68518518517,513.3333333333334,5.16038961038961,5.0,0.5
5.0,3.0,2876,13927,1.0,0,2,4,906,41,0,41,1157220.9705882352,1157220.9705882352,719.0,4.842489568845619,8.0,0.5
3.0,2.5,2150,7484,2.0,0,0,3,0,26,1,14,712166.302173913,657703.171875,614.2857142857143,3.4809302325581397,5.5,0.625
2.0,1.0,1140,5500,1.0,0,0,3,0,67,1,2,570223.1185050136,303242.85714285716,570.0,4.824561403508772,3.0,0.3333333333333333
3.0,1.5,980,7790,1.0,0,0,5,0,45,0,45,654481.2884615385,520942.46376811597,392.0,7.948979591836735,4.5,0.375
3.0,1.75,1230,13056,1.0,0,0,4,0,52,0,52,294280.725,248072.46153846153,447.27272727272725,10.614634146341464,4.75,0.4375
3.0,1.75,1390,10905,1.0,0,0,3,530,57,1,14,573185.0026954178,299231.52173913043,505.45454545454544,7.845323741007194,4.75,0.4375
3.0,3.5,2380,6250,2.0,0,3,3,710,17,0,17,574543.2427470535,445100.0,528.8888888888889,2.6260504201680672,6.5,0.875
3.0,3.25,3690,7200,2.0,0,0,3,0,7,0,7,665473.701171875,817309.8975409836,868.2352941176471,1.951219512195122,6.25,0.8125
5.0,3.25,3010,1074218,1.5,0,0,5,1000,83,0,83,602238.7424242424,586241.8196721311,708.2352941176471,356.8830564784053,8.25,0.5416666666666666
3.0,1.0,1250,9126,1.0,0,0,3,0,45,1,4,632047.53125,676773.2142857143,625.0,7.3008,4.0,0.25
4.0,2.75,2290,6120,2.0,0,0,4,120,88,1,21,576183.7791741472,610943.3953488372,610.6666666666666,2.6724890829694323,6.75,0.55
2.0,1.0,790,5240,1.0,0,0,4,0,89,1,46,583475.1987418453,451032.07547169813,395.0,6.632911392405063,3.0,0.3333333333333333
3.0,2.5,2720,6014,2.0,0,0,3,0,12,0,12,294280.725,357244.34545454546,777.1428571428571,2.211029411764706,5.5,0.625
4.0,2.75,2550,8632,1.0,0,0,3,850,42,1,12,661873.9341085271,853114.5491803279,680.0,3.3850980392156864,6.75,0.55
2.0,1.0,1080,3899,1.0,0,0,4,0,42,0,42,335615.4146341463,334815.04761904763,540.0,3.6101851851851854,3.0,0.3333333333333333
3.0,1.75,2470,9620,1.0,0,1,4,900,52,0,52,311057.8333333333,313968.0571428572,898.1818181818181,3.8947368421052633,4.75,0.4375
2.0,0.75,850,7710,1.0,0,2,5,300,105,1,26,570223.1185050136,322012.1379310345,485.7142857142857,9.070588235294117,2.75,0.25
3.0,2.5,1990,8991,1.0,0,0,3,420,45,1,4,302187.765625,313686.0298507463,568.5714285714286,4.518090452261307,5.5,0.625
3.0,2.25,1800,10500,2.0,0,0,3,0,19,0,19,339211.3264705882,339211.3264705882,553.8461538461538,5.833333333333333,5.25,0.5625
5.0,4.0,4850,36450,2.0,0,0,3,0,37,1,10,859295.1570351758,817478.5,970.0,7.515463917525773,9.0,0.6666666666666666
3.0,1.0,1020,7874,1.0,0,0,3,0,58,1,13,576183.7791741472,286897.82608695654,510.0,7.719607843137255,4.0,0.25
3.0,2.5,2420,49928,2.0,0,0,3,560,29,0,29,609064.7603305785,593956.5636363636,691.4285714285714,20.631404958677685,5.5,0.625
4.0,2.5,2910,5776,2.0,0,2,3,0,16,1,8,561804.3541666666,561804.3541666666,831.4285714285714,1.9848797250859107,6.5,0.5
3.0,1.5,1060,9039,1.0,0,0,3,0,41,1,1,370580.66352040815,348268.4566176471,424.0,8.527358490566037,4.5,0.375
4.0,2.5,2340,6420,1.0,0,2,3,750,50,1,14,402504.4879518072,718727.3611111111,668.5714285714286,2.7435897435897436,6.5,0.5
4.0,2.75,1800,5453,1.0,0,0,3,750,12,0,12,370580.66352040815,304373.5294117647,480.0,3.0294444444444446,6.75,0.55
4.0,2.0,1660,6150,1.0,0,0,3,810,69,1,4,576183.7791741472,428104.3859649123,553.3333333333334,3.7048192771084336,6.0,0.4
3.0,1.75,1300,62290,1.0,0,0,3,0,31,1,5,664524.1592356688,667790.3,472.72727272727275,47.91538461538462,4.75,0.4375
3.0,1.5,1780,23819,1.0,0,0,3,0,61,0,61,573185.0026954178,232418.88888888888,712.0,13.381460674157303,4.5,0.375
2.0,1.0,1030,4841,1.0,0,0,3,110,75,1,45,574543.2427470535,602889.9619047618,515.0,4.7,3.0,0.3333333333333333
4.0,3.25,2790,5420,1.0,0,3,3,1660,51,1,1,423979.98295454547,754622.6341463415,656.4705882352941,1.9426523297491038,7.25,0.65
3.0,1.0,1150,3000,1.0,0,0,5,0,108,0,108,574543.2427470535,602889.9619047618,575.0,2.608695652173913,4.0,0.25
4.0,2.5,3290,11446,2.0,0,0,3,0,22,0,22,445182.39130434784,445182.39130434784,940.0,3.4790273556231,6.5,0.5
4.0,2.5,3400,247421,2.0,0,0,3,0,13,0,13,505500.0,505500.0,971.4285714285714,72.77088235294117,6.5,0.5
2.0,1.0,1200,4000,1.0,0,0,3,130,74,1,18,570223.1185050136,415307.3275862069,600.0,3.3333333333333335,3.0,0.3333333333333333
4.0,2.5,2160,8005,2.0,0,0,3,0,21,0,21,226280.0,226280.0,617.1428571428571,3.7060185185185186,6.5,0.5
3.0,1.0,1450,4000,1.0,0,1,4,500,66,0,66,574543.2427470535,445100.0,725.0,2.7586206896551726,4.0,0.25
4.0,2.5,3240,3600,2.0,0,0,3,1180,6,0,6,576183.7791741472,936935.0,925.7142857142857,1.1111111111111112,6.5,0.5
3.0,2.0,1470,1691,2.0,0,0,3,470,7,0,7,574543.2427470535,605400.1521739131,490.0,1.1503401360544219,5.0,0.5
4.0,2.5,2360,5226,2.0,0,0,3,0,13,0,13,654481.2884615385,520942.46376811597,674.2857142857143,2.214406779661017,6.5,0.5
3.0,2.25,2230,9053,2.0,0,0,4,0,27,0,27,854623.3027093596,673630.7692307692,686.1538461538462,4.059641255605381,5.25,0.5625
4.0,2.5,2630,48706,2.0,0,0,3,0,28,0,28,602057.1753246753,578701.4130434783,751.4285714285714,18.519391634980988,6.5,0.5
3.0,1.0,1010,25000,1.0,0,0,3,0,48,1,51,549237.5,549237.5,505.0,24.752475247524753,4.0,0.25
3.0,2.25,1445,1471,2.0,0,0,3,145,11,0,11,611394.2276422764,599392.1333333333,444.61538461538464,1.0179930795847751,5.25,0.5625
3.0,1.75,2380,6000,1.5,0,0,3,1060,79,1,40,583475.1987418453,282381.0546875,865.4545454545455,2.5210084033613445,4.75,0.4375
4.0,2.75,2830,13059,2.0,0,0,3,0,16,1,8,707300.656504065,773933.2182539683,754.6666666666666,4.614487632508834,6.75,0.55
4.0,2.5,3010,46173,2.0,0,0,3,0,18,0,18,664018.5575757576,696975.4117647059,860.0,15.339867109634552,6.5,0.5
4.0,2.25,2000,9000,1.0,0,0,4,0,36,1,14,298547.1904761905,296686.537037037,615.3846153846154,4.5,6.25,0.45
3.0,2.25,2020,3600,2.0,0,0,3,0,16,1,8,661873.9341085271,853114.5491803279,621.5384615384615,1.7821782178217822,5.25,0.5625
3.0,2.5,2030,6326,2.0,0,0,3,0,21,0,21,341878.1945205479,341878.1945205479,580.0,3.116256157635468,5.5,0.625
3.0,2.75,2550,11160,2.0,0,0,3,0,20,0,20,402504.4879518072,381644.5188679245,680.0,4.376470588235295,5.75,0.6875
2.0,1.0,970,13700,1.0,0,0,3,0,65,1,16,573185.0026954178,299231.52173913043,485.0,14.123711340206185,3.0,0.3333333333333333
3.0,1.75,1540,12446,1.0,0,0,5,0,47,0,47,609064.7603305785,593956.5636363636,560.0,8.081818181818182,4.75,0.4375
2.0,1.0,1396,111949,1.0,0,0,3,0,74,1,17,664018.5575757576,696975.4117647059,698.0,80.19269340974212,3.0,0.3333333333333333
4.0,3.25,2780,7875,2.0,0,0,3,0,8,0,8,576183.7791741472,368028.3015873016,654.1176470588235,2.83273381294964,7.25,0.65
6.0,2.0,2220,8797,1.0,0,0,3,0,37,1,10,297123.8925619835,220484.78260869565,740.0,3.9626126126126127,8.0,0.2857142857142857
4.0,3.5,2350,13402,2.0,0,3,3,680,20,0,20,655071.1991869919,798061.106557377,522.2222222222222,5.7029787234042555,7.5,0.7
3.0,2.25,2760,40946,2.0,0,0,5,0,36,0,36,859215.5687192117,788761.9545454546,849.2307692307693,14.835507246376812,5.25,0.5625
3.0,2.5,4460,26027,2.0,0,0,3,0,22,0,22,654481.2884615385,805533.4016393443,1274.2857142857142,5.835650224215247,5.5,0.625
3.0,2.0,1440,4421,1.0,0,0,3,0,7,0,7,667110.3374233128,692946.9841269841,480.0,3.0701388888888888,5.0,0.5
5.0,3.75,5330,6000,2.0,0,2,3,1760,8,0,8,611821.4210526316,590589.0952380953,1122.1052631578948,1.125703564727955,8.75,0.625
4.0,2.5,2220,4228,2.0,0,0,3,0,0,0,0,573185.0026954178,386791.8375,634.2857142857143,1.9045045045045046,6.5,0.5
5.0,4.75,5305,8401,2.0,0,2,3,1560,9,0,9,654481.2884615385,805533.4016393443,922.6086956521739,1.5836003770028275,9.75,0.7916666666666666
3.0,4.0,3880,13095,2.0,0,3,3,180,5,0,5,655071.1991869919,514387.5806451613,776.0,3.375,7.0,1.0
4.0,3.25,3810,8519,1.0,0,1,3,1130,7,0,7,654481.2884615385,805533.4016393443,896.4705882352941,2.2359580052493437,7.25,0.65
3.0,3.0,1960,1168,2.0,0,0,3,360,7,0,7,589927.1679389313,617858.71875,490.0,0.5959183673469388,6.0,0.75
3.0,2.5,1530,1131,3.0,0,0,3,0,5,0,5,583475.1987418453,598663.1875,437.14285714285717,0.7392156862745098,5.5,0.625
4.0,2.25,3250,34293,2.0,0,0,4,0,31,0,31,306368.0406504065,331194.18666666665,1000.0,10.551692307692308,6.25,0.45
3.0,2.5,1750,7208,2.0,0,0,3,0,20,0,20,377807.7863636364,337515.625,500.0,4.118857142857143,5.5,0.625
4.0,3.25,3440,35021,2.0,0,0,3,0,31,1,5,665473.701171875,817309.8975409836,809.4117647058823,10.180523255813954,7.25,0.65
1.0,0.75,1170,14149,1.0,0,0,5,290,52,0,52,312833.3333333333,312833.3333333333,668.5714285714286,12.093162393162393,1.75,0.375
3.0,1.0,870,5330,1.0,0,0,3,0,45,1,0,271876.92307692306,313686.0298507463,435.0,6.126436781609195,4.0,0.25
4.0,2.5,2930,18199,2.0,0,0,3,0,16,1,8,707300.656504065,773933.2182539683,837.1428571428571,6.211262798634812,6.5,0.5
3.0,2.5,3160,12824,1.0,0,2,4,1340,48,0,48,847974.924611399,1310316.904,902.8571428571429,4.058227848101266,5.5,0.625
2.0,1.0,800,3330,1.0,0,0,3,0,96,0,96,574543.2427470535,597116.6666666666,400.0,4.1625,3.0,0.3333333333333333
4.0,2.5,2350,8001,2.0,0,0,4,0,27,0,27,854623.3027093596,833646.4126506024,671.4285714285714,3.40468085106383,6.5,0.5
2.0,1.75,1060,16470,1.0,0,0,3,0,37,1,10,632047.53125,597260.8888888889,385.45454545454544,15.537735849056604,3.75,0.5833333333333334
3.0,1.75,2060,12558,1.0,0,0,4,710,30,0,30,667110.3374233128,649564.5408163265,749.0909090909091,6.096116504854369,4.75,0.4375
2.0,1.75,1560,1750,1.0,0,0,4,780,110,0,110,573185.0026954178,971798.75,567.2727272727273,1.1217948717948718,3.75,0.5833333333333334
4.0,1.75,3000,42200,1.0,0,3,3,1500,64,1,9,371872.2878787879,392019.0338983051,1090.909090909091,14.066666666666666,5.75,0.35
3.0,1.5,1660,4800,2.0,0,0,3,0,107,1,31,576183.7791741472,915608.1081081082,664.0,2.891566265060241,4.5,0.375
3.0,1.75,1650,5100,1.0,0,0,5,610,106,0,106,570223.1185050136,610774.3578947368,600.0,3.090909090909091,4.75,0.4375
4.0,3.0,3220,8936,2.0,0,0,3,770,24,1,5,298517.84,279734.9791666667,805.0,2.775155279503106,7.0,0.6
3.0,1.5,2320,7500,1.0,0,0,3,0,38,0,38,420666.78571428574,420666.78571428574,928.0,3.2327586206896552,4.5,0.375
4.0,2.75,2750,14982,1.0,0,3,3,1030,33,1,1,307819.2631578947,306565.7297297297,733.3333333333334,5.448,6.75,0.55
3.0,1.0,910,6000,1.0,0,0,2,0,58,0,58,570223.1185050136,394355.8048780488,455.0,6.593406593406593,4.0,0.25
2.0,1.5,840,867,2.0,0,0,3,0,9,0,9,576183.7791741472,610943.3953488372,336.0,1.0321428571428573,3.5,0.5
3.0,2.25,1470,1578,2.0,0,0,3,380,7,0,7,570223.1185050136,483946.96794871794,452.3076923076923,1.073469387755102,5.25,0.5625
6.0,2.0,2040,10812,1.0,0,0,4,0,71,0,71,370580.66352040815,393745.6779661017,680.0,5.3,8.0,0.2857142857142857
3.0,1.0,1100,4046,1.5,0,4,4,0,92,0,92,311057.8333333333,313968.0571428572,550.0,3.678181818181818,4.0,0.25
2.0,1.0,940,8532,1.0,0,0,4,0,55,0,55,345010.7211538461,418429.25675675675,470.0,9.076595744680851,3.0,0.3333333333333333
3.0,2.0,1110,10500,1.0,0,0,5,0,36,0,36,421049.06666666665,421049.06666666665,370.0,9.45945945945946,5.0,0.5
4.0,1.75,2200,8100,1.5,0,0,5,800,72,0,72,574543.2427470535,270748.24,800.0,3.6818181818181817,5.75,0.35
2.0,1.75,2860,59612,1.0,1,4,3,1350,66,1,11,291133.71153846156,283302.9365079365,1040.0,20.843356643356643,3.75,0.5833333333333334
2.0,1.0,740,11250,1.0,0,0,2,0,76,0,76,576183.7791741472,359051.2619047619,370.0,15.202702702702704,3.0,0.3333333333333333
4.0,1.75,2740,8520,1.0,0,2,3,1370,60,1,9,583475.1987418453,451032.07547169813,996.3636363636364,3.1094890510948905,5.75,0.35
3.0,1.0,1250,7300,1.0,0,0,4,0,58,0,58,859215.5687192117,631745.0,625.0,5.84,4.0,0.25
4.0,2.5,3140,8060,2.0,0,0,3,0,23,0,23,302406.8613861386,294601.05,897.1428571428571,2.56687898089172,6.5,0.5
2.0,1.0,820,10270,1.0,0,0,3,0,60,1,9,573185.0026954178,232418.88888888888,410.0,12.524390243902438,3.0,0.3333333333333333
4.0,2.75,2570,7264,2.0,0,0,3,850,16,1,8,308362.248,375611.3,685.3333333333334,2.8264591439688718,6.75,0.55
4.0,2.25,2350,8140,1.0,0,0,4,920,37,0,37,859215.5687192117,827419.403125,723.0769230769231,3.4638297872340424,6.25,0.45
4.0,3.0,3600,9200,1.0,0,4,4,1500,38,1,22,859215.5687192117,631745.0,900.0,2.5555555555555554,7.0,0.6
4.0,2.0,1580,8000,1.0,0,0,3,540,47,1,3,298547.1904761905,300771.1538461539,526.6666666666666,5.063291139240507,6.0,0.4
2.0,1.0,1070,5824,1.0,0,2,5,0,65,0,65,574543.2427470535,274962.0967741936,535.0,5.442990654205608,3.0,0.3333333333333333
3.0,1.0,1070,6109,1.0,0,0,5,0,63,0,63,576183.7791741472,460224.62686567166,535.0,5.709345794392523,4.0,0.25
4.0,2.0,1640,5000,2.0,0,0,3,0,107,1,31,576183.7791741472,601203.7209302326,546.6666666666666,3.048780487804878,6.0,0.4
3.0,2.75,2890,12130,2.0,0,3,4,60,27,0,27,655071.1991869919,798061.106557377,770.6666666666666,4.197231833910035,5.75,0.6875
3.0,1.0,1220,7876,1.0,0,0,3,0,48,1,51,661873.9341085271,490319.85294117645,610.0,6.4557377049180324,4.0,0.25
2.0,1.0,1400,4500,1.0,0,0,3,500,92,1,6,379453.5624401914,320533.3333333333,700.0,3.2142857142857144,3.0,0.3333333333333333
3.0,1.0,1040,6250,1.0,0,0,3,0,72,1,15,576183.7791741472,509155.26219512196,520.0,6.009615384615385,4.0,0.25
4.0,2.0,980,10640,1.0,0,0,5,0,36,0,36,406146.40625,406146.40625,326.6666666666667,10.857142857142858,6.0,0.4
4.0,3.25,3340,10890,1.5,0,0,3,1100,51,1,14,662070.8855421686,637280.5326086957,785.8823529411765,3.2604790419161676,7.25,0.65
6.0,4.5,6040,219542,2.0,0,0,3,1940,18,0,18,611394.2276422764,624091.0333333333,1098.1818181818182,36.348013245033115,10.5,0.6428571428571429
3.0,3.5,1900,1612,2.0,0,0,3,470,6,0,6,573185.0026954178,531402.2828947369,422.22222222222223,0.848421052631579,6.5,0.875
4.0,1.5,1740,7292,1.0,0,0,3,720,52,1,11,260515.44444444444,232418.88888888888,696.0,4.190804597701149,5.5,0.3
3.0,2.0,2000,3207,1.0,0,0,4,900,98,0,98,573185.0026954178,576457.3465346535,666.6666666666666,1.6035,5.0,0.5
3.0,1.75,1610,7200,1.0,0,0,3,520,41,1,1,573185.0026954178,1024997.5853658536,585.4545454545455,4.472049689440993,4.75,0.4375
4.0,2.5,3240,13978,1.0,0,0,3,1380,37,1,10,712166.302173913,657703.171875,925.7142857142857,4.314197530864197,6.5,0.5
5.0,2.25,2230,9600,1.0,0,0,3,910,36,0,36,607079.2441860465,660496.5277777778,686.1538461538462,4.304932735426009,7.25,0.375
2.0,2.5,1160,2174,2.0,0,0,3,0,16,1,8,583475.1987418453,300070.8333333333,331.42857142857144,1.8741379310344828,4.5,0.8333333333333334
4.0,2.75,2410,6000,1.0,0,0,5,1000,64,0,64,573185.0026954178,580282.4444444445,642.6666666666666,2.4896265560165975,6.75,0.55
2.0,1.0,590,10945,1.5,0,0,3,0,31,1,5,434100.0,434100.0,295.0,18.550847457627118,3.0,0.3333333333333333
4.0,2.5,2600,17388,2.0,0,0,3,0,18,0,18,673746.1363636364,502494.4029850746,742.8571428571429,6.687692307692307,6.5,0.5
4.0,3.0,2170,8240,1.0,0,0,4,800,46,0,46,662070.8855421686,637280.5326086957,542.5,3.7972350230414746,7.0,0.6
4.0,2.75,2080,4000,1.5,0,0,3,0,102,1,14,570223.1185050136,574002.5,554.6666666666666,1.9230769230769231,6.75,0.55
4.0,2.5,2860,12394,2.0,0,0,3,0,15,0,15,704425.8029661017,793072.1490384615,817.1428571428571,4.333566433566434,6.5,0.5
4.0,2.5,2980,8107,2.0,0,0,3,0,14,0,14,561804.3541666666,561804.3541666666,851.4285714285714,2.720469798657718,6.5,0.5
2.0,2.5,1230,987,2.0,0,0,3,170,3,0,3,576183.7791741472,619323.25,351.42857142857144,0.802439024390244,4.5,0.8333333333333334
4.0,1.75,2260,7005,1.0,0,1,4,1130,67,1,26,655071.1991869919,798061.106557377,821.8181818181819,3.099557522123894,5.75,0.35
3.0,2.75,2200,14925,1.0,0,0,3,1100,32,0,32,659713.198757764,701241.5652173914,586.6666666666666,6.784090909090909,5.75,0.6875
4.0,2.5,3030,12590,1.5,0,0,4,0,26,0,26,847974.924611399,1310316.904,865.7142857142857,4.1551155115511555,6.5,0.5
2.0,1.0,1060,1600,2.0,0,0,3,0,35,1,0,570223.1185050136,617994.1355932204,530.0,1.509433962264151,3.0,0.3333333333333333
4.0,3.0,4260,18687,2.0,0,0,3,0,18,0,18,712166.302173913,775557.8101851852,1065.0,4.386619718309859,7.0,0.6
3.0,2.25,998,844,2.0,0,0,3,200,7,0,7,576183.7791741472,552908.4521276596,307.0769230769231,0.845691382765531,5.25,0.5625
4.0,2.5,2052,3723,2.0,0,0,3,0,0,0,0,298547.1904761905,300771.1538461539,586.2857142857143,1.814327485380117,6.5,0.5
4.0,3.5,3150,6202,2.0,0,0,3,0,9,0,9,298517.84,334007.40625,700.0,1.968888888888889,7.5,0.7
3.0,2.25,1950,7221,1.0,0,0,4,0,8,0,8,249552.22727272726,266966.6,600.0,3.703076923076923,5.25,0.5625
3.0,2.25,1347,1292,3.0,0,0,3,0,4,0,4,574543.2427470535,443537.9032258064,414.46153846153845,0.9591685226429102,5.25,0.5625
4.0,3.75,3860,5474,2.5,0,0,3,0,7,0,7,609064.7603305785,621249.6153846154,812.6315789473684,1.4181347150259067,7.75,0.75
4.0,5.5,5060,10320,2.0,0,0,3,0,6,0,6,859295.1570351758,1264508.6,778.4615384615385,2.039525691699605,9.5,1.1
3.0,1.5,1360,885,3.0,0,0,3,0,6,0,6,574543.2427470535,602889.9619047618,544.0,0.6507352941176471,4.5,0.375
5.0,2.5,2760,6000,2.0,0,0,3,0,8,0,8,583475.1987418453,352404.6388888889,788.5714285714286,2.1739130434782608,7.5,0.4166666666666667
5.0,3.5,2420,4670,2.0,0,0,3,0,1,1,91,583475.1987418453,451032.07547169813,537.7777777777778,1.9297520661157024,8.5,0.5833333333333334
3.0,2.5,2450,4332,2.0,0,0,3,0,4,0,4,664018.5575757576,696975.4117647059,700.0,1.7681632653061226,5.5,0.625
3.0,2.25,1280,959,3.0,0,0,3,0,9,0,9,576183.7791741472,581484.52,393.84615384615387,0.74921875,5.25,0.5625
3.0,2.5,1550,3569,2.0,0,0,3,0,3,0,3,289521.22794117645,230185.82142857142,442.85714285714283,2.3025806451612905,5.5,0.625
1.0,1.0,550,1279,2.0,0,0,3,0,6,0,6,570223.1185050136,577744.32,275.0,2.3254545454545457,2.0,0.5
2.0,2.5,1520,1588,2.0,0,0,3,280,7,0,7,573185.0026954178,634904.25,434.2857142857143,1.0447368421052632,4.5,0.8333333333333334
3.0,1.0,1670,4005,1.5,0,0,4,500,75,1,25,573185.0026954178,566123.421875,835.0,2.3982035928143715,4.0,0.25
1.0,0.75,430,5050,1.0,0,0,2,0,102,0,102,551283.9375,551283.9375,245.71428571428572,11.744186046511627,1.75,0.375
4.0,2.5,2380,9614,2.0,0,0,4,0,23,0,23,859215.5687192117,827419.403125,680.0,4.039495798319328,6.5,0.5
3.0,1.0,960,9633,1.0,0,0,5,0,32,0,32,312833.3333333333,312833.3333333333,480.0,10.034375,4.0,0.25
3.0,1.0,1920,6862,1.0,0,2,3,800,62,1,6,573185.0026954178,458276.3157894737,960.0,3.573958333333333,4.0,0.25
4.0,3.0,3680,5854,1.0,0,3,3,1620,47,1,3,574543.2427470535,731451.1428571428,920.0,1.5907608695652173,7.0,0.6
4.0,2.25,2530,9200,1.0,0,0,5,960,38,0,38,881585.4168316831,809289.1351351351,778.4615384615385,3.6363636363636362,6.25,0.45
5.0,2.5,3840,16905,2.0,0,0,3,0,23,0,23,290510.51923076925,287434.2,1097.142857142857,4.40234375,7.5,0.4166666666666667
3.0,1.75,1240,3600,1.5,0,0,5,0,88,0,88,574543.2427470535,618140.3414634146,450.90909090909093,2.903225806451613,4.75,0.4375
2.0,1.0,1300,11867,1.5,0,0,4,0,39,0,39,667833.3333333334,667833.3333333334,650.0,9.128461538461538,3.0,0.3333333333333333
4.0,2.5,2380,12067,2.0,0,0,3,0,12,0,12,371872.2878787879,510118.0,680.0,5.0701680672268905,6.5,0.5
2.0,1.0,1300,44431,1.0,0,0,5,0,56,0,56,308362.248,266959.525,650.0,34.17769230769231,3.0,0.3333333333333333
2.0,1.0,780,13500,1.0,0,0,4,0,68,1,25,612917.84375,688402.5,390.0,17.307692307692307,3.0,0.3333333333333333
4.0,2.5,1810,39639,1.0,0,0,3,580,44,1,0,297151.21774193546,336132.38095238095,517.1428571428571,21.9,6.5,0.5
3.0,1.75,2420,12676,2.0,0,0,3,0,103,1,28,412808.4871794872,412808.4871794872,880.0,5.23801652892562,4.75,0.4375
3.0,1.0,1280,2580,1.5,0,0,3,0,104,1,0,574543.2427470535,605400.1521739131,640.0,2.015625,4.0,0.25
2.0,1.0,1680,6500,1.0,0,0,4,540,73,1,16,573185.0026954178,531402.2828947369,840.0,3.869047619047619,3.0,0.3333333333333333
3.0,2.5,2510,5400,2.0,0,0,3,0,22,0,22,370580.66352040815,393745.6779661017,717.1428571428571,2.151394422310757,5.5,0.625
3.0,1.0,1700,8645,1.0,0,0,3,0,59,1,9,583475.1987418453,371058.47297297296,850.0,5.0852941176470585,4.0,0.25
3.0,1.75,1680,3420,1.0,0,0,3,720,22,0,22,573185.0026954178,594233.6460674157,610.9090909090909,2.0357142857142856,4.75,0.4375
1.0,0.75,820,59677,1.0,0,0,3,0,15,0,15,565703.2,565703.2,468.57142857142856,72.77682926829269,1.75,0.375
3.0,4.0,4380,42769,2.0,0,0,5,0,31,0,31,664018.5575757576,639101.3958333334,876.0,9.76461187214612,7.0,1.0
3.0,2.5,2600,10092,1.0,0,0,3,0,30,0,30,692567.8918918918,634856.3076923077,742.8571428571429,3.8815384615384616,5.5,0.625
5.0,3.25,3400,7452,2.0,0,0,3,0,15,0,15,854623.3027093596,673630.7692307692,800.0,2.191764705882353,8.25,0.5416666666666666
5.0,1.75,2120,8399,1.0,0,0,4,800,72,1,32,402504.4879518072,368028.3015873016,770.9090909090909,3.961792452830189,6.75,0.2916666666666667
4.0,2.75,2250,5700,1.0,0,0,3,1050,63,1,20,570223.1185050136,863209.5238095238,600.0,2.533333333333333,6.75,0.55
3.0,1.0,1800,5612,1.0,0,0,4,600,72,1,32,574543.2427470535,423128.77358490566,900.0,3.117777777777778,4.0,0.25
3.0,2.5,2210,7620,2.0,0,0,3,0,20,0,20,662070.8855421686,637280.5326086957,631.4285714285714,3.4479638009049776,5.5,0.625
3.0,2.0,1560,4080,2.0,0,0,3,0,91,1,32,576183.7791741472,610943.3953488372,520.0,2.6153846153846154,5.0,0.5
4.0,2.75,2430,20720,1.0,0,0,3,0,47,1,3,610245.4411764706,560633.5,648.0,8.526748971193415,6.75,0.55
4.0,2.5,2560,36601,2.0,0,0,4,0,27,0,27,692567.8918918918,761330.9019607843,731.4285714285714,14.297265625,6.5,0.5
3.0,2.75,1960,2500,1.5,0,0,5,550,88,0,88,570223.1185050136,606082.1632653062,522.6666666666666,1.2755102040816326,5.75,0.6875
3.0,1.5,1110,9762,1.0,0,0,4,0,51,0,51,664524.1592356688,661440.7894736842,444.0,8.794594594594594,4.5,0.375
2.0,1.5,1030,4500,1.0,0,0,3,200,90,1,3,574543.2427470535,1008059.7826086957,412.0,4.368932038834951,3.5,0.5
4.0,1.0,1350,11507,1.0,0,0,3,0,48,1,51,376968.54547619045,324440.0,675.0,8.523703703703704,5.0,0.2
3.0,2.0,1540,1827,2.0,0,0,3,0,9,0,9,611394.2276422764,624091.0333333333,513.3333333333334,1.1863636363636363,5.0,0.5
4.0,1.75,1830,9600,1.0,0,0,4,820,48,0,48,854623.3027093596,833646.4126506024,665.4545454545455,5.245901639344262,5.75,0.35
4.0,1.5,1930,15531,2.0,0,0,3,0,35,1,0,291133.71153846156,302512.97297297296,772.0,8.047150259067358,5.5,0.3
3.0,2.0,1650,9641,1.5,0,0,3,0,31,1,5,655071.1991869919,514387.5806451613,550.0,5.843030303030303,5.0,0.5
4.0,2.0,3510,12905,1.0,0,2,3,1300,49,1,32,359824.2021276596,447644.72222222225,1170.0,3.6766381766381766,6.0,0.4
4.0,3.0,3370,7920,1.0,0,3,3,1510,26,1,14,583475.1987418453,552240.609375,842.5,2.350148367952522,7.0,0.6
3.0,2.5,2390,9157,2.0,0,0,3,0,30,0,30,659713.198757764,628759.967032967,682.8571428571429,3.8313807531380752,5.5,0.625
3.0,1.0,1230,8114,1.0,0,0,4,0,63,1,15,859295.1570351758,1264508.6,615.0,6.596747967479675,4.0,0.25
4.0,3.0,2830,213879,2.0,0,0,4,0,27,0,27,297123.8925619835,363214.4727272727,707.5,75.5756183745583,7.0,0.6
3.0,1.75,1620,7540,1.0,0,0,3,310,26,1,14,351942.0882352941,351942.0882352941,589.0909090909091,4.654320987654321,4.75,0.4375
4.0,4.0,2290,6250,1.5,0,0,5,600,74,0,74,583475.1987418453,639284.1666666666,458.0,2.7292576419213974,8.0,0.8
4.0,2.0,2840,13367,1.0,0,0,3,1420,62,1,6,1783771.4285714286,1310316.904,946.6666666666666,4.706690140845071,6.0,0.4
4.0,3.5,4220,196817,2.0,0,0,3,0,21,0,21,297123.8925619835,363214.4727272727,937.7777777777778,46.63909952606635,7.5,0.7
3.0,1.0,1080,10500,1.0,0,0,3,0,47,1,3,306983.0317460318,273470.65789473685,540.0,9.722222222222221,4.0,0.25
3.0,1.75,1620,8645,1.0,0,0,3,430,41,1,1,662070.8855421686,637280.5326086957,589.0909090909091,5.33641975308642,4.75,0.4375
4.0,3.5,4390,11600,2.0,0,3,3,1330,24,1,5,1182030.1090909091,1182030.1090909091,975.5555555555555,2.642369020501139,7.5,0.7
3.0,1.75,1620,3975,1.0,0,0,5,680,88,0,88,583475.1987418453,552240.609375,589.0909090909091,2.4537037037037037,4.75,0.4375
3.0,1.0,1010,11244,1.0,0,0,4,0,67,1,26,433780.94444444444,384471.0,505.0,11.132673267326732,4.0,0.25
4.0,2.5,1750,8476,1.0,0,0,4,510,31,0,31,379453.5624401914,351241.91041666665,500.0,4.843428571428571,6.5,0.5
3.0,3.5,4080,217697,1.5,0,3,3,0,14,0,14,289521.22794117645,337419.359375,906.6666666666666,53.35710784313726,6.5,0.875
4.0,2.5,2560,10400,1.0,0,0,4,1280,49,0,49,611394.2276422764,599392.1333333333,731.4285714285714,4.0625,6.5,0.5
3.0,1.75,1120,5500,1.5,0,0,4,0,89,1,46,573185.0026954178,531402.2828947369,407.27272727272725,4.910714285714286,4.75,0.4375
4.0,3.5,4740,172497,2.0,0,0,3,0,11,0,11,664018.5575757576,696975.4117647059,1053.3333333333333,36.391772151898735,7.5,0.7
2.0,1.0,1340,7788,1.0,0,2,3,0,67,1,2,583475.1987418453,282381.0546875,670.0,5.811940298507463,3.0,0.3333333333333333
4.0,2.0,1590,6750,1.0,0,0,3,0,63,1,20,583475.1987418453,666692.0,530.0,4.245283018867925,6.0,0.4
3.0,1.0,1430,5000,1.0,0,0,4,350,95,1,29,583475.1987418453,600662.226744186,715.0,3.4965034965034967,4.0,0.25
4.0,1.0,1450,8960,1.0,0,0,3,0,71,1,12,570223.1185050136,394355.8048780488,725.0,6.179310344827586,5.0,0.2
4.0,2.75,3500,7200,2.0,0,0,3,0,9,0,9,659713.198757764,701241.5652173914,933.3333333333334,2.057142857142857,6.75,0.55
3.0,2.0,1630,8702,1.0,0,0,3,0,27,1,14,376968.54547619045,400873.7868852459,543.3333333333334,5.338650306748466,5.0,0.5
4.0,1.75,1814,5000,1.0,0,0,4,870,63,1,15,573185.0026954178,594233.6460674157,659.6363636363636,2.7563395810363835,5.75,0.35
2.0,1.0,580,7500,1.0,0,0,3,0,71,1,12,573185.0026954178,293895.8881578947,290.0,12.931034482758621,3.0,0.3333333333333333
3.0,2.0,1670,4572,1.5,0,0,3,0,83,0,83,576183.7791741472,552908.4521276596,556.6666666666666,2.7377245508982035,5.0,0.5
2.0,2.0,1140,8282,1.0,0,0,3,0,90,1,5,661873.9341085271,853114.5491803279,380.0,7.264912280701754,4.0,0.6666666666666666
2.0,1.0,800,6380,1.0,0,2,3,0,74,1,18,573185.0026954178,594233.6460674157,400.0,7.975,3.0,0.3333333333333333
3.0,1.75,1300,2580,1.0,0,0,5,480,95,1,80,573185.0026954178,594233.6460674157,472.72727272727275,1.9846153846153847,4.75,0.4375
4.0,2.5,2440,7155,2.0,0,0,3,0,21,0,21,371872.2878787879,351000.68055555556,697.1428571428571,2.932377049180328,6.5,0.5
3.0,2.0,1490,8371,1.5,0,0,3,0,30,0,30,301453.96774193546,288301.54901960783,496.6666666666667,5.618120805369127,5.0,0.5
3.0,2.75,1800,9550,1.0,0,0,4,480,48,0,48,847974.924611399,802442.5981012658,480.0,5.305555555555555,5.75,0.6875
3.0,2.0,1830,9152,1.0,0,0,5,0,55,0,55,881585.4168316831,809289.1351351351,610.0,5.001092896174863,5.0,0.5
3.0,1.0,1500,3920,1.0,0,0,3,500,67,1,2,573185.0026954178,580282.4444444445,750.0,2.6133333333333333,4.0,0.25
4.0,2.5,2210,6080,1.0,0,2,4,800,49,0,49,574543.2427470535,274962.0967741936,631.4285714285714,2.751131221719457,6.5,0.5
3.0,2.0,1270,1323,3.0,0,0,3,0,8,0,8,570223.1185050136,606082.1632653062,423.3333333333333,1.041732283464567,5.0,0.5
2.0,1.0,1140,1730,1.5,0,0,3,130,7,0,7,574543.2427470535,423128.77358490566,570.0,1.5175438596491229,3.0,0.3333333333333333
3.0,2.5,1620,1173,3.0,0,4,3,150,6,0,6,576183.7791741472,581484.52,462.85714285714283,0.7240740740740741,5.5,0.625
3.0,2.0,1220,1186,3.0,0,0,3,0,7,0,7,574543.2427470535,602889.9619047618,406.6666666666667,0.9721311475409836,5.0,0.5
2.0,2.5,750,1430,2.0,0,0,3,0,8,0,8,583475.1987418453,577872.32,214.28571428571428,1.9066666666666667,4.5,0.8333333333333334
4.0,1.75,1960,9300,1.0,0,0,5,620,35,0,35,406146.40625,406146.40625,712.7272727272727,4.744897959183674,5.75,0.35
3.0,1.0,1370,3000,1.5,0,0,3,0,90,1,3,570223.1185050136,606082.1632653062,685.0,2.18978102189781,4.0,0.25
5.0,4.0,4580,4443,3.0,1,4,3,0,10,1,11,692567.8918918918,761330.9019607843,916.0,0.9700873362445415,9.0,0.6666666666666666
4.0,4.25,5584,68257,2.0,0,0,3,0,16,1,8,465467.35714285716,465467.35714285716,1063.6190476190477,12.223674785100286,8.25,0.85
2.0,1.0,1010,4320,1.0,0,0,5,0,90,1,58,576183.7791741472,610943.3953488372,505.0,4.2772277227722775,3.0,0.3333333333333333
3.0,1.75,1260,6908,1.0,0,0,3,0,20,0,20,339556.4805970149,339556.4805970149,458.1818181818182,5.482539682539683,4.75,0.4375
3.0,2.5,1740,5782,2.0,0,0,4,0,25,0,25,609064.7603305785,621249.6153846154,497.14285714285717,3.3229885057471265,5.5,0.625
4.0,1.5,2670,10026,2.0,0,0,3,0,18,0,18,294280.725,357244.34545454546,1068.0,3.755056179775281,5.5,0.3
2.0,1.0,720,7200,1.0,0,0,5,0,71,0,71,377807.7863636364,347522.01615384617,360.0,10.0,3.0,0.3333333333333333
3.0,2.5,2460,4399,2.0,0,0,3,0,7,0,7,573991.6862745098,573991.6862745098,702.8571428571429,1.7882113821138212,5.5,0.625
4.0,2.5,3670,7000,2.0,0,0,3,0,9,0,9,692567.8918918918,761330.9019607843,1048.5714285714287,1.9073569482288828,6.5,0.5
4.0,3.5,2630,3435,1.5,0,3,3,990,30,0,30,256392.83333333334,273468.22222222225,584.4444444444445,1.306083650190114,7.5,0.7
3.0,1.75,1570,8459,1.0,0,0,3,0,23,0,23,331227.0833333333,331227.0833333333,570.9090909090909,5.3878980891719745,4.75,0.4375
3.0,3.0,2980,28000,1.0,0,0,3,1160,33,1,1,659713.198757764,628759.967032967,745.0,9.395973154362416,6.0,0.75
3.0,2.5,1560,4200,2.0,0,0,3,0,11,0,11,341878.1945205479,341878.1945205479,445.7142857142857,2.6923076923076925,5.5,0.625
3.0,2.5,1620,7410,1.0,0,0,5,0,59,0,59,423979.98295454547,379153.1549295775,462.85714285714283,4.574074074074074,5.5,0.625
3.0,1.0,1140,5000,1.0,0,0,3,0,54,1,2,570223.1185050136,303242.85714285716,570.0,4.385964912280702,4.0,0.25
2.0,1.5,2730,19877,1.0,0,0,4,1160,38,1,22,413841.8,413841.8,1092.0,7.280952380952381,3.5,0.5
3.0,2.0,2130,35169,1.0,0,0,4,0,25,0,25,610245.4411764706,560633.5,710.0,16.511267605633805,5.0,0.5
3.0,2.5,1780,4050,2.0,0,0,3,0,13,0,13,402504.4879518072,381644.5188679245,508.57142857142856,2.2752808988764044,5.5,0.625
4.0,2.5,2100,3916,2.0,0,0,3,0,5,0,5,377807.7863636364,347522.01615384617,600.0,1.8647619047619048,6.5,0.5
3.0,1.0,1140,8800,1.0,0,0,3,0,42,1,12,308362.248,266959.525,570.0,7.719298245614035,4.0,0.25
3.0,1.5,1690,9144,1.0,0,0,4,550,58,0,58,466376.511627907,466376.511627907,676.0,5.410650887573964,4.5,0.375
2.0,1.0,1160,6000,1.0,0,0,4,300,72,1,32,583475.1987418453,600662.226744186,580.0,5.172413793103448,3.0,0.3333333333333333
4.0,2.75,1720,6270,2.0,0,0,3,0,36,0,36,574543.2427470535,445100.0,458.6666666666667,3.645348837209302,6.75,0.55
3.0,1.0,1210,3328,1.5,0,0,4,0,90,0,90,583475.1987418453,543333.5897435897,605.0,2.750413223140496,4.0,0.25
3.0,1.5,1255,1374,3.0,0,0,3,0,10,1,11,583475.1987418453,455981.53846153844,502.0,1.094820717131474,4.5,0.375
2.0,1.0,880,7683,1.0,0,0,3,0,72,1,15,576183.7791741472,718727.3611111111,440.0,8.730681818181818,3.0,0.3333333333333333
3.0,1.0,1050,9206,1.5,0,0,3,0,60,1,9,570223.1185050136,468929.3650793651,525.0,8.767619047619048,4.0,0.25
3.0,1.75,1650,12940,1.0,0,0,4,0,53,1,13,451624.14634146343,451624.14634146343,600.0,7.842424242424243,4.75,0.4375
3.0,1.0,1570,9467,1.0,0,0,3,0,60,1,9,433780.94444444444,807100.6571428571,785.0,6.029936305732484,4.0,0.25
4.0,2.5,2920,7200,1.0,0,3,3,1450,93,1,8,574543.2427470535,551327.925925926,834.2857142857143,2.4657534246575343,6.5,0.5
4.0,3.0,3000,4000,1.5,0,3,3,1030,101,1,0,583475.1987418453,662231.5294117647,750.0,1.3333333333333333,7.0,0.6
3.0,1.75,1850,7735,1.0,0,0,4,0,31,0,31,589927.1679389313,562969.2461538462,672.7272727272727,4.181081081081081,4.75,0.4375
3.0,2.5,1440,7741,1.0,0,0,4,440,31,0,31,297151.21774193546,287917.39130434784,411.42857142857144,5.375694444444444,5.5,0.625
3.0,1.75,1440,8775,1.0,0,0,3,0,41,1,1,665473.701171875,527234.776119403,523.6363636363636,6.09375,4.75,0.4375
3.0,1.0,1810,12375,2.0,0,0,3,0,44,1,0,612917.84375,554207.5555555555,905.0,6.837016574585635,4.0,0.25
2.0,1.0,1180,9350,1.0,0,0,3,0,96,0,96,574543.2427470535,274962.0967741936,590.0,7.923728813559322,3.0,0.3333333333333333
4.0,3.75,3070,5850,2.0,0,0,5,670,87,0,87,574543.2427470535,1017813.976744186,646.3157894736842,1.9055374592833876,7.75,0.75
5.0,2.75,3390,5211,2.0,0,0,3,0,10,1,11,701918.4194214876,784592.5133928572,904.0,1.5371681415929204,7.75,0.4583333333333333
2.0,1.0,1470,6120,1.0,0,0,2,0,74,0,74,583475.1987418453,600662.226744186,735.0,4.163265306122449,3.0,0.3333333333333333
4.0,2.5,2680,7200,1.0,0,0,3,1300,62,1,1,661873.9341085271,853114.5491803279,765.7142857142857,2.6865671641791047,6.5,0.5
4.0,2.25,2290,10687,2.0,0,0,3,0,36,0,36,854623.3027093596,1326856.5666666667,704.6153846153846,4.666812227074236,6.25,0.45
3.0,1.75,1980,8100,1.0,0,0,4,670,65,1,29,420507.6153846154,382840.9275362319,720.0,4.090909090909091,4.75,0.4375
4.0,2.5,2870,9292,2.0,0,0,3,330,35,1,0,377807.7863636364,347522.01615384617,820.0,3.237630662020906,6.5,0.5
3.0,2.0,1840,4750,1.0,0,0,5,830,63,0,63,574543.2427470535,566680.5729166666,613.3333333333334,2.5815217391304346,5.0,0.5
4.0,3.25,4060,13000,2.0,0,3,3,0,14,0,14,1182030.1090909091,1182030.1090909091,955.2941176470588,3.2019704433497536,7.25,0.65
3.0,2.0,1630,8018,1.0,0,0,3,0,11,0,11,219133.33333333334,219133.33333333334,543.3333333333334,4.919018404907975,5.0,0.5
2.0,2.0,1880,5400,1.5,0,0,3,0,112,0,112,570223.1185050136,1067396.7391304348,626.6666666666666,2.872340425531915,4.0,0.6666666666666666
3.0,1.75,1780,13095,1.0,0,0,4,0,31,0,31,301453.96774193546,326180.80597014923,647.2727272727273,7.356741573033708,4.75,0.4375
4.0,2.0,2330,6250,1.0,0,0,4,930,73,1,16,301453.96774193546,287895.1666666667,776.6666666666666,2.6824034334763946,6.0,0.4
3.0,1.75,1840,4030,1.0,0,0,5,790,89,0,89,576183.7791741472,345272.55555555556,669.0909090909091,2.1902173913043477,4.75,0.4375
5.0,2.0,2330,10750,1.0,0,0,4,1140,52,0,52,466376.511627907,466376.511627907,776.6666666666666,4.613733905579399,7.0,0.3333333333333333
4.0,2.5,3200,6473,2.0,0,0,3,0,9,0,9,376968.54547619045,514326.8552631579,914.2857142857143,2.0228125,6.5,0.5
3.0,2.5,2330,1987,2.0,0,4,3,920,10,1,11,583475.1987418453,543333.5897435897,665.7142857142857,0.8527896995708154,5.5,0.625
3.0,2.25,1950,8868,1.0,0,0,3,600,50,1,14,420507.6153846154,378368.49253731343,600.0,4.547692307692308,5.25,0.5625
4.0,3.5,3080,4815,2.0,0,3,3,780,77,1,5,574543.2427470535,731451.1428571428,684.4444444444445,1.5633116883116882,7.5,0.7
2.0,1.0,1040,5527,1.0,0,0,3,0,63,1,20,574543.2427470535,605400.1521739131,520.0,5.314423076923077,3.0,0.3333333333333333
4.0,4.25,1960,3565,2.0,0,0,3,0,74,1,11,583475.1987418453,639284.1666666666,373.3333333333333,1.8188775510204083,8.25,0.85
5.0,3.0,2750,3800,1.5,0,0,5,1000,88,0,88,570223.1185050136,610774.3578947368,687.5,1.3818181818181818,8.0,0.5
3.0,1.75,1930,36210,1.0,0,0,3,0,37,1,10,612917.84375,554207.5555555555,701.8181818181819,18.761658031088082,4.75,0.4375
5.0,4.5,4850,40902,2.0,0,0,3,0,13,0,13,290510.51923076925,287434.2,881.8181818181819,8.43340206185567,9.5,0.75
4.0,2.5,1982,6406,2.0,0,0,3,0,10,1,11,298517.84,282721.1666666667,566.2857142857143,3.2320887991927347,6.5,0.5
3.0,2.75,2640,4050,1.5,0,0,5,890,88,0,88,576183.7791741472,1007907.8,704.0,1.5340909090909092,5.75,0.6875
4.0,2.5,1850,50662,1.0,0,0,3,420,36,0,36,662070.8855421686,637280.5326086957,528.5714285714286,27.384864864864866,6.5,0.5
4.0,2.25,1940,9144,1.0,0,0,4,510,58,0,58,859215.5687192117,681850.0,596.9230769230769,4.71340206185567,6.25,0.45
5.0,3.0,2840,7199,1.0,0,0,3,1130,11,0,11,352033.1,282229.9568965517,710.0,2.5348591549295776,8.0,0.5
5.0,1.5,1900,10226,1.0,0,0,3,770,53,1,10,654481.2884615385,520942.46376811597,760.0,5.382105263157895,6.5,0.25
5.0,1.0,1410,6400,1.0,0,0,5,450,59,0,59,295841.6666666667,299247.56097560975,705.0,4.539007092198582,6.0,0.16666666666666666
4.0,2.5,2520,8515,2.0,0,0,3,0,15,0,15,413841.8,413841.8,720.0,3.378968253968254,6.5,0.5
4.0,3.75,3160,9525,2.5,0,0,3,0,17,0,17,1099543.2580645161,1099543.2580645161,665.2631578947369,3.0142405063291138,7.75,0.75
4.0,3.0,3720,29043,2.0,0,0,3,0,23,0,23,665473.701171875,817309.8975409836,930.0,7.807258064516129,7.0,0.6
3.0,3.5,1820,1501,2.0,0,0,3,390,0,0,0,570223.1185050136,617994.1355932204,404.44444444444446,0.8247252747252747,6.5,0.875
3.0,2.0,1560,8640,1.0,0,0,5,0,47,0,47,675464.6038732395,521302.5714285714,520.0,5.538461538461538,5.0,0.5
3.0,1.0,1600,5952,1.0,0,0,4,450,50,0,50,576183.7791741472,286897.82608695654,800.0,3.72,4.0,0.25
3.0,2.0,1230,11502,1.0,0,0,4,0,30,0,30,659713.198757764,628759.967032967,410.0,9.351219512195122,5.0,0.5
3.0,1.0,960,8100,1.0,0,0,3,0,59,1,9,428665.7159090909,386772.68253968254,480.0,8.4375,4.0,0.25
3.0,1.0,1270,4000,1.5,0,2,3,0,86,1,60,576183.7791741472,428104.3859649123,635.0,3.1496062992125986,4.0,0.25
3.0,2.5,2810,7700,2.0,0,0,3,0,13,0,13,859295.1570351758,809147.9375,802.8571428571429,2.7402135231316724,5.5,0.625
2.0,2.5,2160,5581,1.0,0,0,3,0,12,0,12,659713.198757764,701241.5652173914,617.1428571428571,2.5837962962962964,4.5,0.8333333333333334
3.0,3.0,2520,2152,1.5,0,0,3,960,89,1,8,573185.0026954178,933638.5714285715,630.0,0.8539682539682539,6.0,0.75
2.0,1.5,1180,844,2.0,0,0,3,190,9,0,9,574543.2427470535,551327.925925926,472.0,0.7152542372881356,3.5,0.5
4.0,2.25,1810,4970,2.0,0,0,3,0,11,0,11,377807.7863636364,523649.19402985077,556.9230769230769,2.74585635359116,6.25,0.45
3.0,2.5,1680,15711,1.0,0,0,3,440,20,0,20,298517.84,279734.9791666667,480.0,9.351785714285715,5.5,0.625
3.0,1.0,910,5250,1.0,0,0,4,0,43,0,43,372098.1818181818,467334.3243243243,455.0,5.769230769230769,4.0,0.25
3.0,3.75,3250,5797,2.0,0,2,4,880,63,1,15,573185.0026954178,743714.088888889,684.2105263157895,1.7836923076923077,6.75,0.9375
3.0,1.5,2000,7294,1.0,0,0,3,480,49,1,21,570223.1185050136,430721.18644067796,800.0,3.647,4.5,0.375
3.0,3.25,3790,19000,2.0,0,4,3,0,29,0,29,570223.1185050136,653322.2432432432,891.7647058823529,5.013192612137203,6.25,0.8125
3.0,1.75,2310,78844,1.0,0,0,3,550,37,1,10,609064.7603305785,593956.5636363636,840.0,34.131601731601734,4.75,0.4375
3.0,2.25,2510,6339,1.5,0,2,5,700,82,1,12,573185.0026954178,743714.088888889,772.3076923076923,2.5254980079681273,5.25,0.5625
3.0,1.75,1320,6205,1.0,0,0,5,0,66,1,29,433780.94444444444,378450.7192982456,480.0,4.700757575757576,4.75,0.4375
3.0,2.25,2370,217800,2.0,0,0,3,0,35,1,0,664524.1592356688,667790.3,729.2307692307693,91.89873417721519,5.25,0.5625
3.0,1.0,900,7500,1.0,0,0,4,0,42,0,42,665473.701171875,527234.776119403,450.0,8.333333333333334,4.0,0.25
3.0,2.5,2540,7680,2.0,0,1,4,0,74,1,13,583475.1987418453,807100.6571428571,725.7142857142857,3.0236220472440944,5.5,0.625
4.0,1.0,2100,9288,1.0,0,0,4,1050,46,0,46,371872.2878787879,351000.68055555556,1050.0,4.422857142857143,5.0,0.2
3.0,1.0,1200,6250,1.0,0,0,3,280,71,1,12,573185.0026954178,232418.88888888888,600.0,5.208333333333333,4.0,0.25
5.0,4.0,3720,15200,2.0,0,0,3,0,9,0,9,704425.8029661017,793072.1490384615,744.0,4.086021505376344,9.0,0.6666666666666666
3.0,2.25,1760,4539,2.0,0,0,3,0,26,1,14,611394.2276422764,624091.0333333333,541.5384615384615,2.578977272727273,5.25,0.5625
3.0,1.75,1670,7415,1.0,0,0,3,350,27,1,14,306341.6666666667,326180.80597014923,607.2727272727273,4.440119760479042,4.75,0.4375
3.0,2.5,2420,8252,2.0,0,0,3,0,16,1,8,573991.6862745098,573991.6862745098,691.4285714285714,3.409917355371901,5.5,0.625
5.0,3.0,3480,15185,2.0,0,0,4,0,50,0,50,1182030.1090909091,1182030.1090909091,870.0,4.363505747126437,8.0,0.5
4.0,2.5,1630,4473,2.0,0,0,3,0,11,0,11,339556.4805970149,339556.4805970149,465.7142857142857,2.744171779141104,6.5,0.5
4.0,2.5,2340,5600,2.0,0,0,3,0,93,1,1,576183.7791741472,359051.2619047619,668.5714285714286,2.393162393162393,6.5,0.5
2.0,1.0,920,3780,1.0,0,0,3,0,104,1,8,570223.1185050136,606082.1632653062,460.0,4.108695652173913,3.0,0.3333333333333333
2.0,1.0,910,6490,1.0,0,0,3,0,72,1,15,573185.0026954178,594233.6460674157,455.0,7.131868131868132,3.0,0.3333333333333333
3.0,1.0,1150,4945,1.0,0,2,3,0,71,1,12,570223.1185050136,415307.3275862069,575.0,4.3,4.0,0.25
3.0,1.5,2500,4774,1.5,0,2,3,1050,74,1,18,570223.1185050136,574002.5,1000.0,1.9096,4.5,0.375
4.0,2.5,3250,235063,1.0,0,2,3,0,41,1,1,294280.725,357244.34545454546,928.5714285714286,72.32707692307692,6.5,0.5
4.0,2.0,1930,6600,1.0,0,0,4,900,47,0,47,378731.27777777775,276613.06976744183,643.3333333333334,3.4196891191709846,6.0,0.4
4.0,3.5,3400,234352,2.0,0,0,3,900,23,0,23,467260.4166666667,467260.4166666667,755.5555555555555,68.9270588235294,7.5,0.7
3.0,2.5,1590,2550,3.0,0,0,3,0,29,0,29,583475.1987418453,552240.609375,454.2857142857143,1.6037735849056605,5.5,0.625
4.0,2.5,3330,7399,2.0,0,0,3,0,5,0,5,659713.198757764,628759.967032967,951.4285714285714,2.221921921921922,6.5,0.5
5.0,4.5,4590,14685,2.0,0,0,3,0,5,0,5,655071.1991869919,798061.106557377,834.5454545454545,3.1993464052287583,9.5,0.75
3.0,2.5,2610,7256,2.0,0,0,3,0,0,0,0,675464.6038732395,825344.3576388889,745.7142857142857,2.7800766283524903,5.5,0.625
3.0,2.5,1658,2700,2.0,0,0,3,0,0,0,0,311057.8333333333,313968.0571428572,473.7142857142857,1.6284680337756332,5.5,0.625
3.0,3.5,1600,1431,2.0,0,0,3,360,8,0,8,574543.2427470535,566680.5729166666,355.55555555555554,0.894375,6.5,0.875
3.0,3.0,1296,1051,3.0,0,0,3,0,5,0,5,574543.2427470535,443537.9032258064,324.0,0.8109567901234568,6.0,0.75
2.0,2.25,1280,835,2.0,0,0,3,200,5,0,5,574543.2427470535,445100.0,393.84615384615387,0.65234375,4.25,0.75
4.0,3.0,5940,11533,2.0,0,4,3,990,10,1,11,533938.304347826,533938.304347826,1485.0,1.9415824915824915,7.0,0.6
4.0,3.25,2510,5311,2.0,0,0,3,0,5,0,5,376968.54547619045,400873.7868852459,590.5882352941177,2.1159362549800798,7.25,0.65
3.0,3.5,2710,3475,2.0,0,0,3,1060,9,0,9,589927.1679389313,562969.2461538462,602.2222222222222,1.2822878228782288,6.5,0.875
3.0,2.5,1750,1548,3.0,0,0,3,0,1,1,91,574543.2427470535,445100.0,500.0,0.8845714285714286,5.5,0.625
3.0,1.0,1430,19901,1.5,0,0,4,0,87,0,87,466376.511627907,466376.511627907,715.0,13.916783216783216,4.0,0.25
4.0,1.0,1660,34848,1.0,0,0,1,730,81,0,81,664524.1592356688,661440.7894736842,830.0,20.99277108433735,5.0,0.2
2.0,1.0,1320,8865,1.0,0,0,4,0,71,0,71,378731.27777777775,276613.06976744183,660.0,6.715909090909091,3.0,0.3333333333333333
4.0,3.0,2580,209523,2.0,0,0,3,0,30,0,30,662070.8855421686,692332.75,645.0,81.21046511627907,7.0,0.6
4.0,2.5,2740,43101,2.0,0,0,3,0,21,0,21,602057.1753246753,636714.1129032258,782.8571428571429,15.73029197080292,6.5,0.5
3.0,2.5,2495,4400,2.0,0,0,3,0,7,0,7,294129.8971962617,248072.46153846153,712.8571428571429,1.7635270541082164,5.5,0.625
6.0,2.75,2300,24773,1.5,0,0,4,0,64,1,29,1099543.2580645161,1099543.2580645161,613.3333333333334,10.77086956521739,8.75,0.39285714285714285
3.0,1.5,1300,12240,1.0,0,0,3,0,51,1,6,466376.511627907,466376.511627907,520.0,9.415384615384616,4.5,0.375
4.0,2.5,2230,10414,1.0,0,0,5,780,40,0,40,609064.7603305785,775557.8101851852,637.1428571428571,4.669955156950673,6.5,0.5
4.0,2.75,2020,2750,1.0,0,0,3,1010,97,1,0,576183.7791741472,593491.5454545454,538.6666666666666,1.3613861386138615,6.75,0.55
4.0,2.25,2000,3800,2.0,0,0,3,0,13,0,13,574543.2427470535,605400.1521739131,615.3846153846154,1.9,6.25,0.45
2.0,1.0,1060,8187,1.0,0,0,4,0,62,0,62,423979.98295454547,379153.1549295775,530.0,7.723584905660378,3.0,0.3333333333333333
2.0,1.75,2080,4800,1.0,0,0,5,1000,91,0,91,576183.7791741472,552908.4521276596,756.3636363636364,2.3076923076923075,3.75,0.5833333333333334
3.0,2.0,2030,24829,1.0,0,0,4,810,35,0,35,306983.0317460318,273470.65789473685,676.6666666666666,12.23103448275862,5.0,0.5
3.0,2.5,2690,7000,2.0,0,0,5,850,71,0,71,574543.2427470535,605400.1521739131,768.5714285714286,2.6022304832713754,5.5,0.625
4.0,2.5,3240,10800,1.0,0,0,3,980,68,0,68,583475.1987418453,930145.0333333333,925.7142857142857,3.3333333333333335,6.5,0.5
3.0,2.5,1550,12920,2.0,0,0,5,0,15,0,15,661873.9341085271,853114.5491803279,442.85714285714283,8.335483870967742,5.5,0.625
4.0,2.0,1480,3132,1.0,0,0,5,740,104,0,104,583475.1987418453,352404.6388888889,493.3333333333333,2.116216216216216,6.0,0.4
4.0,2.75,3040,2800,2.0,0,0,3,940,108,1,0,570223.1185050136,739973.5294117647,810.6666666666666,0.9210526315789473,6.75,0.55
3.0,1.5,1560,7300,1.0,0,0,4,520,50,0,50,308362.248,266959.525,624.0,4.67948717948718,4.5,0.375
3.0,2.5,2250,3757,2.0,0,0,3,0,8,0,8,377807.7863636364,523649.19402985077,642.8571428571429,1.6697777777777778,5.5,0.625
3.0,1.0,1100,4600,1.0,0,0,3,0,97,1,5,570223.1185050136,629754.88,550.0,4.181818181818182,4.0,0.25
3.0,1.0,1700,6356,1.5,0,0,3,0,107,1,31,576183.7791741472,413719.29824561405,850.0,3.7388235294117647,4.0,0.25
5.0,1.5,2680,28014,1.0,0,0,4,1230,51,0,51,859215.5687192117,1307172.904,1072.0,10.452985074626866,6.5,0.25
3.0,1.0,800,2296,1.0,0,0,4,0,106,0,106,583475.1987418453,598663.1875,400.0,2.87,4.0,0.25
2.0,1.75,1350,6315,1.0,0,0,3,0,9,0,9,667110.3374233128,692946.9841269841,490.90909090909093,4.677777777777778,3.75,0.5833333333333334
3.0,1.0,820,7680,1.5,0,0,3,0,104,1,8,573185.0026954178,299231.52173913043,410.0,9.365853658536585,4.0,0.25
3.0,2.5,3160,4270,2.0,0,0,3,510,8,0,8,487024.75,487024.75,902.8571428571429,1.3512658227848102,5.5,0.625
3.0,2.75,1720,28000,1.0,0,0,4,0,56,1,42,371872.2878787879,351000.68055555556,458.6666666666667,16.27906976744186,5.75,0.6875
3.0,2.5,1680,6755,2.0,0,0,3,0,20,0,20,297123.8925619835,363214.4727272727,480.0,4.020833333333333,5.5,0.625
3.0,1.75,1300,7958,1.0,0,0,3,0,18,0,18,308362.248,375611.3,472.72727272727275,6.121538461538462,4.75,0.4375
3.0,2.5,2190,10370,2.0,0,0,3,0,27,1,14,701918.4194214876,631683.0588235294,625.7142857142857,4.735159817351598,5.5,0.625
3.0,2.5,1720,4006,2.0,0,0,3,0,20,0,20,602238.7424242424,616797.9852941176,491.42857142857144,2.3290697674418603,5.5,0.625
3.0,1.0,1160,11776,1.0,0,0,3,0,46,1,17,602057.1753246753,636714.1129032258,580.0,10.151724137931035,4.0,0.25
7.0,4.0,3150,34830,1.0,0,0,3,0,57,1,9,847974.924611399,634524.0,630.0,11.057142857142857,11.0,0.5
3.0,1.75,1210,8075,1.0,0,0,4,0,31,0,31,227280.0,227280.0,440.0,6.6735537190082646,4.75,0.4375
3.0,1.75,1980,5100,1.0,0,0,3,710,49,1,21,570223.1185050136,606082.1632653062,720.0,2.5757575757575757,4.75,0.4375
4.0,2.5,2990,5669,2.0,0,0,3,0,11,0,11,692567.8918918918,634856.3076923077,854.2857142857143,1.8959866220735786,6.5,0.5
3.0,1.5,1430,9600,1.0,0,0,4,0,48,0,48,379453.5624401914,504551.94666666666,572.0,6.713286713286713,4.5,0.375
3.0,2.5,2060,4030,2.0,0,0,3,0,15,0,15,297151.21774193546,265148.35714285716,588.5714285714286,1.9563106796116505,5.5,0.625
4.0,3.0,2230,52983,2.0,0,0,3,0,23,0,23,306368.0406504065,291247.46153846156,557.5,23.75919282511211,7.0,0.6
4.0,2.5,3090,18645,2.0,0,0,3,0,19,0,19,294129.8971962617,292973.1515151515,882.8571428571429,6.033980582524272,6.5,0.5
6.0,3.25,4250,23326,1.0,0,3,3,2100,47,1,3,298547.1904761905,300771.1538461539,1000.0,5.488470588235294,9.25,0.4642857142857143
3.0,2.5,1970,23180,1.0,1,4,3,870,77,1,16,576183.7791741472,509155.26219512196,562.8571428571429,11.766497461928934,5.5,0.625
2.0,2.0,1700,3171,1.0,0,0,5,850,87,0,87,306983.0317460318,232806.76666666666,566.6666666666666,1.8652941176470588,4.0,0.6666666666666666
3.0,2.5,2510,5503,2.0,0,2,3,0,19,0,19,570223.1185050136,483946.96794871794,717.1428571428571,2.192430278884462,5.5,0.625
6.0,2.75,3610,17580,1.0,0,4,5,1540,55,0,55,692567.8918918918,761330.9019607843,962.6666666666666,4.869806094182826,8.75,0.39285714285714285
4.0,3.25,2980,7000,2.0,0,3,3,840,114,1,0,574543.2427470535,551327.925925926,701.1764705882352,2.348993288590604,7.25,0.65
3.0,1.75,1610,6480,1.0,0,0,4,0,67,1,26,576183.7791741472,460224.62686567166,585.4545454545455,4.024844720496894,4.75,0.4375
4.0,2.75,3650,6982,2.0,0,2,4,1120,63,1,11,570223.1185050136,610774.3578947368,973.3333333333334,1.912876712328767,6.75,0.55
4.0,2.0,2510,38141,1.0,0,0,3,0,54,1,2,675464.6038732395,521302.5714285714,836.6666666666666,15.195617529880478,6.0,0.4
3.0,1.0,1110,6000,1.5,0,0,5,0,82,1,12,574543.2427470535,731451.1428571428,555.0,5.405405405405405,4.0,0.25
3.0,2.0,1650,6150,2.0,0,0,4,0,88,1,21,573185.0026954178,666351.088888889,550.0,3.727272727272727,5.0,0.5
3.0,2.0,1980,12150,1.0,0,0,3,0,20,0,20,297151.21774193546,336132.38095238095,660.0,6.136363636363637,5.0,0.5
2.0,1.5,880,1157,2.0,0,0,3,0,7,0,7,574543.2427470535,423128.77358490566,352.0,1.3147727272727272,3.5,0.5
3.0,1.75,1490,9800,1.0,0,0,4,350,67,1,26,551871.586715821,1310316.904,541.8181818181819,6.577181208053691,4.75,0.4375
3.0,2.0,2520,5400,1.5,0,0,4,1110,108,1,24,583475.1987418453,901820.6896551724,840.0,2.142857142857143,5.0,0.5
3.0,1.75,1820,22320,1.0,0,0,3,570,37,1,10,662070.8855421686,692332.75,661.8181818181819,12.263736263736265,4.75,0.4375
7.0,4.5,4140,9066,1.0,0,0,3,2070,36,0,36,573185.0026954178,452594.44444444444,752.7272727272727,2.189855072463768,11.5,0.5625
4.0,2.5,3420,8405,2.0,0,0,3,0,14,0,14,701918.4194214876,631683.0588235294,977.1428571428571,2.4576023391812867,6.5,0.5
4.0,2.5,3150,7277,2.0,0,0,3,0,8,0,8,370580.66352040815,393745.6779661017,900.0,2.3101587301587303,6.5,0.5
3.0,1.75,1580,7416,1.0,0,0,3,430,47,1,3,881585.4168316831,809052.625,574.5454545454545,4.6936708860759495,4.75,0.4375
3.0,2.0,1660,8281,1.0,0,0,3,0,65,1,16,583475.1987418453,559590.6666666666,553.3333333333334,4.9885542168674695,5.0,0.5
3.0,1.0,1100,10125,1.0,0,0,3,0,45,1,4,331482.7586206897,336132.38095238095,550.0,9.204545454545455,4.0,0.25
2.0,1.0,1270,3200,1.0,0,0,4,310,94,0,94,583475.1987418453,598663.1875,635.0,2.5196850393700787,3.0,0.3333333333333333
4.0,1.0,1450,6250,1.0,0,0,3,460,50,1,14,573185.0026954178,386791.8375,725.0,4.310344827586207,5.0,0.2
4.0,2.25,1830,9485,1.0,0,0,4,630,25,0,25,298547.1904761905,296686.537037037,563.0769230769231,5.183060109289618,6.25,0.45
3.0,1.75,1300,4127,1.0,0,0,4,650,96,1,61,574543.2427470535,305084.0425531915,472.72727272727275,3.1746153846153846,4.75,0.4375
2.0,1.75,2320,5500,1.5,0,2,3,600,89,1,14,583475.1987418453,662231.5294117647,843.6363636363636,2.3706896551724137,3.75,0.5833333333333334
4.0,2.75,1680,9545,1.0,0,0,4,600,35,0,35,451624.14634146343,451624.14634146343,448.0,5.681547619047619,6.75,0.55
3.0,2.5,2300,5500,1.5,0,0,4,300,93,0,93,573185.0026954178,634904.25,657.1428571428571,2.391304347826087,5.5,0.625
3.0,1.75,1400,4000,1.0,0,0,3,530,63,1,20,570223.1185050136,586761.8313953489,509.09090909090907,2.857142857142857,4.75,0.4375
4.0,2.25,2410,4560,2.0,0,2,5,610,85,0,85,576183.7791741472,552908.4521276596,741.5384615384615,1.892116182572614,6.25,0.45
3.0,2.0,1480,7480,1.0,0,0,4,0,22,0,22,351942.0882352941,351942.0882352941,493.3333333333333,5.054054054054054,5.0,0.5
3.0,1.0,1390,9624,1.5,0,0,4,0,60,1,35,420507.6153846154,378368.49253731343,695.0,6.923741007194245,4.0,0.25
2.0,1.0,830,2699,1.0,0,0,3,0,18,0,18,339556.4805970149,339556.4805970149,415.0,3.2518072289156628,3.0,0.3333333333333333
2.0,1.0,740,9003,1.0,0,0,3,0,65,1,16,306368.0406504065,289447.0487804878,370.0,12.166216216216217,3.0,0.3333333333333333
5.0,2.0,1940,6000,1.0,0,0,5,970,69,0,69,574543.2427470535,605400.1521739131,646.6666666666666,3.0927835051546393,7.0,0.3333333333333333
3.0,1.0,1340,15600,1.0,0,0,4,0,36,1,14,298517.84,334007.40625,670.0,11.64179104477612,4.0,0.25
8.0,3.5,4440,6480,2.0,0,3,5,1300,55,0,55,573185.0026954178,1024997.5853658536,986.6666666666666,1.4594594594594594,11.5,0.3888888888888889
2.0,1.0,800,6240,1.0,0,0,3,0,60,1,9,570223.1185050136,468929.3650793651,400.0,7.8,3.0,0.3333333333333333
3.0,1.75,1310,9645,1.0,0,0,3,0,35,1,0,249552.22727272726,299247.56097560975,476.3636363636364,7.362595419847328,4.75,0.4375
4.0,1.75,2330,4000,2.0,0,0,5,1030,90,1,58,576183.7791741472,947948.46875,847.2727272727273,1.7167381974248928,5.75,0.35
2.0,3.25,1400,1243,3.0,0,0,3,0,14,0,14,583475.1987418453,598663.1875,329.4117647058824,0.8878571428571429,5.25,1.0833333333333333
4.0,2.5,2360,4367,2.0,0,0,3,0,11,0,11,607079.2441860465,568618.8,674.2857142857143,1.8504237288135594,6.5,0.5
3.0,2.25,1840,5752,2.0,0,0,3,0,11,0,11,655071.1991869919,514387.5806451613,566.1538461538462,3.126086956521739,5.25,0.5625
4.0,2.5,2680,7178,2.0,0,0,3,0,10,1,11,547301.5576923077,547301.5576923077,765.7142857142857,2.678358208955224,6.5,0.5
3.0,3.75,3890,7140,1.0,0,2,3,1500,71,1,7,570223.1185050136,282229.9568965517,818.9473684210526,1.8354755784061696,6.75,0.9375
3.0,2.0,1400,8640,1.0,0,0,5,0,46,0,46,294129.8971962617,292199.4871794872,466.6666666666667,6.171428571428572,5.0,0.5
3.0,2.5,2400,9701,1.0,0,0,3,0,24,1,5,302406.8613861386,294601.05,685.7142857142857,4.042083333333333,5.5,0.625
4.0,2.25,2920,46355,2.0,0,0,4,0,16,0,16,783687.5,783687.5,898.4615384615385,15.875,6.25,0.45
2.0,2.0,1390,1302,2.0,0,0,3,0,28,0,28,298547.1904761905,300771.1538461539,463.3333333333333,0.9366906474820144,4.0,0.6666666666666666
3.0,2.5,1680,11193,2.0,0,0,3,0,30,0,30,377807.7863636364,347522.01615384617,480.0,6.6625,5.5,0.625
4.0,1.5,2040,8800,1.0,0,0,4,1020,53,1,13,859295.1570351758,672573.3333333334,816.0,4.313725490196078,5.5,0.3
2.0,1.0,1080,4000,1.0,0,0,3,0,74,1,18,583475.1987418453,552240.609375,540.0,3.7037037037037037,3.0,0.3333333333333333
3.0,2.75,2280,4280,1.0,0,0,5,1000,97,0,97,570223.1185050136,606082.1632653062,608.0,1.8771929824561404,5.75,0.6875
4.0,3.5,4490,5099,2.0,0,0,3,1100,8,0,8,547301.5576923077,547301.5576923077,997.7777777777778,1.1356347438752783,7.5,0.7
4.0,3.25,4700,9160,1.0,0,4,3,2180,9,0,9,576183.7791741472,616646.6086956522,1105.8823529411766,1.9489361702127659,7.25,0.65
4.0,2.5,2798,4473,2.0,0,0,3,0,2,1,102,370580.66352040815,304373.5294117647,799.4285714285714,1.5986418870621872,6.5,0.5
3.0,2.5,2810,5400,2.0,0,0,3,0,9,0,9,664018.5575757576,639101.3958333334,802.8571428571429,1.9217081850533808,5.5,0.625
4.0,2.5,3753,7204,2.0,0,0,3,417,6,0,6,298547.1904761905,296686.537037037,1072.2857142857142,1.9195310418332001,6.5,0.5
4.0,3.5,3910,8095,2.0,0,0,3,780,7,0,7,589927.1679389313,617858.71875,868.8888888888889,2.0703324808184145,7.5,0.7
2.0,2.5,1050,1609,2.0,0,0,3,0,9,0,9,573185.0026954178,634904.25,300.0,1.5323809523809524,4.5,0.8333333333333334
4.0,1.0,1600,4300,1.5,0,0,4,0,98,0,98,583475.1987418453,598663.1875,800.0,2.6875,5.0,0.2
4.0,2.25,2590,10002,1.0,0,0,4,1250,46,0,46,453958.47826086957,453958.47826086957,796.9230769230769,3.861776061776062,6.25,0.45
4.0,2.25,1720,9753,1.0,0,0,4,600,36,1,14,291133.71153846156,283302.9365079365,529.2307692307693,5.6703488372093025,6.25,0.45
6.0,2.5,4410,14034,1.0,0,2,4,2060,49,0,49,290510.51923076925,297778.6111111111,1260.0,3.182312925170068,8.5,0.35714285714285715
3.0,1.75,1590,11914,1.0,0,2,3,500,57,1,14,249552.22727272726,266966.6,578.1818181818181,7.493081761006289,4.75,0.4375
4.0,2.5,2440,22594,2.0,0,0,3,0,18,0,18,664018.5575757576,696975.4117647059,697.1428571428571,9.25983606557377,6.5,0.5
3.0,2.5,1360,1016,3.0,0,0,3,50,11,0,11,570223.1185050136,610774.3578947368,388.57142857142856,0.7470588235294118,5.5,0.625
2.0,1.0,910,7000,1.0,0,0,3,0,62,1,6,583475.1987418453,600662.226744186,455.0,7.6923076923076925,3.0,0.3333333333333333
4.0,1.5,1390,7200,1.0,0,0,3,250,49,1,21,576183.7791741472,368028.3015873016,556.0,5.179856115107913,5.5,0.3
3.0,1.5,1470,14821,1.0,0,0,4,0,56,1,42,301453.96774193546,326180.80597014923,588.0,10.082312925170068,4.5,0.375
4.0,2.5,2920,9904,2.0,0,0,4,0,24,0,24,611821.4210526316,632427.4029850747,834.2857142857143,3.3917808219178083,6.5,0.5
3.0,1.75,1950,52256,1.0,0,0,4,0,29,0,29,301453.96774193546,326180.80597014923,709.0909090909091,26.797948717948717,4.75,0.4375
3.0,2.5,2390,4555,2.0,0,0,3,0,8,0,8,701918.4194214876,631683.0588235294,682.8571428571429,1.905857740585774,5.5,0.625
3.0,1.5,1270,11600,1.0,0,0,4,0,50,0,50,302187.765625,282441.9347826087,508.0,9.133858267716535,4.5,0.375
2.0,1.0,950,7560,1.0,0,0,3,0,56,1,10,377807.7863636364,347522.01615384617,475.0,7.957894736842105,3.0,0.3333333333333333
2.0,1.0,900,423838,1.0,0,2,5,0,89,0,89,327370.0,327370.0,450.0,470.93111111111114,3.0,0.3333333333333333
4.0,2.25,2280,6660,1.5,0,2,3,320,74,1,30,570223.1185050136,891559.6774193548,701.5384615384615,2.9210526315789473,6.25,0.45
3.0,1.0,1010,5490,1.0,0,0,3,0,60,1,9,256392.83333333334,270748.24,505.0,5.435643564356436,4.0,0.25
2.0,1.0,1260,5000,1.0,0,0,3,220,63,1,20,574543.2427470535,566680.5729166666,630.0,3.9682539682539684,3.0,0.3333333333333333
4.0,3.5,4730,13586,1.5,0,0,5,460,79,0,79,576183.7791741472,1007907.8,1051.111111111111,2.8723044397463,7.5,0.7
3.0,2.5,2620,21587,2.0,0,0,3,0,22,0,22,662070.8855421686,692332.75,748.5714285714286,8.239312977099237,5.5,0.625
3.0,2.25,2330,4000,1.5,0,2,5,810,87,0,87,576183.7791741472,610943.3953488372,716.9230769230769,1.7167381974248928,5.25,0.5625
5.0,3.0,2170,2440,1.5,0,0,4,720,103,1,48,573185.0026954178,929461.7,542.5,1.1244239631336406,8.0,0.5
5.0,2.0,2450,9488,1.0,0,0,4,1210,114,1,59,576183.7791741472,368028.3015873016,816.6666666666666,3.8726530612244896,7.0,0.3333333333333333
4.0,1.75,1880,7632,1.0,0,0,4,700,36,1,14,302406.8613861386,294601.05,683.6363636363636,4.059574468085106,5.75,0.35
4.0,2.0,2300,3400,1.5,0,0,5,750,99,0,99,570223.1185050136,586761.8313953489,766.6666666666666,1.4782608695652173,6.0,0.4
3.0,2.0,1240,14404,1.0,0,0,3,0,26,1,14,664524.1592356688,667790.3,413.3333333333333,11.616129032258064,5.0,0.5
2.0,1.0,820,3844,1.0,0,0,4,0,98,0,98,583475.1987418453,378450.7192982456,410.0,4.68780487804878,3.0,0.3333333333333333
4.0,2.0,1530,6375,2.0,0,0,3,0,72,1,31,370580.66352040815,348268.4566176471,510.0,4.166666666666667,6.0,0.4
5.0,3.25,2900,12160,1.0,0,0,4,1010,47,0,47,859295.1570351758,817478.5,682.3529411764706,4.1931034482758625,8.25,0.5416666666666666
4.0,2.75,1240,3867,1.0,0,0,3,440,27,1,14,583475.1987418453,455981.53846153844,330.6666666666667,3.1185483870967743,6.75,0.55
4.0,3.5,4140,13392,2.0,0,0,3,0,14,0,14,673746.1363636364,502494.4029850746,920.0,3.234782608695652,7.5,0.7
4.0,2.0,2240,7725,1.0,0,0,5,1120,58,0,58,583475.1987418453,300070.8333333333,746.6666666666666,3.4486607142857144,6.0,0.4
3.0,2.0,1480,5000,1.0,0,0,4,730,86,0,86,570223.1185050136,586761.8313953489,493.3333333333333,3.3783783783783785,5.0,0.5
3.0,2.25,2270,8876,1.0,0,0,3,890,37,1,10,376968.54547619045,346675.59929577465,698.4615384615385,3.9101321585903084,5.25,0.5625
3.0,1.0,1250,6250,1.0,0,0,2,220,65,0,65,576183.7791741472,345272.55555555556,625.0,5.0,4.0,0.25
5.0,2.0,1930,9747,1.0,0,0,4,910,52,0,52,466376.511627907,466376.511627907,643.3333333333334,5.050259067357513,7.0,0.3333333333333333
4.0,1.75,1700,7800,1.0,0,0,5,580,33,0,33,371872.2878787879,510118.0,618.1818181818181,4.588235294117647,5.75,0.35
3.0,1.0,1590,6420,1.0,0,0,3,0,70,0,70,570223.1185050136,483946.96794871794,795.0,4.037735849056604,4.0,0.25
5.0,1.75,1880,10000,1.0,0,0,3,920,51,1,6,665473.701171875,527234.776119403,683.6363636363636,5.319148936170213,6.75,0.2916666666666667
4.0,1.75,1640,4240,1.0,0,0,5,720,93,0,93,583475.1987418453,552240.609375,596.3636363636364,2.5853658536585367,5.75,0.35
3.0,1.5,2600,5085,1.0,0,0,4,1200,74,1,13,583475.1987418453,437527.63157894736,1040.0,1.9557692307692307,4.5,0.375
2.0,1.0,710,1173,2.0,0,0,4,0,71,0,71,583475.1987418453,666692.0,355.0,1.652112676056338,3.0,0.3333333333333333
6.0,4.25,6980,15682,3.0,0,4,4,1650,15,0,15,1099543.2580645161,1099543.2580645161,1329.5238095238096,2.246704871060172,10.25,0.6071428571428571
3.0,1.5,1460,5040,1.0,0,0,3,360,43,0,43,583475.1987418453,378450.7192982456,584.0,3.452054794520548,4.5,0.375
3.0,2.5,2080,9827,2.0,0,0,3,0,25,0,25,302406.8613861386,294601.05,594.2857142857143,4.724519230769231,5.5,0.625
5.0,2.5,2630,9216,2.0,0,0,3,0,11,0,11,420666.78571428574,420666.78571428574,751.4285714285714,3.5041825095057035,7.5,0.4166666666666667
4.0,3.25,4430,21000,2.0,0,0,3,0,62,1,7,1789164.2857142857,1789164.2857142857,1042.3529411764705,4.74040632054176,7.25,0.65
4.0,2.5,2760,6850,2.0,0,0,3,0,15,0,15,674250.625,392019.0338983051,788.5714285714286,2.4818840579710146,6.5,0.5
4.0,2.0,1670,12056,1.0,0,0,3,0,59,1,9,445182.39130434784,445182.39130434784,556.6666666666666,7.219161676646706,6.0,0.4
4.0,1.75,1990,4725,1.5,0,0,4,800,70,0,70,583475.1987418453,437527.63157894736,723.6363636363636,2.3743718592964824,5.75,0.35
3.0,3.0,2600,5238,1.5,0,3,3,710,25,0,25,311057.8333333333,313968.0571428572,650.0,2.0146153846153845,6.0,0.75
2.0,1.0,1320,1824,1.5,0,0,4,0,105,1,25,583475.1987418453,662231.5294117647,660.0,1.3818181818181818,3.0,0.3333333333333333
3.0,1.5,2240,3800,2.0,0,0,3,870,85,0,85,583475.1987418453,600662.226744186,896.0,1.6964285714285714,4.5,0.375
4.0,2.25,1960,8680,1.0,0,0,4,670,55,0,55,859215.5687192117,1307172.904,603.0769230769231,4.428571428571429,6.25,0.45
3.0,2.0,2590,108900,2.0,0,0,3,610,26,1,14,341878.1945205479,341878.1945205479,863.3333333333334,42.04633204633205,5.0,0.5
4.0,2.75,2620,6707,2.0,0,0,3,0,14,0,14,704425.8029661017,793072.1490384615,698.6666666666666,2.5599236641221372,6.75,0.55
3.0,2.5,2770,9136,2.0,0,0,3,0,23,0,23,859215.5687192117,827419.403125,791.4285714285714,3.2981949458483752,5.5,0.625
3.0,1.0,2110,10005,1.0,0,0,5,1000,90,1,58,661873.9341085271,853114.5491803279,1055.0,4.741706161137441,4.0,0.25
4.0,2.5,2290,4539,2.0,0,0,3,0,13,0,13,379453.5624401914,351241.91041666665,654.2857142857143,1.9820960698689956,6.5,0.5
4.0,4.25,4960,6000,2.5,0,0,3,1280,105,1,11,570223.1185050136,863209.5238095238,944.7619047619048,1.2096774193548387,8.25,0.85
2.0,1.0,1110,26051,1.0,0,0,3,0,63,1,20,246844.69565217392,276613.06976744183,555.0,23.46936936936937,3.0,0.3333333333333333
4.0,2.75,3310,6166,2.0,0,0,3,0,6,0,6,533938.304347826,533938.304347826,882.6666666666666,1.8628398791540786,6.75,0.55
2.0,1.0,900,8580,1.0,0,0,3,0,96,0,96,352033.1,271166.2641509434,450.0,9.533333333333333,3.0,0.3333333333333333
3.0,1.75,1940,7313,1.0,0,1,4,500,54,1,13,570223.1185050136,483946.96794871794,705.4545454545455,3.7695876288659793,4.75,0.4375
3.0,1.75,1590,7617,2.0,0,0,3,0,28,0,28,311057.8333333333,313968.0571428572,578.1818181818181,4.790566037735849,4.75,0.4375
3.0,2.5,2930,6050,2.0,0,0,3,0,6,0,6,533938.304347826,533938.304347826,837.1428571428571,2.0648464163822524,5.5,0.625
4.0,2.5,2040,22653,2.0,0,0,3,0,3,0,3,573185.0026954178,232418.88888888888,582.8571428571429,11.104411764705882,6.5,0.5
2.0,2.25,1000,905,3.0,0,0,3,0,8,0,8,570223.1185050136,586761.8313953489,307.6923076923077,0.905,4.25,0.75
3.0,3.25,1730,1229,2.0,0,2,3,410,6,0,6,570223.1185050136,891559.6774193548,407.05882352941177,0.7104046242774567,6.25,0.8125
3.0,1.0,1220,4800,1.0,0,0,3,0,113,0,113,570223.1185050136,577744.32,610.0,3.9344262295081966,4.0,0.25
3.0,2.25,3060,12095,2.0,0,0,3,0,31,1,5,881585.4168316831,809289.1351351351,941.5384615384615,3.9526143790849675,5.25,0.5625
4.0,2.5,2910,5000,2.0,0,0,3,0,12,0,12,271876.92307692306,313686.0298507463,831.4285714285714,1.7182130584192439,6.5,0.5
3.0,1.75,1050,5850,1.0,0,0,3,0,34,0,34,378731.27777777775,484335.21428571426,381.8181818181818,5.571428571428571,4.75,0.4375
3.0,2.0,1560,7352,1.0,0,0,3,0,22,0,22,551871.586715821,261910.125,520.0,4.712820512820513,5.0,0.5
3.0,1.75,1680,3000,1.0,0,2,4,840,114,1,43,574543.2427470535,602889.9619047618,610.9090909090909,1.7857142857142858,4.75,0.4375
4.0,3.25,4140,20734,1.0,0,1,3,840,37,1,9,1621900.0,1307172.904,974.1176470588235,5.0082125603864736,7.25,0.65
3.0,2.0,1550,8509,1.0,0,0,3,400,55,1,25,574543.2427470535,305084.0425531915,516.6666666666666,5.489677419354838,5.0,0.5
6.0,2.75,5700,20000,1.0,0,4,4,2850,37,0,37,859295.1570351758,809147.9375,1520.0,3.508771929824561,8.75,0.39285714285714285
3.0,2.5,2200,7278,2.0,0,0,3,0,24,1,5,377807.7863636364,347522.01615384617,628.5714285714286,3.308181818181818,5.5,0.625
2.0,2.5,1740,2500,2.0,0,2,3,530,20,0,20,573185.0026954178,1024997.5853658536,497.14285714285717,1.4367816091954022,4.5,0.8333333333333334
3.0,1.0,1210,9525,1.0,0,0,3,0,59,1,9,573185.0026954178,299231.52173913043,605.0,7.871900826446281,4.0,0.25
4.0,3.25,4240,25639,2.0,0,3,3,690,25,0,25,298547.1904761905,296686.537037037,997.6470588235294,6.046933962264151,7.25,0.65
3.0,2.25,1590,11745,1.0,0,0,3,500,36,0,36,308362.248,266959.525,489.2307692307692,7.386792452830188,5.25,0.5625
4.0,1.75,3420,7200,1.0,0,3,5,1650,67,0,67,574543.2427470535,443537.9032258064,1243.6363636363637,2.1052631578947367,5.75,0.35
4.0,2.5,3190,11375,1.0,0,0,5,980,68,0,68,570223.1185050136,468929.3650793651,911.4285714285714,3.5658307210031346,6.5,0.5
3.0,1.75,1920,5405,1.0,0,2,4,960,67,1,26,574543.2427470535,423128.77358490566,698.1818181818181,2.8151041666666665,4.75,0.4375
2.0,1.75,1340,4664,1.0,0,0,3,0,10,1,11,664524.1592356688,667790.3,487.27272727272725,3.4805970149253733,3.75,0.5833333333333334
3.0,1.75,1700,8400,1.0,0,0,3,240,67,1,2,574543.2427470535,731451.1428571428,618.1818181818181,4.9411764705882355,4.75,0.4375
4.0,2.5,2310,3570,1.5,0,0,3,820,87,1,0,574543.2427470535,602889.9619047618,660.0,1.5454545454545454,6.5,0.5
3.0,1.75,1510,44000,1.0,0,0,3,270,25,0,25,405031.2631578947,405031.2631578947,549.0909090909091,29.13907284768212,4.75,0.4375
3.0,2.5,2670,10082,1.0,0,0,3,0,27,1,14,701918.4194214876,631683.0588235294,762.8571428571429,3.7760299625468163,5.5,0.625
4.0,2.25,2060,8470,1.0,0,0,3,620,31,1,5,847974.924611399,802442.5981012658,633.8461538461538,4.111650485436893,6.25,0.45
3.0,2.5,2090,6000,1.5,0,0,4,0,86,0,86,583475.1987418453,930145.0333333333,597.1428571428571,2.8708133971291865,5.5,0.625
5.0,2.5,3090,23265,1.0,0,0,3,100,57,1,14,489242.0238095238,489242.0238095238,882.8571428571429,7.529126213592233,7.5,0.4166666666666667
2.0,2.5,1240,1546,2.0,0,0,3,0,7,0,7,583475.1987418453,352404.6388888889,354.2857142857143,1.2467741935483871,4.5,0.8333333333333334
3.0,2.5,1860,3690,2.0,0,0,3,0,14,0,14,451624.14634146343,451624.14634146343,531.4285714285714,1.9838709677419355,5.5,0.625
3.0,1.5,2000,7350,1.0,0,0,3,0,61,0,61,583475.1987418453,807100.6571428571,800.0,3.675,4.5,0.375
4.0,1.75,2500,92347,1.0,0,0,4,1000,44,0,44,1223622.0,1223622.0,909.0909090909091,36.9388,5.75,0.35
4.0,2.25,1820,20349,1.0,0,0,5,480,37,0,37,602057.1753246753,578701.4130434783,560.0,11.180769230769231,6.25,0.45
3.0,2.25,1820,8058,1.0,0,0,3,560,40,0,40,675464.6038732395,521302.5714285714,560.0,4.427472527472528,5.25,0.5625
3.0,2.0,1060,5750,1.0,0,0,3,0,33,1,1,576183.7791741472,428104.3859649123,353.3333333333333,5.4245283018867925,5.0,0.5
3.0,2.5,1950,9906,2.0,0,0,3,0,26,1,14,701918.4194214876,631683.0588235294,557.1428571428571,5.08,5.5,0.625
2.0,1.0,940,4800,1.0,0,0,4,0,103,1,59,574543.2427470535,618140.3414634146,470.0,5.1063829787234045,3.0,0.3333333333333333
2.0,1.5,1220,3568,1.5,0,0,4,0,38,1,22,335615.4146341463,334815.04761904763,488.0,2.9245901639344263,3.5,0.5
5.0,3.5,4180,17935,2.0,0,0,3,0,10,1,11,859215.5687192117,1307172.904,928.8888888888889,4.29066985645933,8.5,0.5833333333333334
3.0,1.0,1200,9800,1.0,0,0,4,0,43,0,43,632047.53125,597260.8888888889,600.0,8.166666666666666,4.0,0.25
5.0,3.75,3990,18897,2.0,0,0,3,900,77,1,4,583475.1987418453,455981.53846153844,840.0,4.73609022556391,8.75,0.625
2.0,1.0,1880,7560,1.0,0,0,3,940,95,1,13,573185.0026954178,446315.6779661017,940.0,4.0212765957446805,3.0,0.3333333333333333
4.0,2.5,2280,7200,2.0,0,0,3,0,20,0,20,306368.0406504065,291247.46153846156,651.4285714285714,3.1578947368421053,6.5,0.5
3.0,1.75,2580,11000,1.0,0,0,4,1290,63,1,15,881585.4168316831,809289.1351351351,938.1818181818181,4.263565891472868,4.75,0.4375
4.0,2.75,2600,4674,1.0,0,0,3,1040,38,0,38,583475.1987418453,600662.226744186,693.3333333333334,1.7976923076923077,6.75,0.55
4.0,2.5,3150,13700,2.0,0,0,4,0,48,0,48,1204170.349206349,1204170.349206349,900.0,4.349206349206349,6.5,0.5
4.0,3.5,5550,28078,2.0,0,2,4,2200,14,0,14,1880215.0,1880215.0,1233.3333333333333,5.059099099099099,7.5,0.7
5.0,2.75,2220,4000,1.0,0,0,3,990,41,1,1,583475.1987418453,662231.5294117647,592.0,1.8018018018018018,7.75,0.4583333333333333
2.0,2.25,1730,31491,2.0,1,2,4,0,67,1,26,488457.5,488457.5,532.3076923076923,18.202890173410406,4.25,0.75
4.0,3.0,2840,4120,1.5,0,0,4,780,83,0,83,574543.2427470535,445100.0,710.0,1.4507042253521127,7.0,0.6
4.0,2.5,2560,8780,2.0,0,0,3,0,22,0,22,609064.7603305785,621249.6153846154,731.4285714285714,3.4296875,6.5,0.5
3.0,2.0,1330,6000,1.0,0,0,4,700,114,1,43,573185.0026954178,356533.4210526316,443.3333333333333,4.511278195488722,5.0,0.5
2.0,1.0,1890,5202,1.5,0,0,4,0,105,1,25,574543.2427470535,566680.5729166666,945.0,2.7523809523809524,3.0,0.3333333333333333
7.0,4.5,4290,37607,1.5,0,0,5,0,32,0,32,589927.1679389313,562969.2461538462,780.0,8.766200466200466,11.5,0.5625
2.0,2.0,1540,54450,2.0,0,0,3,0,31,1,5,664524.1592356688,667790.3,513.3333333333334,35.357142857142854,4.0,0.6666666666666666
4.0,2.0,2340,50233,1.0,0,0,4,1170,48,0,48,692567.8918918918,761330.9019607843,780.0,21.467094017094016,6.0,0.4
3.0,1.75,2180,10230,1.0,0,0,4,1090,53,1,13,583475.1987418453,451032.07547169813,792.7272727272727,4.692660550458716,4.75,0.4375
3.0,2.5,2780,11964,2.0,0,0,3,0,5,0,5,675464.6038732395,521302.5714285714,794.2857142857143,4.3035971223021585,5.5,0.625
4.0,2.75,2620,6019,2.0,0,0,3,0,1,1,91,412808.4871794872,412808.4871794872,698.6666666666666,2.297328244274809,6.75,0.55
4.0,3.5,3760,5000,2.0,0,0,3,900,0,0,0,576183.7791741472,552908.4521276596,835.5555555555555,1.3297872340425532,7.5,0.7
4.0,2.5,2720,4738,2.0,0,0,3,0,2,1,102,533938.304347826,533938.304347826,777.1428571428571,1.7419117647058824,6.5,0.5
3.0,2.25,2675,40910,2.0,0,0,3,0,30,0,30,707300.656504065,773933.2182539683,823.0769230769231,15.293457943925233,5.25,0.5625
5.0,2.75,2080,13189,2.0,0,0,3,0,27,1,14,692567.8918918918,634856.3076923077,554.6666666666666,6.340865384615385,7.75,0.4583333333333333
3.0,2.5,2460,12028,2.0,0,0,3,0,18,0,18,659713.198757764,628759.967032967,702.8571428571429,4.889430894308943,5.5,0.625
3.0,2.5,1960,3480,2.0,0,0,3,0,10,1,11,376968.54547619045,400873.7868852459,560.0,1.7755102040816326,5.5,0.625
4.0,2.5,2550,6256,2.0,0,0,3,0,22,0,22,602057.1753246753,578701.4130434783,728.5714285714286,2.453333333333333,6.5,0.5
3.0,2.25,1760,1146,3.0,0,0,3,0,0,0,0,574543.2427470535,579453.76,541.5384615384615,0.6511363636363636,5.25,0.5625
3.0,1.75,1620,7330,1.0,0,0,4,530,40,0,40,654481.2884615385,520942.46376811597,589.0909090909091,4.5246913580246915,4.75,0.4375
3.0,1.75,1790,12000,1.0,0,0,3,750,54,1,2,307819.2631578947,306565.7297297297,650.9090909090909,6.70391061452514,4.75,0.4375
4.0,3.5,3480,7232,2.0,0,0,3,900,88,1,4,570223.1185050136,617994.1355932204,773.3333333333334,2.0781609195402297,7.5,0.7
4.0,1.75,2780,9900,2.0,0,0,4,0,36,1,14,704425.8029661017,632657.0428571429,1010.9090909090909,3.5611510791366907,5.75,0.35
5.0,3.0,3640,8239,2.0,0,3,3,1100,32,0,32,859215.5687192117,631745.0,910.0,2.2634615384615384,8.0,0.5
1.0,1.0,750,4000,1.0,0,0,3,0,96,0,96,573185.0026954178,531402.2828947369,375.0,5.333333333333333,2.0,0.5
3.0,1.0,960,6634,1.0,0,0,3,0,62,1,6,570223.1185050136,468929.3650793651,480.0,6.910416666666666,4.0,0.25
3.0,1.5,2030,8880,1.0,0,0,3,700,51,1,6,574543.2427470535,353735.36363636365,812.0,4.374384236453202,4.5,0.375
3.0,2.75,2930,5569,1.0,0,0,3,1070,10,1,11,602057.1753246753,578701.4130434783,781.3333333333334,1.9006825938566554,5.75,0.6875
2.0,2.5,1380,1073,2.0,0,0,3,240,3,0,3,576183.7791741472,428104.3859649123,394.2857142857143,0.777536231884058,4.5,0.8333333333333334
3.0,2.0,1720,5525,1.0,0,2,5,760,73,0,73,576183.7791741472,345272.55555555556,573.3333333333334,3.2122093023255816,5.0,0.5
2.0,1.0,1210,4800,1.0,0,0,3,150,64,1,9,574543.2427470535,353735.36363636365,605.0,3.9669421487603307,3.0,0.3333333333333333
3.0,1.0,950,4250,1.5,0,0,5,0,66,1,29,583475.1987418453,577872.32,475.0,4.473684210526316,4.0,0.25
2.0,1.75,1710,4234,2.0,0,0,3,380,94,1,35,583475.1987418453,559590.6666666666,621.8181818181819,2.4760233918128653,3.75,0.5833333333333334
2.0,2.0,1410,12282,1.5,0,0,5,0,105,1,26,551871.586715821,551871.586715821,470.0,8.71063829787234,4.0,0.6666666666666666
4.0,2.5,2910,7631,2.0,0,2,3,0,8,0,8,339556.4805970149,339556.4805970149,831.4285714285714,2.62233676975945,6.5,0.5
4.0,2.5,2220,7064,2.0,0,0,3,0,26,1,14,611394.2276422764,624091.0333333333,634.2857142857143,3.181981981981982,6.5,0.5
5.0,3.25,3160,13238,2.0,0,0,5,0,42,0,42,1223622.0,1223622.0,743.5294117647059,4.189240506329114,8.25,0.5416666666666666
3.0,2.0,1380,4500,1.0,0,0,3,0,6,0,6,345402.7394736842,345402.7394736842,460.0,3.260869565217391,5.0,0.5
3.0,2.0,1760,5000,1.0,0,0,5,800,94,0,94,574543.2427470535,731451.1428571428,586.6666666666666,2.840909090909091,5.0,0.5
1.0,1.0,730,3000,1.0,0,0,3,0,103,1,35,574543.2427470535,597116.6666666666,365.0,4.109589041095891,2.0,0.5
4.0,2.5,2460,5000,2.0,0,0,5,840,76,0,76,574543.2427470535,1017813.976744186,702.8571428571429,2.032520325203252,6.5,0.5
3.0,1.75,2160,6272,1.0,0,0,4,770,54,1,13,583475.1987418453,600662.226744186,785.4545454545455,2.903703703703704,4.75,0.4375
4.0,2.25,1990,4600,1.5,0,2,4,570,82,1,56,583475.1987418453,437527.63157894736,612.3076923076923,2.3115577889447234,6.25,0.45
3.0,3.0,3740,39640,2.0,0,2,3,0,23,0,23,488882.5,488882.5,935.0,10.598930481283423,6.0,0.75
4.0,2.5,2710,5500,2.0,0,0,3,0,15,0,15,704425.8029661017,632657.0428571429,774.2857142857143,2.029520295202952,6.5,0.5
3.0,2.5,2680,7836,2.0,0,0,3,0,24,1,5,294280.725,357244.34545454546,765.7142857142857,2.9238805970149255,5.5,0.625
4.0,2.0,1850,7560,1.0,0,0,4,310,36,1,14,297151.21774193546,265148.35714285716,616.6666666666666,4.0864864864864865,6.0,0.4
4.0,2.5,3190,7869,2.0,0,2,3,0,13,0,13,547301.5576923077,547301.5576923077,911.4285714285714,2.4667711598746083,6.5,0.5
3.0,2.5,2730,5832,2.0,0,0,3,0,16,1,8,847974.924611399,752347.2222222222,780.0,2.1362637362637362,5.5,0.625
3.0,1.5,1840,9990,2.0,0,0,5,0,53,0,53,583475.1987418453,807100.6571428571,736.0,5.429347826086956,4.5,0.375
4.0,2.5,2720,10000,2.0,0,0,3,0,27,1,14,692567.8918918918,634856.3076923077,777.1428571428571,3.676470588235294,6.5,0.5
4.0,3.5,4370,8510,2.0,0,1,3,760,11,0,11,859295.1570351758,1264508.6,971.1111111111111,1.9473684210526316,7.5,0.7
3.0,2.5,2290,3475,2.0,0,0,3,0,8,0,8,611821.4210526316,632427.4029850747,654.2857142857143,1.517467248908297,5.5,0.625
2.0,1.0,990,4802,1.0,0,0,3,0,67,1,2,576183.7791741472,552908.4521276596,495.0,4.850505050505051,3.0,0.3333333333333333
2.0,1.5,1140,2980,2.0,0,0,3,0,26,1,14,611821.4210526316,632427.4029850747,456.0,2.6140350877192984,3.5,0.5
4.0,1.5,1840,4337,2.0,0,0,4,0,97,0,97,570223.1185050136,1067396.7391304348,736.0,2.3570652173913045,5.5,0.3
2.0,1.0,1110,6800,1.0,0,0,5,110,67,0,67,583475.1987418453,378450.7192982456,555.0,6.126126126126126,3.0,0.3333333333333333
4.0,2.5,2150,9070,2.0,0,0,4,0,29,0,29,664524.1592356688,661440.7894736842,614.2857142857143,4.21860465116279,6.5,0.5
3.0,2.5,2230,5750,2.0,0,0,3,0,11,0,11,665473.701171875,817309.8975409836,637.1428571428571,2.57847533632287,5.5,0.625
2.0,1.0,1170,6000,1.0,0,0,4,200,73,1,16,574543.2427470535,602889.9619047618,585.0,5.128205128205129,3.0,0.3333333333333333
3.0,2.5,1960,7200,1.0,0,0,4,980,74,1,13,576183.7791741472,413719.29824561405,560.0,3.673469387755102,5.5,0.625
3.0,2.25,2610,9002,2.0,0,0,3,0,26,1,14,659713.198757764,628759.967032967,803.0769230769231,3.44904214559387,5.25,0.5625
3.0,2.25,2130,8721,1.0,0,0,3,560,27,1,14,297151.21774193546,287917.39130434784,655.3846153846154,4.094366197183098,5.25,0.5625
3.0,2.25,3020,43560,2.0,0,0,3,300,45,1,4,854623.3027093596,800098.3181818182,929.2307692307693,14.42384105960265,5.25,0.5625
3.0,1.75,1670,5400,2.0,0,0,5,0,102,0,102,574543.2427470535,1017813.976744186,607.2727272727273,3.2335329341317367,4.75,0.4375
3.0,1.75,1890,7004,1.0,0,0,3,600,49,1,21,576183.7791741472,413719.29824561405,687.2727272727273,3.7058201058201057,4.75,0.4375
3.0,1.0,950,13475,1.0,0,0,3,0,64,1,9,402504.4879518072,381644.5188679245,475.0,14.18421052631579,4.0,0.25
4.0,2.5,2430,14400,1.0,0,0,5,760,51,0,51,859215.5687192117,681850.0,694.2857142857143,5.925925925925926,6.5,0.5
4.0,2.0,2360,6000,1.0,0,0,5,1100,75,0,75,576183.7791741472,760659.568627451,786.6666666666666,2.542372881355932,6.0,0.4
3.0,1.75,1510,8301,1.0,0,0,3,0,47,1,3,655071.1991869919,514387.5806451613,549.0909090909091,5.497350993377483,4.75,0.4375
3.0,2.5,2080,4828,2.0,0,0,3,0,12,0,12,331482.7586206897,336132.38095238095,594.2857142857143,2.3211538461538463,5.5,0.625
3.0,2.0,1750,15500,1.0,0,0,3,260,32,0,32,704425.8029661017,793072.1490384615,583.3333333333334,8.857142857142858,5.0,0.5
3.0,2.0,1810,4064,1.5,0,0,3,0,89,1,12,570223.1185050136,606082.1632653062,603.3333333333334,2.245303867403315,5.0,0.5
4.0,1.75,1790,11875,1.0,0,0,4,300,45,0,45,611394.2276422764,599392.1333333333,650.9090909090909,6.634078212290503,5.75,0.35
4.0,2.75,2340,11034,1.0,0,0,3,620,47,1,3,478061.90476190473,381644.5188679245,624.0,4.7153846153846155,6.75,0.55
3.0,2.5,1690,9626,2.0,0,0,3,0,30,0,30,611394.2276422764,599392.1333333333,482.85714285714283,5.69585798816568,5.5,0.625
4.0,2.5,2070,7476,2.0,0,0,3,0,11,0,11,289521.22794117645,337419.359375,591.4285714285714,3.6115942028985506,6.5,0.5
3.0,2.5,2240,6396,2.0,0,0,3,0,12,0,12,573991.6862745098,573991.6862745098,640.0,2.8553571428571427,5.5,0.625
4.0,3.0,4500,21780,2.0,0,2,3,1460,34,0,34,1223622.0,1223622.0,1125.0,4.84,7.0,0.6
3.0,1.75,2770,39927,1.0,0,0,4,1190,36,1,14,611821.4210526316,590589.0952380953,1007.2727272727273,14.414079422382672,4.75,0.4375
3.0,1.0,1010,7245,1.0,0,0,3,0,45,1,4,302406.8613861386,314291.5789473684,505.0,7.173267326732673,4.0,0.25
3.0,1.5,1120,6900,1.0,0,0,5,0,58,0,58,854623.3027093596,673630.7692307692,448.0,6.160714285714286,4.5,0.375
5.0,2.5,3020,21441,1.0,0,0,4,1510,36,1,14,306368.0406504065,331194.18666666665,862.8571428571429,7.099668874172186,7.5,0.4166666666666667
4.0,3.25,4400,186846,2.0,0,0,4,0,21,0,21,327370.0,327370.0,1035.2941176470588,42.465,7.25,0.65
3.0,1.75,1990,5650,1.0,0,1,3,670,51,1,6,583475.1987418453,282381.0546875,723.6363636363636,2.8391959798994977,4.75,0.4375
3.0,1.0,1450,8820,1.0,0,0,3,400,56,1,10,333746.17391304346,276613.06976744183,725.0,6.082758620689655,4.0,0.25
4.0,2.5,1920,8497,2.0,0,0,3,0,16,1,8,306983.0317460318,361680.06451612903,548.5714285714286,4.425520833333334,6.5,0.5
2.0,2.5,1175,1366,2.0,0,0,3,435,9,0,9,576183.7791741472,581484.52,335.7142857142857,1.1625531914893616,4.5,0.8333333333333334
3.0,1.5,1320,13200,1.0,0,0,3,0,44,1,0,370580.66352040815,502494.4029850746,528.0,10.0,4.5,0.375
5.0,2.5,3990,3839,1.0,0,0,4,2000,52,0,52,570223.1185050136,1067396.7391304348,1140.0,0.962155388471178,7.5,0.4166666666666667
2.0,1.0,1140,5720,1.0,0,0,3,290,67,1,2,576183.7791741472,610943.3953488372,570.0,5.017543859649122,3.0,0.3333333333333333
4.0,1.75,1720,4240,1.5,0,0,4,260,89,1,46,583475.1987418453,662231.5294117647,625.4545454545455,2.4651162790697674,5.75,0.35
4.0,2.75,2150,9915,1.0,0,0,5,910,38,0,38,704362.1153846154,401767.1379310345,573.3333333333334,4.611627906976744,6.75,0.55
3.0,1.5,1790,8203,1.5,0,1,3,0,104,1,8,570223.1185050136,629754.88,716.0,4.58268156424581,4.5,0.375
2.0,2.5,2210,6327,1.0,0,0,3,0,11,0,11,667110.3374233128,692946.9841269841,631.4285714285714,2.86289592760181,4.5,0.8333333333333334
3.0,2.75,2180,7519,1.0,0,0,4,870,33,0,33,667110.3374233128,649564.5408163265,581.3333333333334,3.4490825688073397,5.75,0.6875
3.0,2.25,1410,1290,2.0,0,0,3,120,10,1,11,589927.1679389313,562969.2461538462,433.84615384615387,0.9148936170212766,5.25,0.5625
3.0,2.5,1950,3600,2.0,0,0,3,0,4,0,4,339211.3264705882,339211.3264705882,557.1428571428571,1.8461538461538463,5.5,0.625
3.0,2.5,1495,936,3.0,0,0,3,90,8,0,8,573185.0026954178,634904.25,427.14285714285717,0.6260869565217392,5.5,0.625
3.0,2.25,1660,6000,1.0,0,0,3,550,35,1,0,583475.1987418453,577872.32,510.7692307692308,3.6144578313253013,5.25,0.5625
3.0,2.5,1950,8130,2.0,0,0,4,0,24,0,24,298517.84,334007.40625,557.1428571428571,4.1692307692307695,5.5,0.625
5.0,2.75,2550,5040,1.5,0,0,5,0,112,0,112,573185.0026954178,544298.1739130435,680.0,1.9764705882352942,7.75,0.4583333333333333
3.0,1.75,1370,3850,1.0,0,0,5,600,103,1,26,570223.1185050136,1067396.7391304348,498.1818181818182,2.81021897810219,4.75,0.4375
4.0,2.5,2200,4000,2.0,0,0,5,770,106,0,106,574543.2427470535,921350.0,628.5714285714286,1.8181818181818181,6.5,0.5
3.0,1.75,1250,6041,1.5,0,0,5,0,72,0,72,570223.1185050136,610774.3578947368,454.54545454545456,4.8328,4.75,0.4375
4.0,2.25,2220,8872,1.0,0,0,4,1110,53,1,13,854623.3027093596,833646.4126506024,683.0769230769231,3.9963963963963964,6.25,0.45
3.0,1.75,1620,4200,1.0,0,0,5,790,69,0,69,576183.7791741472,610943.3953488372,589.0909090909091,2.5925925925925926,4.75,0.4375
3.0,1.75,2250,26337,1.0,0,0,3,0,34,0,34,306983.0317460318,361680.06451612903,818.1818181818181,11.705333333333334,4.75,0.4375
3.0,2.5,1720,99916,2.0,0,0,4,0,24,0,24,298517.84,334007.40625,491.42857142857144,58.09069767441861,5.5,0.625
4.0,2.5,3030,9687,2.0,0,0,3,1010,16,1,8,406146.40625,406146.40625,865.7142857142857,3.197029702970297,6.5,0.5
3.0,1.0,1030,9120,1.0,0,0,3,0,53,1,10,306368.0406504065,285579.4666666667,515.0,8.854368932038835,4.0,0.25
3.0,2.5,2190,4882,2.0,0,0,3,0,15,0,15,478061.90476190473,381644.5188679245,625.7142857142857,2.2292237442922374,5.5,0.625
3.0,2.0,1440,5600,1.0,0,0,4,720,72,1,7,370580.66352040815,393745.6779661017,480.0,3.888888888888889,5.0,0.5
4.0,2.5,2170,9600,1.0,0,0,3,710,34,0,34,664524.1592356688,661440.7894736842,620.0,4.423963133640553,6.5,0.5
4.0,3.75,2930,3200,1.5,0,0,5,800,89,0,89,583475.1987418453,901820.6896551724,616.8421052631579,1.0921501706484642,7.75,0.75
3.0,1.5,1180,9048,1.0,0,0,3,0,54,1,2,359824.2021276596,324633.3333333333,472.0,7.667796610169492,4.5,0.375
4.0,4.25,2360,57514,2.0,0,0,4,0,75,1,27,290510.51923076925,297778.6111111111,449.5238095238095,24.370338983050846,8.25,0.85
3.0,1.5,1660,8797,1.0,0,0,4,0,58,0,58,847974.924611399,1310316.904,664.0,5.299397590361446,4.5,0.375
3.0,2.75,2390,9313,1.0,0,0,5,1000,72,0,72,574543.2427470535,379153.1549295775,637.3333333333334,3.896652719665272,5.75,0.6875
3.0,2.0,1360,5120,1.5,0,0,4,450,90,0,90,583475.1987418453,639284.1666666666,453.3333333333333,3.764705882352941,5.0,0.5
3.0,2.25,1840,3500,1.5,0,0,5,300,104,0,104,576183.7791741472,593491.5454545454,566.1538461538462,1.9021739130434783,5.25,0.5625
3.0,2.25,1800,43647,1.0,0,0,4,0,38,1,22,607079.2441860465,568618.8,553.8461538461538,24.248333333333335,5.25,0.5625
4.0,3.75,4130,12320,2.0,0,0,3,0,13,0,13,674250.625,510118.0,869.4736842105264,2.983050847457627,7.75,0.75
3.0,1.75,2220,132858,1.0,0,0,3,1110,26,1,14,602238.7424242424,586241.8196721311,807.2727272727273,59.84594594594594,4.75,0.4375
5.0,3.5,3490,9680,2.0,0,4,3,1030,34,0,34,420507.6153846154,756218.7948717949,775.5555555555555,2.773638968481375,8.5,0.5833333333333334
4.0,2.5,1830,5175,2.0,0,0,3,0,11,0,11,339211.3264705882,339211.3264705882,522.8571428571429,2.8278688524590163,6.5,0.5
4.0,2.75,1550,4000,1.5,0,0,3,0,84,1,17,573185.0026954178,929461.7,413.3333333333333,2.5806451612903225,6.75,0.55
3.0,2.0,2050,9000,1.0,0,0,4,0,63,1,15,1223622.0,1223622.0,683.3333333333334,4.390243902439025,5.0,0.5
2.0,1.0,1230,6600,1.0,0,0,3,100,108,1,0,576183.7791741472,413719.29824561405,615.0,5.365853658536586,3.0,0.3333333333333333
4.0,2.5,3150,5886,2.0,0,0,3,0,0,0,0,371872.2878787879,510118.0,900.0,1.8685714285714285,6.5,0.5
3.0,2.25,3800,33825,1.0,0,0,4,470,38,1,22,301453.96774193546,326180.80597014923,1169.2307692307693,8.901315789473685,5.25,0.5625
3.0,2.5,1350,3068,2.0,0,0,3,0,23,0,23,576183.7791741472,593491.5454545454,385.7142857142857,2.2725925925925927,5.5,0.625
3.0,2.0,1530,8700,1.0,0,0,4,0,44,0,44,371872.2878787879,307678.125,510.0,5.686274509803922,5.0,0.5
3.0,2.5,2290,2798,3.0,0,0,4,0,61,1,31,574543.2427470535,745491.052631579,654.2857142857143,1.221834061135371,5.5,0.625
2.0,1.5,1480,15641,1.0,0,0,4,0,74,1,13,583475.1987418453,371058.47297297296,592.0,10.568243243243243,3.5,0.5
3.0,1.75,1970,10270,1.0,0,0,4,0,48,0,48,298517.84,265478.5,716.3636363636364,5.213197969543147,4.75,0.4375
2.0,1.0,720,4840,1.0,0,0,4,0,67,1,26,583475.1987418453,437527.63157894736,360.0,6.722222222222222,3.0,0.3333333333333333
3.0,2.0,1080,7236,1.0,0,0,5,0,67,0,67,576183.7791741472,460224.62686567166,360.0,6.7,5.0,0.5
4.0,2.5,2790,45902,2.0,0,0,3,0,27,1,14,632047.53125,676773.2142857143,797.1428571428571,16.452329749103942,6.5,0.5
5.0,2.75,2040,7488,1.0,0,0,4,840,45,0,45,655071.1991869919,514387.5806451613,544.0,3.6705882352941175,7.75,0.4583333333333333
3.0,1.0,1320,8220,1.0,0,0,3,0,55,1,25,335615.4146341463,334815.04761904763,660.0,6.2272727272727275,4.0,0.25
3.0,2.25,1680,57063,2.0,0,0,4,0,25,0,25,406146.40625,406146.40625,516.9230769230769,33.96607142857143,5.25,0.5625
3.0,2.0,2140,4923,1.0,0,0,4,1070,86,0,86,576183.7791741472,581484.52,713.3333333333334,2.3004672897196263,5.0,0.5
3.0,1.75,1660,9600,1.0,0,0,3,280,33,1,1,469170.3125,469170.3125,603.6363636363636,5.783132530120482,4.75,0.4375
3.0,2.25,1540,5338,1.0,0,0,5,770,60,0,60,576183.7791741472,610943.3953488372,473.84615384615387,3.466233766233766,5.25,0.5625
3.0,2.0,1880,10758,1.0,0,0,5,940,62,1,16,370580.66352040815,502494.4029850746,626.6666666666666,5.722340425531915,5.0,0.5
3.0,1.0,1250,15603,1.0,0,0,4,0,55,0,55,376968.54547619045,400873.7868852459,625.0,12.4824,4.0,0.25
5.0,2.0,2120,137565,1.5,0,0,3,0,101,1,31,488457.5,488457.5,706.6666666666666,64.88915094339623,7.0,0.3333333333333333
3.0,1.75,1810,3000,1.5,0,0,4,0,111,0,111,574543.2427470535,597116.6666666666,658.1818181818181,1.6574585635359116,4.75,0.4375
3.0,2.5,2370,11172,2.0,0,0,3,0,21,0,21,676159.8148148148,400873.7868852459,677.1428571428571,4.713924050632912,5.5,0.625
3.0,2.5,1970,4036,2.0,0,0,4,0,11,0,11,573991.6862745098,573991.6862745098,562.8571428571429,2.048730964467005,5.5,0.625
3.0,2.5,2110,4099,2.0,0,0,3,0,13,0,13,610245.4411764706,560633.5,602.8571428571429,1.942654028436019,5.5,0.625
3.0,3.0,2080,10521,1.5,0,0,3,0,10,1,11,655071.1991869919,514387.5806451613,520.0,5.058173076923077,6.0,0.75
4.0,2.25,3720,12384,1.0,0,2,5,1860,44,0,44,704425.8029661017,793072.1490384615,1144.6153846153845,3.329032258064516,6.25,0.45
2.0,1.75,1370,5125,1.0,0,0,5,0,70,0,70,573185.0026954178,576457.3465346535,498.1818181818182,3.740875912408759,3.75,0.5833333333333334
4.0,2.5,2961,12146,2.0,0,0,3,0,16,1,8,712166.302173913,775557.8101851852,846.0,4.101992570077677,6.5,0.5
3.0,2.25,2090,12112,2.0,0,0,3,0,31,1,5,659713.198757764,628759.967032967,643.0769230769231,5.795215311004784,5.25,0.5625
3.0,2.5,2600,7210,2.0,0,0,3,0,25,0,25,377807.7863636364,523649.19402985077,742.8571428571429,2.773076923076923,5.5,0.625
3.0,2.25,1870,9000,1.0,0,0,3,430,36,0,36,469170.3125,469170.3125,575.3846153846154,4.81283422459893,5.25,0.5625
4.0,2.5,2620,9873,2.0,0,0,3,0,27,1,14,609064.7603305785,775557.8101851852,748.5714285714286,3.768320610687023,6.5,0.5
3.0,2.5,2430,54059,2.0,0,0,3,0,27,1,14,609064.7603305785,593956.5636363636,694.2857142857143,22.246502057613167,5.5,0.625
3.0,1.75,1340,16480,1.0,0,0,4,0,46,0,46,301453.96774193546,326180.80597014923,487.27272727272725,12.298507462686567,4.75,0.4375
2.0,1.0,1170,10621,1.0,0,0,3,0,51,1,6,421049.06666666665,421049.06666666665,585.0,9.077777777777778,3.0,0.3333333333333333
3.0,1.75,2000,10182,1.0,0,0,5,600,51,0,51,655071.1991869919,798061.106557377,727.2727272727273,5.091,4.75,0.4375
5.0,2.5,2070,12000,1.0,0,0,4,730,47,0,47,859295.1570351758,680245.7142857143,591.4285714285714,5.797101449275362,7.5,0.4166666666666667
4.0,3.0,4590,9150,2.0,0,0,3,1100,33,1,1,583475.1987418453,807100.6571428571,1147.5,1.9934640522875817,7.0,0.6
5.0,1.0,2550,4623,2.5,0,0,4,0,109,0,109,570223.1185050136,577744.32,1275.0,1.8129411764705883,6.0,0.16666666666666666
3.0,1.0,1060,9600,1.0,0,0,4,0,52,0,52,291133.71153846156,283302.9365079365,530.0,9.056603773584905,4.0,0.25
2.0,1.75,1220,5000,1.0,0,0,5,360,93,0,93,371872.2878787879,288850.0,443.6363636363636,4.098360655737705,3.75,0.5833333333333334
4.0,2.25,1790,7203,1.0,0,0,4,680,41,0,41,461754.1666666667,377329.25409836066,550.7692307692307,4.0240223463687155,6.25,0.45
3.0,2.0,2060,4040,1.0,0,0,4,940,67,1,26,576183.7791741472,581484.52,686.6666666666666,1.9611650485436893,5.0,0.5
2.0,2.5,1140,1182,3.0,0,0,3,0,7,0,7,570223.1185050136,574002.5,325.7142857142857,1.0368421052631578,4.5,0.8333333333333334
4.0,2.5,2870,12648,2.0,0,0,4,0,28,0,28,611821.4210526316,632427.4029850747,820.0,4.406968641114982,6.5,0.5
6.0,1.5,2550,33740,1.0,0,0,4,800,56,1,42,290510.51923076925,287434.2,1020.0,13.231372549019607,7.5,0.21428571428571427
4.0,3.5,2790,10125,1.5,0,0,5,0,29,0,29,1099543.2580645161,1099543.2580645161,620.0,3.629032258064516,7.5,0.7
3.0,1.0,1110,7962,1.0,0,0,3,0,52,1,11,574543.2427470535,373425.72222222225,555.0,7.172972972972973,4.0,0.25
2.0,1.0,940,5375,1.0,0,0,4,0,62,0,62,307819.2631578947,306565.7297297297,470.0,5.718085106382978,3.0,0.3333333333333333
3.0,1.75,2880,18296,1.0,0,0,3,1300,56,1,10,338981.5238095238,275526.7755102041,1047.2727272727273,6.352777777777778,4.75,0.4375
3.0,1.5,1200,4800,1.0,0,0,4,0,52,0,52,859295.1570351758,672573.3333333334,480.0,4.0,4.5,0.375
3.0,1.0,1030,4958,1.0,0,0,5,0,62,1,16,573185.0026954178,929461.7,515.0,4.813592233009709,4.0,0.25
2.0,2.5,1240,2689,2.0,0,0,3,0,28,0,28,302406.8613861386,314291.5789473684,354.2857142857143,2.168548387096774,4.5,0.8333333333333334
3.0,2.0,1200,9566,1.0,0,0,3,0,19,0,19,225800.0,225800.0,400.0,7.971666666666667,5.0,0.5
3.0,3.25,2780,4002,2.0,0,0,3,0,5,0,5,420666.78571428574,420666.78571428574,654.1176470588235,1.4395683453237411,6.25,0.8125
3.0,2.25,1765,7652,2.0,0,0,3,0,18,0,18,298547.1904761905,300771.1538461539,543.0769230769231,4.335410764872521,5.25,0.5625
4.0,2.5,1960,14242,1.0,0,1,4,670,56,1,42,359824.2021276596,373425.72222222225,560.0,7.266326530612245,6.5,0.5
2.0,2.5,2680,11214,1.0,0,0,3,0,8,0,8,667110.3374233128,692946.9841269841,765.7142857142857,4.184328358208956,4.5,0.8333333333333334
3.0,2.0,1410,7622,1.0,0,0,4,0,31,0,31,370580.66352040815,348268.4566176471,470.0,5.405673758865248,5.0,0.5
4.0,2.5,2240,3712,2.0,0,0,3,0,0,0,0,351942.0882352941,351942.0882352941,640.0,1.6571428571428573,6.5,0.5
4.0,2.75,3120,7644,2.0,0,0,3,0,4,0,4,533938.304347826,533938.304347826,832.0,2.45,6.75,0.55
3.0,2.25,1450,4706,2.0,0,0,3,0,5,0,5,466376.511627907,466376.511627907,446.15384615384613,3.2455172413793103,5.25,0.5625
3.0,3.0,2340,5002,2.0,0,0,3,0,1,1,91,405031.2631578947,405031.2631578947,585.0,2.1376068376068376,6.0,0.75
5.0,2.75,2481,4045,2.0,0,0,3,0,0,0,0,289521.22794117645,261910.125,661.6,1.630390971382507,7.75,0.4583333333333333
3.0,3.25,1530,1602,2.0,0,0,3,390,1,1,91,573185.0026954178,299231.52173913043,360.0,1.0470588235294118,6.25,0.8125
3.0,2.25,1250,7500,1.0,0,0,5,0,72,0,72,573185.0026954178,386791.8375,384.61538461538464,6.0,5.25,0.5625
1.0,0.75,560,12120,1.0,0,0,3,0,47,1,3,465467.35714285716,465467.35714285716,320.0,21.642857142857142,1.75,0.375
4.0,1.75,2200,7475,1.0,0,0,5,1100,59,0,59,576183.7791741472,413719.29824561405,800.0,3.397727272727273,5.75,0.35
3.0,1.75,1460,10584,1.0,0,0,3,470,17,0,17,576183.7791741472,276613.06976744183,530.9090909090909,7.249315068493151,4.75,0.4375
3.0,1.5,1650,9380,1.0,0,0,5,520,36,0,36,376968.54547619045,346675.59929577465,660.0,5.684848484848485,4.5,0.375
5.0,2.5,3200,17204,1.0,0,0,3,1040,62,1,6,854623.3027093596,1326856.5666666667,914.2857142857143,5.37625,7.5,0.4166666666666667
3.0,2.25,2560,41346,2.0,0,0,3,0,28,0,28,611821.4210526316,590589.0952380953,787.6923076923077,16.15078125,5.25,0.5625
3.0,2.25,2080,4252,1.5,0,0,3,530,11,0,11,298517.84,334007.40625,640.0,2.044230769230769,5.25,0.5625
3.0,1.0,1070,7140,1.0,0,0,3,0,25,0,25,576183.7791741472,413719.29824561405,535.0,6.672897196261682,4.0,0.25
3.0,1.75,2190,12626,2.0,0,0,4,0,36,1,14,297151.21774193546,336132.38095238095,796.3636363636364,5.765296803652968,4.75,0.4375
3.0,1.5,2060,15837,1.5,0,0,3,0,111,1,9,377807.7863636364,369614.28571428574,824.0,7.687864077669903,4.5,0.375
3.0,1.75,2640,8000,1.0,0,3,4,1320,54,1,13,1099543.2580645161,1099543.2580645161,960.0,3.0303030303030303,4.75,0.4375
3.0,2.5,1720,8755,1.0,0,0,3,720,31,1,5,294129.8971962617,292973.1515151515,491.42857142857144,5.090116279069767,5.5,0.625
5.0,3.5,3880,13885,2.0,0,3,4,1340,35,0,35,859295.1570351758,809147.9375,862.2222222222222,3.5786082474226806,8.5,0.5833333333333334
2.0,1.0,960,4920,1.0,0,0,3,0,72,1,15,573185.0026954178,566123.421875,480.0,5.125,3.0,0.3333333333333333
3.0,2.5,2340,59058,1.0,0,0,3,0,29,0,29,339211.3264705882,339211.3264705882,668.5714285714286,25.23846153846154,5.5,0.625
3.0,2.5,2660,13367,2.0,0,2,3,0,22,0,22,989675.0,1310316.904,760.0,5.025187969924812,5.5,0.625
3.0,1.75,2090,4725,2.0,0,0,3,480,67,1,1,576183.7791741472,760659.568627451,760.0,2.2607655502392343,4.75,0.4375
3.0,2.5,1820,4910,2.0,0,0,3,0,21,0,21,589927.1679389313,617858.71875,520.0,2.697802197802198,5.5,0.625
4.0,2.5,2310,8030,2.0,0,0,3,0,36,0,36,420666.78571428574,420666.78571428574,660.0,3.4761904761904763,6.5,0.5
3.0,1.0,920,14400,1.0,0,0,4,0,37,0,37,297123.8925619835,253411.1914893617,460.0,15.652173913043478,4.0,0.25
1.0,1.0,790,13062,1.0,0,0,3,0,72,1,15,570223.1185050136,271166.2641509434,395.0,16.534177215189874,2.0,0.5
2.0,1.75,1500,6800,1.0,0,0,4,590,72,1,32,573185.0026954178,566123.421875,545.4545454545455,4.533333333333333,3.75,0.5833333333333334
3.0,1.0,1240,11108,1.0,0,0,4,0,62,0,62,480427.5,418429.25675675675,620.0,8.958064516129033,4.0,0.25
4.0,2.5,2730,36183,2.0,0,0,3,0,28,0,28,659713.198757764,628759.967032967,780.0,13.253846153846155,6.5,0.5
3.0,1.0,1170,11000,1.0,0,0,2,0,34,0,34,413841.8,413841.8,585.0,9.401709401709402,4.0,0.25
5.0,3.25,3410,9088,2.0,0,3,3,650,102,1,20,570223.1185050136,891559.6774193548,802.3529411764706,2.6651026392961876,8.25,0.5416666666666666
4.0,2.5,2700,9320,2.0,0,0,4,0,20,0,20,654481.2884615385,805533.4016393443,771.4285714285714,3.4518518518518517,6.5,0.5
4.0,1.75,1650,7800,1.0,0,0,3,0,46,1,17,370580.66352040815,348268.4566176471,600.0,4.7272727272727275,5.75,0.35
2.0,1.0,670,2378,1.0,0,0,3,0,95,1,13,573185.0026954178,446315.6779661017,335.0,3.5492537313432835,3.0,0.3333333333333333
3.0,2.0,1670,7757,1.0,0,0,3,0,22,0,22,306368.0406504065,291247.46153846156,556.6666666666666,4.644910179640719,5.0,0.5
3.0,1.75,1530,10731,1.0,0,0,3,0,28,0,28,447643.1818181818,447643.1818181818,556.3636363636364,7.013725490196078,4.75,0.4375
3.0,2.25,1500,7615,1.0,0,0,3,350,30,0,30,302406.8613861386,294601.05,461.53846153846155,5.076666666666667,5.25,0.5625
4.0,1.75,1720,7200,1.0,0,0,3,500,40,0,40,298547.1904761905,296686.537037037,625.4545454545455,4.186046511627907,5.75,0.35
5.0,3.0,2920,11440,2.0,0,0,3,0,11,0,11,433780.94444444444,378450.7192982456,730.0,3.9178082191780823,8.0,0.5
3.0,1.0,910,4500,1.0,0,0,3,0,66,1,20,570223.1185050136,586761.8313953489,455.0,4.945054945054945,4.0,0.25
3.0,1.0,1050,4160,1.0,0,0,4,0,89,1,46,574543.2427470535,605400.1521739131,525.0,3.961904761904762,4.0,0.25
3.0,2.0,1540,7800,1.0,0,0,3,0,10,1,11,574543.2427470535,443537.9032258064,513.3333333333334,5.064935064935065,5.0,0.5
3.0,1.0,1210,7440,1.0,0,0,3,0,65,1,16,402504.4879518072,381644.5188679245,605.0,6.148760330578512,4.0,0.25
5.0,2.5,2650,11455,1.0,0,0,3,1250,53,1,10,881585.4168316831,699132.2580645161,757.1428571428571,4.3226415094339625,7.5,0.4166666666666667
3.0,2.0,1990,3990,1.0,0,0,5,860,102,0,102,583475.1987418453,598663.1875,663.3333333333334,2.0050251256281406,5.0,0.5
5.0,2.75,2660,8737,1.0,0,4,5,1190,45,0,45,854623.3027093596,833646.4126506024,709.3333333333334,3.2845864661654134,7.75,0.4583333333333333
4.0,2.5,4060,9734,1.0,0,4,3,1910,37,1,10,445182.39130434784,445182.39130434784,1160.0,2.3975369458128077,6.5,0.5
5.0,2.5,2300,23345,1.0,0,0,5,1130,47,0,47,370580.66352040815,502494.4029850746,657.1428571428571,10.15,7.5,0.4166666666666667
6.0,2.75,2630,16411,1.0,0,0,4,980,40,0,40,664018.5575757576,639101.3958333334,701.3333333333334,6.239923954372624,8.75,0.39285714285714285
2.0,1.0,770,8149,1.0,0,0,5,0,66,1,29,428665.7159090909,386772.68253968254,385.0,10.583116883116883,3.0,0.3333333333333333
4.0,2.75,3790,10669,2.0,0,0,3,0,15,0,15,692567.8918918918,761330.9019607843,1010.6666666666666,2.8150395778364117,6.75,0.55
4.0,2.75,2540,7210,1.0,0,0,4,940,35,0,35,377807.7863636364,347522.01615384617,677.3333333333334,2.838582677165354,6.75,0.55
4.0,2.25,2500,8500,1.0,0,0,4,900,36,1,14,854623.3027093596,833646.4126506024,769.2307692307693,3.4,6.25,0.45
4.0,2.5,2150,7303,2.0,0,0,3,0,9,0,9,379453.5624401914,390117.4745762712,614.2857142857143,3.3967441860465115,6.5,0.5
3.0,1.75,1670,9600,1.0,0,0,5,0,53,0,53,1204170.349206349,1204170.349206349,607.2727272727273,5.748502994011976,4.75,0.4375
3.0,2.0,1800,12669,1.0,0,0,3,0,58,1,24,665473.701171875,817309.8975409836,600.0,7.038333333333333,5.0,0.5
3.0,2.5,2070,12708,2.0,0,0,3,0,18,0,18,635820.0,390117.4745762712,591.4285714285714,6.139130434782609,5.5,0.625
2.0,1.0,830,2820,1.0,0,0,4,0,94,0,94,583475.1987418453,598663.1875,415.0,3.397590361445783,3.0,0.3333333333333333
3.0,2.25,2370,9619,1.0,0,0,4,720,41,0,41,664524.1592356688,661440.7894736842,729.2307692307693,4.058649789029536,5.25,0.5625
3.0,1.0,1010,5400,1.0,0,0,3,0,55,1,25,583475.1987418453,662231.5294117647,505.0,5.346534653465347,4.0,0.25
3.0,1.5,1420,4500,1.0,0,0,3,0,55,1,25,573185.0026954178,576457.3465346535,568.0,3.1690140845070425,4.5,0.375
4.0,2.0,2120,8701,1.5,0,0,4,0,54,1,13,306956.0,311282.93333333335,706.6666666666666,4.104245283018868,6.0,0.4
4.0,1.75,2020,7029,1.0,0,0,4,590,35,0,35,659713.198757764,628759.967032967,734.5454545454545,3.47970297029703,5.75,0.35
3.0,2.5,1520,2208,2.0,0,0,3,480,7,0,7,570223.1185050136,891559.6774193548,434.2857142857143,1.4526315789473685,5.5,0.625
2.0,1.0,820,6250,1.0,0,0,4,0,92,0,92,583475.1987418453,559590.6666666666,410.0,7.621951219512195,3.0,0.3333333333333333
3.0,2.5,1690,1553,2.5,0,0,3,0,7,0,7,573185.0026954178,743714.088888889,482.85714285714283,0.9189349112426035,5.5,0.625
3.0,2.0,2260,11305,1.0,0,0,3,1130,28,0,28,370580.66352040815,304373.5294117647,753.3333333333334,5.002212389380531,5.0,0.5
3.0,2.25,1830,7897,1.0,0,0,4,540,28,0,28,667110.3374233128,649564.5408163265,563.0769230769231,4.315300546448087,5.25,0.5625
3.0,2.0,1350,11150,1.0,0,0,3,240,19,0,19,406146.40625,406146.40625,450.0,8.25925925925926,5.0,0.5
5.0,3.5,3280,4000,2.0,0,0,3,840,11,0,11,576183.7791741472,552908.4521276596,728.8888888888889,1.2195121951219512,8.5,0.5833333333333334
4.0,2.5,2770,45514,2.0,0,0,4,0,25,0,25,607079.2441860465,660496.5277777778,791.4285714285714,16.43104693140794,6.5,0.5
4.0,2.5,2770,8642,2.0,0,0,4,0,27,0,27,847974.924611399,634524.0,791.4285714285714,3.11985559566787,6.5,0.5
4.0,2.5,2460,5091,2.0,0,0,3,0,11,0,11,370580.66352040815,348268.4566176471,702.8571428571429,2.069512195121951,6.5,0.5
3.0,3.25,4720,32467,2.0,0,2,3,1530,16,1,8,376968.54547619045,514326.8552631579,1110.5882352941176,6.878601694915254,6.25,0.8125
2.0,1.0,1250,8100,1.0,0,0,4,0,67,1,26,570223.1185050136,468929.3650793651,625.0,6.48,3.0,0.3333333333333333
3.0,2.0,1710,7225,2.0,0,0,4,0,26,0,26,291133.71153846156,283302.9365079365,570.0,4.2251461988304095,5.0,0.5
3.0,1.75,1840,5101,1.0,0,0,5,800,62,1,16,570223.1185050136,322012.1379310345,669.0909090909091,2.7722826086956522,4.75,0.4375
4.0,2.5,2000,5962,2.0,0,0,3,0,15,0,15,423979.98295454547,379153.1549295775,571.4285714285714,2.981,6.5,0.5
1.0,1.0,650,15364,1.0,0,0,4,0,47,0,47,301453.96774193546,326180.80597014923,325.0,23.636923076923075,2.0,0.5
3.0,1.5,1020,9072,1.0,0,0,3,100,84,1,17,576183.7791741472,610943.3953488372,408.0,8.894117647058824,4.5,0.375
2.0,1.0,1500,18540,1.0,0,0,3,0,64,1,9,338981.5238095238,275526.7755102041,750.0,12.36,3.0,0.3333333333333333
3.0,2.5,2060,4399,2.0,0,0,3,0,7,0,7,573991.6862745098,573991.6862745098,588.5714285714286,2.1354368932038836,5.5,0.625
3.0,1.5,1810,29308,1.0,0,0,3,860,31,1,5,319992.64705882355,331194.18666666665,724.0,16.192265193370165,4.5,0.375
6.0,4.5,3810,28176,1.0,0,4,5,0,45,0,45,402504.4879518072,718727.3611111111,692.7272727272727,7.395275590551181,10.5,0.6428571428571429
2.0,1.75,1650,4000,1.0,0,0,4,700,67,1,26,570223.1185050136,322012.1379310345,600.0,2.4242424242424243,3.75,0.5833333333333334
3.0,3.25,1540,704,3.0,0,0,3,0,3,0,3,576183.7791741472,593491.5454545454,362.3529411764706,0.45714285714285713,6.25,0.8125
3.0,1.5,2080,5244,1.0,0,0,3,890,55,1,25,570223.1185050136,468929.3650793651,832.0,2.521153846153846,4.5,0.375
3.0,2.25,2430,5500,2.0,0,0,3,620,25,0,25,654481.2884615385,805533.4016393443,747.6923076923077,2.263374485596708,5.25,0.5625
5.0,2.0,1750,10284,1.0,0,0,4,0,71,0,71,379453.5624401914,390117.4745762712,583.3333333333334,5.876571428571428,7.0,0.3333333333333333
3.0,1.75,1770,33224,1.0,0,0,4,0,46,0,46,297123.8925619835,363214.4727272727,643.6363636363636,18.770621468926553,4.75,0.4375
3.0,2.5,1710,2300,2.0,0,0,3,140,9,0,9,659713.198757764,628759.967032967,488.57142857142856,1.345029239766082,5.5,0.625
4.0,2.25,2740,88426,2.0,0,0,3,0,23,0,23,609064.7603305785,593956.5636363636,843.0769230769231,32.27226277372263,6.25,0.45
5.0,2.5,2730,17240,1.0,0,0,5,1070,56,0,56,451624.14634146343,451624.14634146343,780.0,6.315018315018315,7.5,0.4166666666666667
3.0,2.5,2437,5136,2.0,0,0,3,0,3,0,3,289521.22794117645,230185.82142857142,696.2857142857143,2.1075092326631104,5.5,0.625
4.0,2.5,3290,6203,2.0,0,0,3,0,6,0,6,565703.2,565703.2,940.0,1.8854103343465045,6.5,0.5
4.0,3.5,2910,5260,2.0,0,0,3,0,2,1,102,565703.2,565703.2,646.6666666666666,1.8075601374570447,7.5,0.7
3.0,2.0,1630,7599,1.0,0,0,3,0,8,0,8,573185.0026954178,566123.421875,543.3333333333334,4.661963190184049,5.0,0.5
4.0,3.0,4410,5104,2.0,0,0,3,1010,8,0,8,561804.3541666666,561804.3541666666,1102.5,1.1573696145124717,7.0,0.6
3.0,2.5,1780,1487,3.0,0,0,3,180,8,0,8,573185.0026954178,576457.3465346535,508.57142857142856,0.8353932584269663,5.5,0.625
3.0,3.25,1540,1487,2.0,0,0,3,0,3,0,3,609064.7603305785,621249.6153846154,362.3529411764706,0.9655844155844155,6.25,0.8125
3.0,1.75,1420,1189,3.0,0,0,3,0,8,0,8,570223.1185050136,606082.1632653062,516.3636363636364,0.8373239436619718,4.75,0.4375
3.0,2.5,2680,9750,1.0,0,0,4,1070,35,0,35,655071.1991869919,514387.5806451613,765.7142857142857,3.638059701492537,5.5,0.625
3.0,2.0,1750,9750,1.0,0,0,3,400,53,1,10,311057.8333333333,313968.0571428572,583.3333333333334,5.571428571428571,5.0,0.5
3.0,2.5,2170,4912,2.0,0,0,3,0,11,0,11,451624.14634146343,451624.14634146343,620.0,2.263594470046083,5.5,0.625
3.0,2.75,2390,9966,1.0,0,0,5,1030,37,0,37,859295.1570351758,809147.9375,637.3333333333334,4.169874476987448,5.75,0.6875
4.0,2.25,2400,5350,1.5,0,0,4,940,85,0,85,573185.0026954178,566123.421875,738.4615384615385,2.2291666666666665,6.25,0.45
3.0,1.0,1690,4250,1.0,0,0,3,670,47,1,3,570223.1185050136,282229.9568965517,845.0,2.514792899408284,4.0,0.25
3.0,3.5,3250,6000,2.0,0,0,3,750,13,0,13,576183.7791741472,509155.26219512196,722.2222222222222,1.8461538461538463,6.5,0.875
4.0,3.75,4610,40202,1.0,0,0,4,2110,34,0,34,609064.7603305785,593956.5636363636,970.5263157894736,8.72060737527115,7.75,0.75
4.0,2.75,2440,15349,2.0,0,1,4,0,57,1,13,307819.2631578947,306565.7297297297,650.6666666666666,6.290573770491803,6.75,0.55
3.0,1.75,1290,3870,1.0,0,0,5,0,98,0,98,574543.2427470535,551327.925925926,469.09090909090907,3.0,4.75,0.4375
4.0,1.0,2000,4676,1.5,0,0,3,750,98,1,28,574543.2427470535,445100.0,1000.0,2.338,5.0,0.2
3.0,1.0,1050,7500,1.0,0,0,3,0,114,1,9,583475.1987418453,559590.6666666666,525.0,7.142857142857143,4.0,0.25
4.0,2.5,2340,3784,2.0,0,0,3,0,6,0,6,573185.0026954178,299231.52173913043,668.5714285714286,1.6170940170940171,6.5,0.5
4.0,2.25,2210,7665,2.0,0,0,4,0,46,0,46,847974.924611399,802442.5981012658,680.0,3.4683257918552037,6.25,0.45
5.0,2.5,2920,5568,2.0,0,0,3,600,108,1,0,583475.1987418453,1042056.6226415094,834.2857142857143,1.906849315068493,7.5,0.4166666666666667
3.0,2.75,3150,219978,2.0,0,0,4,150,24,0,24,551871.586715821,551871.586715821,840.0,69.83428571428571,5.75,0.6875
3.0,3.5,3590,6402,2.0,0,0,3,0,15,0,15,701918.4194214876,631683.0588235294,797.7777777777778,1.7832869080779945,6.5,0.875
4.0,2.5,1910,5000,2.0,0,0,3,0,9,0,9,345402.7394736842,345402.7394736842,545.7142857142857,2.6178010471204187,6.5,0.5
4.0,2.75,3110,35235,2.0,0,0,4,0,31,0,31,602057.1753246753,578701.4130434783,829.3333333333334,11.329581993569132,6.75,0.55
5.0,3.0,2440,4750,1.0,0,0,3,990,8,0,8,570223.1185050136,322012.1379310345,610.0,1.9467213114754098,8.0,0.5
4.0,2.25,1330,8400,1.5,0,0,3,0,52,1,11,859215.5687192117,788761.9545454546,409.2307692307692,6.315789473684211,6.25,0.45
3.0,1.75,1460,22651,1.0,0,0,4,0,53,1,13,609064.7603305785,593956.5636363636,530.9090909090909,15.514383561643836,4.75,0.4375
6.0,4.5,3902,3880,3.0,0,4,4,1120,37,0,37,570223.1185050136,629754.88,709.4545454545455,0.9943618657098924,10.5,0.6428571428571429
5.0,4.75,5180,17811,2.0,0,2,3,1110,13,0,13,533938.304347826,533938.304347826,900.8695652173913,3.4384169884169884,9.75,0.7916666666666666
2.0,2.5,1150,2064,2.0,0,0,3,0,10,1,11,294280.725,248072.46153846153,328.57142857142856,1.7947826086956522,4.5,0.8333333333333334
4.0,1.5,1920,10403,1.0,0,0,3,550,55,1,25,302406.8613861386,294601.05,768.0,5.418229166666666,5.5,0.3
3.0,2.5,2520,53143,1.5,0,0,3,0,26,1,14,420657.71428571426,420657.71428571426,720.0,21.088492063492062,5.5,0.625
2.0,1.0,970,3400,1.0,0,0,3,0,90,1,3,574543.2427470535,1008059.7826086957,485.0,3.5051546391752577,3.0,0.3333333333333333
5.0,2.5,2490,7666,1.0,0,0,4,1000,25,0,25,306368.0406504065,289447.0487804878,711.4285714285714,3.078714859437751,7.5,0.4166666666666667
3.0,2.0,1680,8424,1.0,0,0,3,0,21,0,21,312833.3333333333,312833.3333333333,560.0,5.014285714285714,5.0,0.5
3.0,1.0,1150,4825,1.0,0,0,4,0,57,1,13,611821.4210526316,590589.0952380953,575.0,4.195652173913044,4.0,0.25
4.0,3.0,1980,7931,1.0,0,0,4,820,31,0,31,423979.98295454547,379153.1549295775,495.0,4.0055555555555555,7.0,0.6
4.0,2.25,2070,13084,1.0,0,0,4,370,47,0,47,1204170.349206349,1204170.349206349,636.9230769230769,6.320772946859903,6.25,0.45
4.0,4.25,5660,193593,2.0,0,0,3,1560,13,0,13,405085.29411764705,405085.29411764705,1078.095238095238,34.203710247349825,8.25,0.85
4.0,2.75,2420,10962,1.0,0,0,3,890,37,1,10,881585.4168316831,679366.6666666666,645.3333333333334,4.5297520661157025,6.75,0.55
4.0,2.5,2610,4781,2.0,0,0,3,0,5,0,5,308362.248,266959.525,745.7142857142857,1.831800766283525,6.5,0.5
4.0,3.75,2810,10840,2.0,0,2,4,740,20,0,20,400620.86486486485,400620.86486486485,591.578947368421,3.8576512455516014,7.75,0.75
3.0,2.5,1510,10384,1.0,0,0,2,480,38,0,38,610245.4411764706,681119.6428571428,431.42857142857144,6.87682119205298,5.5,0.625
3.0,1.75,1910,4800,1.0,0,0,3,830,55,1,25,583475.1987418453,598663.1875,694.5454545454545,2.513089005235602,4.75,0.4375
3.0,1.75,1700,51649,1.5,0,0,5,0,83,0,83,371872.2878787879,510118.0,618.1818181818181,30.381764705882354,4.75,0.4375
4.0,2.75,2020,10720,1.0,0,0,4,600,38,1,22,662070.8855421686,637280.5326086957,538.6666666666666,5.306930693069307,6.75,0.55
3.0,1.75,2340,4206,1.0,0,0,5,1170,97,0,97,570223.1185050136,617994.1355932204,850.9090909090909,1.7974358974358975,4.75,0.4375
3.0,2.0,1463,868,3.0,0,0,3,0,11,0,11,583475.1987418453,600662.226744186,487.6666666666667,0.5933014354066986,5.0,0.5
3.0,1.0,1430,3840,1.0,0,0,3,480,69,1,4,583475.1987418453,552240.609375,715.0,2.6853146853146854,4.0,0.25
3.0,1.5,1180,12324,1.0,0,0,3,380,33,1,1,712166.302173913,657703.171875,472.0,10.44406779661017,4.5,0.375
5.0,4.5,4400,15580,2.0,0,0,3,1010,11,0,11,881585.4168316831,1323936.9862068966,800.0,3.540909090909091,9.5,0.75
3.0,2.5,1610,6176,2.0,0,0,3,0,20,0,20,302187.765625,292224.96153846156,460.0,3.8360248447204968,5.5,0.625
3.0,2.5,1480,14250,2.0,0,0,3,0,18,0,18,661873.9341085271,853114.5491803279,422.85714285714283,9.628378378378379,5.5,0.625
3.0,2.5,2670,10338,2.0,0,0,3,0,27,1,14,854623.3027093596,673630.7692307692,762.8571428571429,3.8719101123595507,5.5,0.625
4.0,1.75,1830,29110,2.0,0,0,3,600,24,1,5,1182030.1090909091,1182030.1090909091,665.4545454545455,15.907103825136613,5.75,0.35
2.0,1.0,920,4095,1.0,0,0,4,0,100,1,69,574543.2427470535,445100.0,460.0,4.451086956521739,3.0,0.3333333333333333
3.0,1.0,1150,19200,1.0,0,0,4,0,106,0,106,308362.248,266959.525,575.0,16.695652173913043,4.0,0.25
2.0,1.0,1190,7408,1.0,0,0,3,360,73,1,20,573185.0026954178,232418.88888888888,595.0,6.2252100840336135,3.0,0.3333333333333333
4.0,3.25,4160,35654,2.0,0,0,3,1400,41,1,1,589927.1679389313,562969.2461538462,978.8235294117648,8.570673076923077,7.25,0.65
3.0,2.5,2370,12753,2.0,0,0,3,0,13,0,13,420648.1666666667,420648.1666666667,677.1428571428571,5.381012658227848,5.5,0.625
4.0,1.75,1660,3800,1.5,0,0,3,0,88,1,11,573185.0026954178,594233.6460674157,603.6363636363636,2.289156626506024,5.75,0.35
3.0,2.5,1480,8381,1.0,0,0,4,0,46,0,46,576183.7791741472,460224.62686567166,422.85714285714283,5.662837837837838,5.5,0.625
4.0,2.5,2390,6426,2.0,0,0,3,0,15,0,15,294280.725,357244.34545454546,682.8571428571429,2.688702928870293,6.5,0.5
3.0,3.5,1690,1432,2.0,0,0,3,330,6,0,6,574543.2427470535,731451.1428571428,375.55555555555554,0.8473372781065088,6.5,0.875
3.0,1.0,1010,7560,1.0,0,0,3,0,56,1,10,370580.66352040815,348268.4566176471,505.0,7.485148514851486,4.0,0.25
4.0,3.5,3500,8547,2.0,0,0,3,1000,20,0,20,847974.924611399,802442.5981012658,777.7777777777778,2.442,7.5,0.7
4.0,2.75,2330,7642,1.0,0,0,3,530,24,1,5,302406.8613861386,294601.05,621.3333333333334,3.2798283261802577,6.75,0.55
3.0,1.5,1890,9450,1.0,0,0,3,800,57,1,14,364278.9903846154,386791.8375,756.0,5.0,4.5,0.375
4.0,1.75,2000,6032,1.0,0,2,3,700,55,1,25,583475.1987418453,371058.47297297296,727.2727272727273,3.016,5.75,0.35
3.0,1.0,1130,10650,1.0,0,0,3,0,60,1,9,249552.22727272726,266966.6,565.0,9.424778761061948,4.0,0.25
4.0,1.75,1670,9886,1.0,0,0,5,0,67,0,67,574543.2427470535,443537.9032258064,607.2727272727273,5.9197604790419165,5.75,0.35
3.0,2.5,2600,5540,2.0,0,0,3,0,10,1,11,345402.7394736842,345402.7394736842,742.8571428571429,2.1307692307692307,5.5,0.625
4.0,1.75,1560,31299,1.0,0,0,4,0,49,0,49,297123.8925619835,363214.4727272727,567.2727272727273,20.06346153846154,5.75,0.35
3.0,2.0,1170,5360,1.0,0,0,3,0,95,1,13,583475.1987418453,300070.8333333333,390.0,4.581196581196581,5.0,0.5
4.0,2.5,2100,4237,2.0,0,0,3,0,8,0,8,301453.96774193546,288301.54901960783,600.0,2.0176190476190476,6.5,0.5
3.0,2.25,1710,11500,1.0,0,0,3,500,36,0,36,447643.1818181818,447643.1818181818,526.1538461538462,6.7251461988304095,5.25,0.5625
4.0,2.75,2420,5773,2.0,0,0,3,0,9,0,9,341878.1945205479,341878.1945205479,645.3333333333334,2.3855371900826445,6.75,0.55
4.0,2.0,1370,4000,2.0,0,0,3,0,63,1,20,573185.0026954178,743714.088888889,456.6666666666667,2.9197080291970803,6.0,0.4
4.0,2.0,2660,3900,1.5,0,0,4,1180,91,0,91,574543.2427470535,1017813.976744186,886.6666666666666,1.4661654135338347,6.0,0.4
4.0,2.5,2260,3713,2.0,0,0,3,0,11,0,11,675464.6038732395,521302.5714285714,645.7142857142857,1.642920353982301,6.5,0.5
4.0,2.5,2070,4500,2.0,0,0,3,0,10,1,11,345402.7394736842,345402.7394736842,591.4285714285714,2.1739130434782608,6.5,0.5
4.0,5.25,4670,43950,2.0,0,0,3,0,25,0,25,881585.4168316831,809289.1351351351,747.2,9.411134903640257,9.25,1.05
3.0,1.0,1500,13500,1.0,0,0,4,0,46,0,46,376968.54547619045,514326.8552631579,750.0,9.0,4.0,0.25
4.0,2.5,2658,3960,2.0,0,0,3,0,0,0,0,306983.0317460318,361680.06451612903,759.4285714285714,1.489841986455982,6.5,0.5
4.0,2.5,2700,5150,2.0,0,0,3,0,7,0,7,370580.66352040815,502494.4029850746,771.4285714285714,1.9074074074074074,6.5,0.5
3.0,2.25,1530,1245,2.0,0,0,3,480,0,0,0,573185.0026954178,544298.1739130435,470.7692307692308,0.8137254901960784,5.25,0.5625
3.0,2.5,1480,1485,2.0,0,0,3,200,7,0,7,583475.1987418453,666692.0,422.85714285714283,1.0033783783783783,5.5,0.625
3.0,3.0,1390,1080,2.0,0,0,3,250,8,0,8,583475.1987418453,451032.07547169813,347.5,0.7769784172661871,6.0,0.75
3.0,2.5,1660,3990,2.0,0,0,3,0,5,0,5,570223.1185050136,430721.18644067796,474.2857142857143,2.4036144578313254,5.5,0.625
3.0,2.5,2050,4185,2.0,0,0,3,0,3,0,3,583475.1987418453,552240.609375,585.7142857142857,2.0414634146341464,5.5,0.625
4.0,1.0,1550,7740,1.5,0,0,3,0,60,1,9,576183.7791741472,428104.3859649123,775.0,4.993548387096774,5.0,0.2
4.0,2.25,1900,8600,1.0,0,0,4,0,39,0,39,294129.8971962617,292973.1515151515,584.6153846153846,4.526315789473684,6.25,0.45
4.0,2.5,2820,6180,2.0,0,0,3,770,1,1,91,570223.1185050136,430721.18644067796,805.7142857142857,2.1914893617021276,6.5,0.5
2.0,1.5,1490,4080,1.0,0,0,3,560,58,1,13,583475.1987418453,437527.63157894736,596.0,2.738255033557047,3.5,0.5
3.0,1.5,1750,12500,1.0,0,0,3,600,60,1,9,894214.2857142857,894214.2857142857,700.0,7.142857142857143,4.5,0.375
4.0,2.5,2040,6034,2.0,0,0,3,0,24,1,5,576183.7791741472,610943.3953488372,582.8571428571429,2.957843137254902,6.5,0.5
3.0,1.5,1900,5000,1.5,0,0,3,260,88,1,11,576183.7791741472,610943.3953488372,760.0,2.6315789473684212,4.5,0.375
3.0,1.75,1910,12596,1.0,0,0,3,570,37,1,10,612917.84375,554207.5555555555,694.5454545454545,6.5947643979057595,4.75,0.4375
3.0,1.0,1560,14333,1.0,0,0,4,0,61,1,31,583115.9090909091,484335.21428571426,780.0,9.187820512820513,4.0,0.25
3.0,1.75,1470,6250,1.0,0,3,4,400,75,1,25,472577.77777777775,386772.68253968254,534.5454545454545,4.2517006802721085,4.75,0.4375
3.0,2.5,2700,9994,1.0,0,3,4,1350,55,0,55,295841.6666666667,299247.56097560975,771.4285714285714,3.7014814814814816,5.5,0.625
4.0,3.25,3450,11240,2.0,0,3,4,1020,54,1,13,345010.7211538461,418429.25675675675,811.7647058823529,3.2579710144927536,7.25,0.65
3.0,2.0,1970,9600,1.0,0,0,4,670,47,0,47,298547.1904761905,300771.1538461539,656.6666666666666,4.873096446700508,5.0,0.5
3.0,2.5,2670,12187,2.0,0,0,3,0,28,0,28,667110.3374233128,649564.5408163265,762.8571428571429,4.564419475655431,5.5,0.625
3.0,2.5,2550,13458,2.0,0,0,3,0,24,1,5,847974.924611399,802442.5981012658,728.5714285714286,5.277647058823529,5.5,0.625
4.0,1.0,1720,4011,1.5,0,0,4,0,110,0,110,583475.1987418453,543333.5897435897,860.0,2.3319767441860466,5.0,0.2
4.0,4.0,4270,6002,2.0,0,3,3,1090,10,1,11,589927.1679389313,617858.71875,854.0,1.4056206088992975,8.0,0.8
3.0,1.5,2170,16600,1.0,1,2,3,1040,35,1,0,664018.5575757576,639101.3958333334,868.0,7.649769585253456,4.5,0.375
4.0,2.5,2840,9354,2.0,0,0,3,0,24,1,5,712166.302173913,657703.171875,811.4285714285714,3.293661971830986,6.5,0.5
4.0,2.75,3270,50994,2.0,0,0,4,550,31,0,31,298517.84,334007.40625,872.0,15.594495412844037,6.75,0.55
3.0,1.75,1480,7040,1.0,0,0,3,0,40,0,40,655071.1991869919,798061.106557377,538.1818181818181,4.756756756756757,4.75,0.4375
5.0,2.75,2440,8000,1.0,0,0,4,1200,42,0,42,675464.6038732395,521302.5714285714,650.6666666666666,3.278688524590164,7.75,0.4583333333333333
4.0,2.75,2880,5750,1.5,0,0,5,1170,86,1,44,576183.7791741472,616646.6086956522,768.0,1.9965277777777777,6.75,0.55
2.0,1.0,1730,9610,1.0,0,0,3,350,52,1,11,306983.0317460318,273470.65789473685,865.0,5.554913294797688,3.0,0.3333333333333333
2.0,1.0,1260,4080,1.5,0,0,5,0,88,0,88,570223.1185050136,610774.3578947368,630.0,3.238095238095238,3.0,0.3333333333333333
4.0,2.0,2230,9900,1.5,0,0,5,0,55,0,55,847974.924611399,752347.2222222222,743.3333333333334,4.439461883408072,6.0,0.4
2.0,2.25,2460,16940,1.5,0,4,4,530,78,0,78,583475.1987418453,552240.609375,756.9230769230769,6.8861788617886175,4.25,0.75
4.0,1.75,2050,94525,1.0,0,0,4,800,55,0,55,371872.2878787879,351000.68055555556,745.4545454545455,46.109756097560975,5.75,0.35
3.0,2.5,2030,2805,2.0,0,0,3,310,13,0,13,609064.7603305785,593956.5636363636,580.0,1.3817733990147782,5.5,0.625
2.0,1.0,810,4800,1.0,0,0,3,0,66,1,20,583475.1987418453,437527.63157894736,405.0,5.925925925925926,3.0,0.3333333333333333
3.0,1.0,1840,8100,1.0,0,0,4,920,61,1,31,378731.27777777775,484335.21428571426,920.0,4.4021739130434785,4.0,0.25
3.0,1.5,1730,40250,2.0,0,0,4,0,31,0,31,607079.2441860465,568618.8,692.0,23.265895953757227,4.5,0.375
2.0,2.0,2280,6815,1.0,0,0,3,0,12,0,12,664524.1592356688,667790.3,760.0,2.9890350877192984,4.0,0.6666666666666666
4.0,2.5,2630,6326,2.0,0,0,3,0,6,0,6,565703.2,565703.2,751.4285714285714,2.4053231939163497,6.5,0.5
3.0,2.25,2270,23900,1.0,0,0,3,450,39,0,39,428665.7159090909,653322.2432432432,698.4615384615385,10.52863436123348,5.25,0.5625
3.0,1.75,1020,7020,1.5,0,0,4,0,61,1,31,423979.98295454547,377329.25409836066,370.90909090909093,6.882352941176471,4.75,0.4375
4.0,2.5,1990,2175,2.0,0,0,3,310,9,0,9,570223.1185050136,574002.5,568.5714285714286,1.092964824120603,6.5,0.5
4.0,2.5,2680,15508,2.0,0,0,3,0,15,0,15,302406.8613861386,294601.05,765.7142857142857,5.786567164179105,6.5,0.5
3.0,1.75,1980,3300,1.5,0,0,4,840,88,1,21,583475.1987418453,600662.226744186,720.0,1.6666666666666667,4.75,0.4375
3.0,2.5,2400,6975,2.0,0,0,3,0,21,0,21,704362.1153846154,401767.1379310345,685.7142857142857,2.90625,5.5,0.625
2.0,1.0,780,5000,1.0,0,0,4,0,71,0,71,576183.7791741472,359051.2619047619,390.0,6.410256410256411,3.0,0.3333333333333333
3.0,2.0,980,5000,1.0,0,0,3,0,74,1,18,574543.2427470535,551327.925925926,326.6666666666667,5.1020408163265305,5.0,0.5
3.0,1.0,1210,103237,1.0,0,0,2,0,96,1,54,488457.5,488457.5,605.0,85.3198347107438,4.0,0.25
5.0,2.5,4600,19831,1.0,0,3,3,2300,58,1,1,423979.98295454547,754622.6341463415,1314.2857142857142,4.31108695652174,7.5,0.4166666666666667
3.0,2.5,1480,1961,2.0,0,0,3,0,9,0,9,609064.7603305785,621249.6153846154,422.85714285714283,1.325,5.5,0.625
4.0,1.5,1320,14250,1.0,0,0,4,0,60,1,35,655071.1991869919,798061.106557377,528.0,10.795454545454545,5.5,0.3
5.0,2.75,4400,18500,1.0,0,3,5,2150,51,0,51,445182.39130434784,445182.39130434784,1173.3333333333333,4.204545454545454,7.75,0.4583333333333333
4.0,3.5,3010,3600,2.0,0,0,3,640,15,0,15,570223.1185050136,1067396.7391304348,668.8888888888889,1.196013289036545,7.5,0.7
3.0,2.0,2260,9568,1.0,0,0,3,480,29,0,29,712166.302173913,657703.171875,753.3333333333334,4.233628318584071,5.0,0.5
4.0,2.0,1880,14653,2.0,0,0,3,0,36,0,36,549237.5,549237.5,626.6666666666666,7.794148936170213,6.0,0.4
3.0,1.75,1370,9900,1.0,0,0,4,0,31,0,31,551871.586715821,551871.586715821,498.1818181818182,7.226277372262774,4.75,0.4375
4.0,3.0,2720,3800,2.0,0,0,5,920,95,1,80,573185.0026954178,594233.6460674157,680.0,1.3970588235294117,7.0,0.6
2.0,1.75,1740,5400,1.0,0,0,4,750,68,1,25,576183.7791741472,610943.3953488372,632.7272727272727,3.103448275862069,3.75,0.5833333333333334
4.0,2.5,2560,5593,2.0,0,0,3,0,13,0,13,667110.3374233128,692946.9841269841,731.4285714285714,2.184765625,6.5,0.5
5.0,2.5,2690,5557,2.0,0,0,3,0,2,1,102,576183.7791741472,282454.22794117645,768.5714285714286,2.065799256505576,7.5,0.4166666666666667
4.0,3.0,3240,5562,2.0,0,0,3,0,1,1,91,692567.8918918918,761330.9019607843,810.0,1.7166666666666666,7.0,0.6
4.0,2.5,2430,4747,2.0,0,0,3,0,6,0,6,611821.4210526316,590589.0952380953,694.2857142857143,1.9534979423868313,6.5,0.5
2.0,2.0,1405,1073,2.0,0,0,3,265,7,0,7,570223.1185050136,577744.32,468.3333333333333,0.7637010676156584,4.0,0.6666666666666666
5.0,2.75,3030,7679,2.0,0,0,3,0,0,0,0,712166.302173913,775557.8101851852,808.0,2.534323432343234,7.75,0.4583333333333333
4.0,2.5,4150,8436,2.0,0,0,3,0,0,0,0,712166.302173913,775557.8101851852,1185.7142857142858,2.0327710843373494,6.5,0.5
3.0,3.0,1730,2940,3.0,0,0,3,0,29,0,29,583475.1987418453,552240.609375,432.5,1.699421965317919,6.0,0.75
6.0,2.5,3820,53173,1.0,0,0,4,1780,40,0,40,611821.4210526316,590589.0952380953,1091.4285714285713,13.919633507853403,8.5,0.35714285714285715
4.0,2.5,3070,6432,2.0,0,0,3,0,8,0,8,379453.5624401914,324671.05263157893,877.1428571428571,2.095114006514658,6.5,0.5
4.0,2.5,1780,4169,2.0,0,0,3,0,20,0,20,611394.2276422764,624091.0333333333,508.57142857142856,2.3421348314606742,6.5,0.5
4.0,2.5,1811,4381,2.0,0,0,3,0,7,0,7,377807.7863636364,337515.625,517.4285714285714,2.4191054665930425,6.5,0.5
4.0,2.25,2450,62290,2.0,0,0,3,0,38,0,38,612917.84375,688402.5,753.8461538461538,25.42448979591837,6.25,0.45
3.0,2.5,2300,7398,2.0,0,0,3,0,13,0,13,565703.2,565703.2,657.1428571428571,3.216521739130435,5.5,0.625
2.0,1.0,1440,3225,1.0,0,0,3,480,99,0,99,583475.1987418453,598663.1875,720.0,2.2395833333333335,3.0,0.3333333333333333
4.0,2.25,2370,9360,2.0,0,0,4,0,35,0,35,659713.198757764,628759.967032967,729.2307692307693,3.949367088607595,6.25,0.45
4.0,3.25,4420,7850,2.0,1,4,3,1270,13,0,13,854623.3027093596,621811.7647058824,1040.0,1.7760180995475112,7.25,0.65
3.0,1.0,1300,3550,1.5,0,0,3,0,87,1,3,576183.7791741472,947948.46875,650.0,2.730769230769231,4.0,0.25
5.0,3.0,2870,4369,2.0,0,0,3,780,7,0,7,489242.0238095238,489242.0238095238,717.5,1.5222996515679443,8.0,0.5
3.0,2.75,3400,7200,2.0,0,2,3,930,5,0,5,379453.5624401914,390117.4745762712,906.6666666666666,2.1176470588235294,5.75,0.6875
3.0,1.0,1410,5060,1.0,0,0,4,500,58,0,58,583475.1987418453,378450.7192982456,705.0,3.5886524822695036,4.0,0.25
3.0,1.75,1640,13500,1.0,0,0,3,530,74,1,18,576183.7791741472,460224.62686567166,596.3636363636364,8.231707317073171,4.75,0.4375
4.0,2.5,3190,7399,2.0,0,0,3,0,8,0,8,339211.3264705882,339211.3264705882,911.4285714285714,2.319435736677116,6.5,0.5
4.0,2.5,2380,13435,2.0,0,0,3,0,22,0,22,589927.1679389313,784592.5133928572,680.0,5.644957983193278,6.5,0.5
3.0,2.5,2260,4165,2.0,0,0,3,0,9,0,9,701918.4194214876,784592.5133928572,645.7142857142857,1.842920353982301,5.5,0.625
3.0,1.75,1240,8050,1.0,0,0,4,0,36,1,14,712166.302173913,657703.171875,450.90909090909093,6.491935483870968,4.75,0.4375
5.0,3.5,4220,26784,1.0,0,0,3,2110,56,1,8,859215.5687192117,1307172.904,937.7777777777778,6.346919431279621,8.5,0.5833333333333334
4.0,2.5,4250,19387,2.0,0,2,4,990,42,0,42,1223622.0,1223622.0,1214.2857142857142,4.56164705882353,6.5,0.5
3.0,1.5,1860,7963,1.0,0,0,3,660,51,1,6,345922.0,273468.22222222225,744.0,4.281182795698925,4.5,0.375
3.0,2.5,2850,10474,1.0,0,0,4,1120,60,1,35,847974.924611399,1310316.904,814.2857142857143,3.6750877192982454,5.5,0.625
3.0,3.0,2470,36445,2.0,0,0,4,0,34,0,34,602238.7424242424,586241.8196721311,617.5,14.755060728744938,6.0,0.75
3.0,2.25,2210,8000,2.0,0,0,4,0,45,0,45,291133.71153846156,283302.9365079365,680.0,3.6199095022624435,5.25,0.5625
4.0,1.75,1920,7665,1.0,0,0,4,420,39,0,39,371872.2878787879,351000.68055555556,698.1818181818181,3.9921875,5.75,0.35
4.0,3.0,3150,7778,2.0,0,0,3,0,14,0,14,692567.8918918918,761330.9019607843,787.5,2.4692063492063494,7.0,0.6
4.0,1.75,2700,7875,1.5,0,0,4,0,46,0,46,379453.5624401914,351241.91041666665,981.8181818181819,2.9166666666666665,5.75,0.35
3.0,2.25,2190,7149,1.0,0,1,4,950,51,0,51,379453.5624401914,390117.4745762712,673.8461538461538,3.2643835616438355,5.25,0.5625
2.0,2.5,1380,951,3.0,0,0,3,0,8,0,8,574543.2427470535,602889.9619047618,394.2857142857143,0.6891304347826087,4.5,0.8333333333333334
5.0,1.5,2520,5753,1.5,0,0,4,1010,86,0,86,312833.3333333333,312833.3333333333,1008.0,2.282936507936508,6.5,0.25
3.0,1.75,1300,8800,1.0,0,0,4,0,51,0,51,859215.5687192117,631745.0,472.72727272727275,6.769230769230769,4.75,0.4375
4.0,1.75,2220,6500,2.0,0,3,4,0,50,0,50,364278.9903846154,449850.8552631579,807.2727272727273,2.9279279279279278,5.75,0.35
2.0,1.0,730,7528,1.0,0,0,3,0,68,0,68,570223.1185050136,610774.3578947368,365.0,10.312328767123288,3.0,0.3333333333333333
4.0,3.25,3300,15907,2.0,0,0,5,0,29,0,29,1223622.0,1223622.0,776.4705882352941,4.82030303030303,7.25,0.65
4.0,3.25,4130,112521,2.0,0,0,3,0,36,0,36,847974.924611399,752347.2222222222,971.7647058823529,27.244794188861984,7.25,0.65
3.0,2.5,2670,47480,2.0,0,3,3,0,33,1,1,632047.53125,597260.8888888889,762.8571428571429,17.782771535580526,5.5,0.625
4.0,2.5,1980,5909,2.0,0,0,3,0,11,0,11,306368.0406504065,289447.0487804878,565.7142857142857,2.9843434343434345,6.5,0.5
2.0,1.0,740,5995,1.0,0,0,4,0,65,1,29,583475.1987418453,378450.7192982456,370.0,8.10135135135135,3.0,0.3333333333333333
3.0,1.75,2050,3520,1.0,0,0,4,980,37,0,37,570223.1185050136,483946.96794871794,745.4545454545455,1.7170731707317073,4.75,0.4375
3.0,1.75,1230,7500,1.0,0,0,3,0,27,1,14,655071.1991869919,514387.5806451613,447.27272727272725,6.097560975609756,4.75,0.4375
3.0,2.5,1210,1420,3.0,0,0,3,0,6,0,6,576183.7791741472,581484.52,345.7142857142857,1.1735537190082646,5.5,0.625
3.0,2.25,1890,7200,1.0,0,0,4,660,41,0,41,576183.7791741472,460224.62686567166,581.5384615384615,3.8095238095238093,5.25,0.5625
2.0,2.0,1870,6275,1.0,0,0,3,0,11,0,11,667110.3374233128,692946.9841269841,623.3333333333334,3.355614973262032,4.0,0.6666666666666666
3.0,1.75,1330,6301,1.0,0,0,3,0,16,1,8,294280.725,238853.55172413794,483.6363636363636,4.737593984962406,4.75,0.4375
3.0,2.0,1590,35988,1.0,0,0,4,0,40,0,40,379453.5624401914,351241.91041666665,530.0,22.633962264150945,5.0,0.5
3.0,1.75,1710,10800,1.0,0,0,4,0,56,1,42,466376.511627907,466376.511627907,621.8181818181819,6.315789473684211,4.75,0.4375
2.0,1.0,1200,9000,1.0,0,2,5,0,97,0,97,311057.8333333333,313968.0571428572,600.0,7.5,3.0,0.3333333333333333
2.0,1.0,1140,5100,1.0,0,0,3,0,72,1,15,583475.1987418453,559590.6666666666,570.0,4.473684210526316,3.0,0.3333333333333333
3.0,1.75,2240,8153,1.0,0,0,3,1120,66,1,20,574543.2427470535,443537.9032258064,814.5454545454545,3.639732142857143,4.75,0.4375
2.0,1.0,920,6600,1.0,0,0,3,0,95,1,11,574543.2427470535,445100.0,460.0,7.173913043478261,3.0,0.3333333333333333
2.0,1.0,800,5000,1.0,0,0,3,0,108,1,0,576183.7791741472,601203.7209302326,400.0,6.25,3.0,0.3333333333333333
4.0,2.75,1980,11443,1.0,0,0,5,0,62,1,16,473692.0,384471.0,528.0,5.77929292929293,6.75,0.55
4.0,2.5,2800,12831,2.0,0,0,3,0,13,0,13,413841.8,413841.8,800.0,4.5825,6.5,0.5
3.0,2.25,1680,35127,2.0,0,0,3,0,27,1,14,294280.725,357244.34545454546,516.9230769230769,20.90892857142857,5.25,0.5625
4.0,2.5,2330,9928,2.0,0,0,3,0,16,1,8,421049.06666666665,421049.06666666665,665.7142857142857,4.260944206008584,6.5,0.5
4.0,1.75,2240,9886,1.5,0,0,4,0,49,0,49,881585.4168316831,699132.2580645161,814.5454545454545,4.413392857142857,5.75,0.35
3.0,2.5,2140,8925,2.0,0,0,3,0,23,0,23,692567.8918918918,634856.3076923077,611.4285714285714,4.170560747663552,5.5,0.625
4.0,2.5,2170,14024,2.0,0,0,3,0,22,0,22,405085.29411764705,405085.29411764705,620.0,6.462672811059908,6.5,0.5
3.0,1.5,1150,8686,1.0,0,0,4,0,51,0,51,371872.2878787879,307678.125,460.0,7.55304347826087,4.5,0.375
4.0,2.5,2030,3905,1.5,0,0,4,400,88,1,21,570223.1185050136,606082.1632653062,580.0,1.9236453201970443,6.5,0.5
3.0,2.0,1350,11805,1.0,0,0,3,0,28,0,28,420666.78571428574,420666.78571428574,450.0,8.744444444444444,5.0,0.5
2.0,1.0,910,4635,1.0,0,0,4,0,109,0,109,574543.2427470535,597116.6666666666,455.0,5.093406593406593,3.0,0.3333333333333333
4.0,2.5,2700,5100,1.0,0,0,4,1260,46,0,46,576183.7791741472,509155.26219512196,771.4285714285714,1.8888888888888888,6.5,0.5
4.0,3.5,3730,15029,2.0,0,2,3,1290,23,0,23,302187.765625,313686.0298507463,828.8888888888889,4.029222520107239,7.5,0.7
4.0,2.5,2740,16007,2.0,0,0,3,0,30,0,30,2397393.75,2397393.75,782.8571428571429,5.841970802919708,6.5,0.5
4.0,3.25,2050,5000,2.0,0,0,4,680,27,0,27,574543.2427470535,1017813.976744186,482.3529411764706,2.4390243902439024,7.25,0.65
4.0,3.0,2390,4500,2.0,0,0,3,0,40,0,40,376968.54547619045,308311.1111111111,597.5,1.8828451882845187,7.0,0.6
4.0,2.75,1990,7252,1.0,0,0,3,720,15,0,15,308362.248,225450.1,530.6666666666666,3.644221105527638,6.75,0.55
4.0,1.75,1300,21000,1.0,0,0,4,0,45,0,45,294129.8971962617,248072.46153846153,472.72727272727275,16.153846153846153,5.75,0.35
3.0,1.0,1330,8912,1.0,0,0,3,0,66,1,20,257737.16,283935.7368421053,665.0,6.700751879699248,4.0,0.25
2.0,1.0,1000,31505,1.0,0,0,3,0,54,1,2,420657.71428571426,420657.71428571426,500.0,31.505,3.0,0.3333333333333333
4.0,2.75,2190,14937,2.0,0,0,3,0,21,0,21,308362.248,266959.525,584.0,6.82054794520548,6.75,0.55
3.0,1.75,1380,3402,1.5,0,0,3,0,114,1,14,574543.2427470535,579453.76,501.8181818181818,2.465217391304348,4.75,0.4375
4.0,2.5,2610,33206,2.0,0,0,3,0,26,1,14,662070.8855421686,692332.75,745.7142857142857,12.722605363984675,6.5,0.5
2.0,1.75,1060,1241,2.0,0,0,3,100,6,0,6,570223.1185050136,617994.1355932204,385.45454545454544,1.170754716981132,3.75,0.5833333333333334
2.0,1.0,710,1136,2.0,0,0,4,0,71,0,71,576183.7791741472,797525.2941176471,355.0,1.6,3.0,0.3333333333333333
4.0,2.5,2730,4800,1.5,0,0,5,500,105,1,26,570223.1185050136,891559.6774193548,780.0,1.7582417582417582,6.5,0.5
4.0,1.75,2470,131790,2.0,0,2,3,0,77,1,15,476616.0,476616.0,898.1818181818181,53.35627530364373,5.75,0.35
3.0,1.75,1760,10780,1.0,0,0,3,0,37,1,10,847974.924611399,752347.2222222222,640.0,6.125,4.75,0.4375
3.0,2.5,1530,3464,2.0,0,0,3,0,16,1,8,854623.3027093596,673630.7692307692,437.14285714285717,2.2640522875816993,5.5,0.625
2.0,1.75,1610,158558,1.5,0,0,2,0,66,0,66,533938.304347826,533938.304347826,585.4545454545455,98.4832298136646,3.75,0.5833333333333334
2.0,2.0,1030,21712,1.0,0,0,4,0,76,0,76,574543.2427470535,270748.24,343.3333333333333,21.079611650485436,4.0,0.6666666666666666
4.0,2.5,2800,246114,2.0,0,0,3,0,15,0,15,465467.35714285716,465467.35714285716,800.0,87.89785714285715,6.5,0.5
3.0,2.0,1310,2550,1.0,0,0,3,530,28,0,28,574543.2427470535,602889.9619047618,436.6666666666667,1.9465648854961832,5.0,0.5
4.0,2.25,3160,34560,1.0,0,0,4,0,33,0,33,612917.84375,554207.5555555555,972.3076923076923,10.936708860759493,6.25,0.45
3.0,3.0,2500,8304,2.0,0,0,3,0,17,0,17,298517.84,279734.9791666667,625.0,3.3216,6.0,0.75
3.0,1.5,2070,5386,1.0,0,0,4,930,66,0,66,573185.0026954178,566123.421875,828.0,2.6019323671497583,4.5,0.375
4.0,1.75,1980,9000,1.0,0,0,2,500,36,0,36,298547.1904761905,296686.537037037,720.0,4.545454545454546,5.75,0.35
3.0,2.5,2590,7237,2.0,0,0,3,0,10,1,11,583475.1987418453,455981.53846153844,740.0,2.7942084942084944,5.5,0.625
4.0,1.0,1910,16320,1.5,0,0,3,0,80,1,36,574543.2427470535,305084.0425531915,955.0,8.544502617801047,5.0,0.2
3.0,2.5,2630,10100,1.0,0,0,4,1050,47,0,47,847974.924611399,802442.5981012658,751.4285714285714,3.840304182509506,5.5,0.625
3.0,2.5,2630,77972,2.0,0,0,3,0,10,1,11,413841.8,413841.8,751.4285714285714,29.647148288973384,5.5,0.625
3.0,2.5,1960,4400,2.0,0,0,3,0,8,0,8,533938.304347826,533938.304347826,560.0,2.2448979591836733,5.5,0.625
3.0,1.75,1440,45302,2.0,0,0,3,0,37,1,10,420648.1666666667,420648.1666666667,523.6363636363636,31.459722222222222,4.75,0.4375
3.0,1.75,2210,16200,1.0,0,0,3,820,56,1,10,859295.1570351758,817478.5,803.6363636363636,7.330316742081448,4.75,0.4375
4.0,2.5,2350,63162,2.0,0,0,4,0,20,0,20,632047.53125,676773.2142857143,671.4285714285714,26.877446808510637,6.5,0.5
3.0,1.0,1590,13000,1.5,0,0,3,0,70,0,70,378731.27777777775,484335.21428571426,795.0,8.176100628930818,4.0,0.25
3.0,3.5,1500,1249,2.0,0,0,3,260,10,1,11,576183.7791741472,601203.7209302326,333.3333333333333,0.8326666666666667,6.5,0.875
3.0,2.5,1900,6224,2.0,0,0,3,0,9,0,9,692567.8918918918,761330.9019607843,542.8571428571429,3.2757894736842106,5.5,0.625
4.0,3.5,2370,3692,2.5,0,0,3,0,1,1,91,379453.5624401914,390117.4745762712,526.6666666666666,1.5578059071729957,7.5,0.7
3.0,2.5,1720,1715,2.0,0,0,3,480,10,1,11,574543.2427470535,534537.3662790698,491.42857142857144,0.997093023255814,5.5,0.625
4.0,1.5,2020,7560,1.0,0,0,4,0,54,1,13,376968.54547619045,514326.8552631579,808.0,3.742574257425743,5.5,0.3
2.0,1.5,1340,1210,2.0,0,0,3,220,6,0,6,583475.1987418453,662231.5294117647,536.0,0.9029850746268657,3.5,0.5
3.0,2.5,1800,2700,2.0,0,0,3,0,3,0,3,583475.1987418453,437527.63157894736,514.2857142857143,1.5,5.5,0.625
3.0,2.5,1480,1590,2.0,0,0,3,330,4,0,4,573185.0026954178,299231.52173913043,422.85714285714283,1.0743243243243243,5.5,0.625
4.0,2.0,2750,7807,1.5,0,0,5,500,98,0,98,570223.1185050136,468929.3650793651,916.6666666666666,2.838909090909091,6.0,0.4
5.0,4.0,3760,28040,2.0,0,0,3,0,31,1,5,665473.701171875,817309.8975409836,752.0,7.457446808510638,9.0,0.6666666666666666
3.0,2.75,2540,4694,2.0,0,0,3,0,9,0,9,701918.4194214876,631683.0588235294,677.3333333333334,1.8480314960629922,5.75,0.6875
3.0,1.75,1760,26055,1.0,0,0,3,840,35,1,0,331482.7586206897,336132.38095238095,640.0,14.803977272727273,4.75,0.4375
3.0,2.5,3000,25341,2.0,0,0,3,0,19,0,19,659713.198757764,701241.5652173914,857.1428571428571,8.447,5.5,0.625
4.0,2.5,1930,9643,2.0,0,0,4,0,22,0,22,301453.96774193546,288301.54901960783,551.4285714285714,4.996373056994819,6.5,0.5
4.0,2.5,3040,7000,2.0,0,0,3,0,13,0,13,1157220.9705882352,1157220.9705882352,868.5714285714286,2.3026315789473686,6.5,0.5
2.0,1.0,860,3880,1.0,0,0,4,0,98,0,98,576183.7791741472,552908.4521276596,430.0,4.511627906976744,3.0,0.3333333333333333
3.0,1.75,1420,7650,1.0,0,0,4,320,30,0,30,379453.5624401914,390117.4745762712,516.3636363636364,5.387323943661972,4.75,0.4375
3.0,2.0,2080,3880,1.0,0,0,5,920,60,0,60,583475.1987418453,552240.609375,693.3333333333334,1.8653846153846154,5.0,0.5
3.0,2.5,1560,4200,2.0,0,0,3,0,11,0,11,345402.7394736842,345402.7394736842,445.7142857142857,2.6923076923076925,5.5,0.625
4.0,2.5,1960,7133,2.0,0,0,3,0,12,0,12,379453.5624401914,390117.4745762712,560.0,3.6392857142857142,6.5,0.5
3.0,2.25,1620,4500,2.0,0,0,4,0,88,1,21,583475.1987418453,901820.6896551724,498.46153846153845,2.7777777777777777,5.25,0.5625
5.0,3.0,3670,10583,1.0,0,0,5,1610,62,1,16,461754.1666666667,377329.25409836066,917.5,2.883651226158038,8.0,0.5
6.0,1.5,1930,8400,1.0,0,0,3,900,43,0,43,359824.2021276596,373425.72222222225,772.0,4.352331606217617,7.5,0.21428571428571427
3.0,1.5,1290,1286,3.0,0,0,3,0,14,0,14,570223.1185050136,606082.1632653062,516.0,0.9968992248062015,4.5,0.375
5.0,2.25,1970,15247,1.0,0,0,3,520,28,0,28,894214.2857142857,894214.2857142857,606.1538461538462,7.739593908629441,7.25,0.375
3.0,1.75,1540,6909,1.0,0,0,4,620,59,1,5,402504.4879518072,381644.5188679245,560.0,4.486363636363636,4.75,0.4375
4.0,2.0,2180,3870,1.0,0,0,3,1160,114,1,9,570223.1185050136,577744.32,726.6666666666666,1.775229357798165,6.0,0.4
2.0,1.75,1490,224334,1.0,0,2,3,0,31,1,5,306983.0317460318,361680.06451612903,541.8181818181819,150.55973154362417,3.75,0.5833333333333334
3.0,2.0,2220,10275,2.0,0,0,3,580,34,0,34,609064.7603305785,593956.5636363636,740.0,4.628378378378378,5.0,0.5
3.0,1.75,2430,9133,1.0,0,0,4,1020,36,1,14,377807.7863636364,523649.19402985077,883.6363636363636,3.7584362139917697,4.75,0.4375
2.0,0.75,1392,43710,1.5,0,0,4,0,36,1,14,488457.5,488457.5,795.4285714285714,31.400862068965516,2.75,0.25
4.0,1.0,1120,2685,1.0,0,0,3,260,75,1,45,377807.7863636364,369614.28571428574,560.0,2.3973214285714284,5.0,0.2
4.0,1.0,1390,10800,1.5,0,0,4,0,73,1,16,583475.1987418453,807100.6571428571,695.0,7.76978417266187,5.0,0.2
3.0,1.75,2040,7281,1.0,0,0,3,1020,52,1,11,338981.5238095238,266966.6,741.8181818181819,3.5691176470588237,4.75,0.4375
5.0,3.0,2830,7500,2.0,0,0,3,370,91,1,16,583475.1987418453,930145.0333333333,707.5,2.65017667844523,8.0,0.5
4.0,2.5,3020,8302,2.0,0,0,4,0,20,0,20,306341.6666666667,326180.80597014923,862.8571428571429,2.749006622516556,6.5,0.5
3.0,1.75,2290,14800,1.0,0,0,3,670,49,1,21,478061.90476190473,381644.5188679245,832.7272727272727,6.462882096069869,4.75,0.4375
4.0,2.0,1210,11100,1.0,0,0,4,0,59,1,5,881585.4168316831,809289.1351351351,403.3333333333333,9.173553719008265,6.0,0.4
3.0,2.5,2510,6320,2.0,0,0,3,0,18,0,18,704425.8029661017,793072.1490384615,717.1428571428571,2.5179282868525896,5.5,0.625
4.0,1.75,2320,4322,1.0,0,0,3,1180,104,1,8,574543.2427470535,551327.925925926,843.6363636363636,1.8629310344827585,5.75,0.35
3.0,1.0,970,6600,1.0,0,0,3,0,49,1,21,372098.1818181818,275526.7755102041,485.0,6.804123711340206,4.0,0.25
3.0,1.75,1820,5500,1.0,0,0,4,200,57,1,13,573185.0026954178,594233.6460674157,661.8181818181819,3.021978021978022,4.75,0.4375
3.0,1.0,970,7742,1.0,0,0,4,0,47,0,47,298547.1904761905,300771.1538461539,485.0,7.981443298969072,4.0,0.25
2.0,1.0,1740,3622,1.0,0,0,4,790,90,0,90,573185.0026954178,458276.3157894737,870.0,2.081609195402299,3.0,0.3333333333333333
3.0,1.75,1590,7560,1.0,0,0,3,460,30,0,30,306368.0406504065,289447.0487804878,578.1818181818181,4.754716981132075,4.75,0.4375
2.0,1.0,1380,5000,1.0,0,0,3,510,71,1,12,574543.2427470535,353735.36363636365,690.0,3.6231884057971016,3.0,0.3333333333333333
4.0,1.5,1680,11123,1.0,0,0,3,550,55,1,25,423979.98295454547,754622.6341463415,672.0,6.620833333333334,5.5,0.3
2.0,1.0,1220,3000,1.0,0,0,3,300,88,1,11,574543.2427470535,566680.5729166666,610.0,2.459016393442623,3.0,0.3333333333333333
2.0,2.0,1651,18200,1.0,0,0,3,0,68,0,68,488882.5,488882.5,550.3333333333334,11.023622047244094,4.0,0.6666666666666666
3.0,1.75,1330,9200,1.0,0,0,4,0,41,0,41,294280.725,357244.34545454546,483.6363636363636,6.917293233082707,4.75,0.4375
3.0,3.0,2940,4622,2.0,0,0,4,710,26,0,26,573185.0026954178,929461.7,735.0,1.5721088435374149,6.0,0.75
3.0,3.25,1410,1246,3.0,0,0,3,0,9,0,9,576183.7791741472,581484.52,331.7647058823529,0.8836879432624114,6.25,0.8125
2.0,1.0,1100,3598,1.0,0,0,4,0,88,1,21,570223.1185050136,617994.1355932204,550.0,3.270909090909091,3.0,0.3333333333333333
3.0,1.5,1530,7200,1.0,0,0,3,0,39,0,39,472577.77777777775,386772.68253968254,612.0,4.705882352941177,4.5,0.375
5.0,3.25,5270,17232,2.0,0,1,3,1260,37,1,11,1182030.1090909091,1182030.1090909091,1240.0,3.2698292220113854,8.25,0.5416666666666666
3.0,2.0,2110,5150,1.0,0,0,5,1030,95,1,80,583475.1987418453,451032.07547169813,703.3333333333334,2.440758293838863,5.0,0.5
4.0,1.75,1720,8750,1.0,0,0,3,860,43,0,43,661873.9341085271,490319.85294117645,625.4545454545455,5.087209302325581,5.75,0.35
3.0,2.5,1800,5001,2.0,0,0,3,0,18,0,18,665473.701171875,527234.776119403,514.2857142857143,2.7783333333333333,5.5,0.625
4.0,2.5,2210,9427,2.0,0,0,3,0,15,0,15,372098.1818181818,309513.63636363635,631.4285714285714,4.265610859728507,6.5,0.5
4.0,2.25,2560,9731,2.0,0,0,4,0,41,0,41,654481.2884615385,520942.46376811597,787.6923076923077,3.801171875,6.25,0.45
2.0,1.5,1010,7719,2.0,0,0,3,0,33,1,1,371872.2878787879,392019.0338983051,404.0,7.642574257425743,3.5,0.5
4.0,2.5,3340,12248,2.0,0,1,3,870,16,1,8,574543.2427470535,423128.77358490566,954.2857142857143,3.667065868263473,6.5,0.5
4.0,1.0,1740,11075,1.5,0,0,3,0,49,1,21,420507.6153846154,382840.9275362319,870.0,6.364942528735632,5.0,0.2
3.0,2.0,1320,7200,1.0,0,0,5,0,39,0,39,301453.96774193546,288301.54901960783,440.0,5.454545454545454,5.0,0.5
3.0,1.75,1520,8625,1.0,0,0,3,0,38,0,38,487024.75,487024.75,552.7272727272727,5.6743421052631575,4.75,0.4375
3.0,1.5,2010,9480,1.0,0,0,3,440,63,1,20,570223.1185050136,468929.3650793651,804.0,4.7164179104477615,4.5,0.375
3.0,3.5,2440,3427,2.0,0,0,3,450,14,0,14,854623.3027093596,800098.3181818182,542.2222222222222,1.4045081967213116,6.5,0.875
5.0,2.5,2550,20875,1.0,0,0,4,940,61,1,31,854623.3027093596,1326856.5666666667,728.5714285714286,8.186274509803921,7.5,0.4166666666666667
3.0,1.0,1010,9450,1.0,0,0,4,0,55,0,55,307819.2631578947,306565.7297297297,505.0,9.356435643564357,4.0,0.25
3.0,2.5,1780,6771,1.0,0,0,3,550,24,1,5,574543.2427470535,305084.0425531915,508.57142857142856,3.803932584269663,5.5,0.625
3.0,2.0,2180,4976,1.5,0,2,4,500,84,0,84,574543.2427470535,423128.77358490566,726.6666666666666,2.2825688073394494,5.0,0.5
5.0,3.25,2750,7500,2.0,0,1,3,600,77,1,17,665473.701171875,817309.8975409836,647.0588235294117,2.727272727272727,8.25,0.5416666666666666
4.0,3.25,3490,7024,2.0,0,0,3,0,8,0,8,692567.8918918918,761330.9019607843,821.1764705882352,2.0126074498567337,7.25,0.65
3.0,2.5,2550,45254,2.0,0,0,3,0,13,0,13,664018.5575757576,696975.4117647059,728.5714285714286,17.746666666666666,5.5,0.625
3.0,1.75,1870,7189,1.0,0,0,3,600,55,1,25,583475.1987418453,451032.07547169813,680.0,3.844385026737968,4.75,0.4375
4.0,1.0,1150,8184,1.5,0,0,3,0,67,1,2,423979.98295454547,377329.25409836066,575.0,7.116521739130435,5.0,0.2
3.0,1.75,2050,11856,1.0,0,0,3,590,52,1,11,881585.4168316831,809289.1351351351,745.4545454545455,5.783414634146341,4.75,0.4375
4.0,2.75,1940,6555,2.0,0,0,3,0,24,1,5,339556.4805970149,339556.4805970149,517.3333333333334,3.3788659793814433,6.75,0.55
5.0,3.75,3630,6000,1.5,0,0,3,1160,10,1,11,655071.1991869919,798061.106557377,764.2105263157895,1.6528925619834711,8.75,0.625
3.0,1.75,1890,9100,2.0,0,0,4,0,62,0,62,428665.7159090909,382164.4375,687.2727272727273,4.814814814814815,4.75,0.4375
4.0,2.0,1630,10375,1.0,0,0,5,0,46,0,46,612917.84375,688402.5,543.3333333333334,6.365030674846626,6.0,0.4
4.0,1.75,2440,5000,1.0,0,0,3,1100,60,1,9,570223.1185050136,586761.8313953489,887.2727272727273,2.0491803278688523,5.75,0.35
5.0,2.75,3100,9825,2.0,0,2,4,0,64,1,32,574543.2427470535,443537.9032258064,826.6666666666666,3.1693548387096775,7.75,0.4583333333333333
3.0,2.5,2090,6045,2.0,0,0,3,0,14,0,14,376968.54547619045,400873.7868852459,597.1428571428571,2.8923444976076556,5.5,0.625
3.0,1.0,920,9812,1.0,0,0,4,0,52,0,52,308362.248,266959.525,460.0,10.665217391304347,4.0,0.25
3.0,1.0,1580,5000,1.5,0,0,3,0,88,1,11,576183.7791741472,552908.4521276596,790.0,3.1645569620253164,4.0,0.25
3.0,1.75,1760,8400,1.0,0,0,4,300,54,1,13,570223.1185050136,483946.96794871794,640.0,4.7727272727272725,4.75,0.4375
4.0,2.5,2530,7563,1.0,0,0,3,1090,36,0,36,489242.0238095238,489242.0238095238,722.8571428571429,2.9893280632411066,6.5,0.5
4.0,2.75,2490,9714,1.0,0,0,4,1090,31,0,31,487024.75,487024.75,664.0,3.9012048192771083,6.75,0.55
4.0,4.5,3870,35889,2.0,0,0,3,1340,13,0,13,602238.7424242424,586241.8196721311,703.6363636363636,9.273643410852713,8.5,0.9
5.0,2.5,2732,9500,1.0,0,2,4,862,39,0,39,291133.71153846156,302512.97297297296,780.5714285714286,3.4773060029282576,7.5,0.4166666666666667
5.0,3.25,3230,3825,2.0,0,0,3,750,0,0,0,570223.1185050136,586761.8313953489,760.0,1.1842105263157894,8.25,0.5416666666666666
6.0,3.75,2930,14980,2.0,0,3,3,0,1,1,91,859215.5687192117,827419.403125,616.8421052631579,5.112627986348123,9.75,0.5357142857142857
4.0,3.5,3510,9364,2.0,0,0,3,0,13,0,13,547301.5576923077,547301.5576923077,780.0,2.667806267806268,7.5,0.7
4.0,2.5,2580,3909,2.0,0,0,3,0,1,1,91,661873.9341085271,853114.5491803279,737.1428571428571,1.5151162790697674,6.5,0.5
2.0,2.25,1060,1208,2.0,0,0,3,120,9,0,9,583475.1987418453,666692.0,326.15384615384613,1.139622641509434,4.25,0.75
4.0,2.75,2790,8853,2.0,0,0,3,0,1,1,91,406146.40625,406146.40625,744.0,3.1731182795698927,6.75,0.55
4.0,2.5,2009,5000,2.0,0,0,3,0,0,0,0,306983.0317460318,361680.06451612903,574.0,2.4888003982080638,6.5,0.5
5.0,2.75,2880,8364,2.0,0,0,3,0,8,0,8,370580.66352040815,502494.4029850746,768.0,2.904166666666667,7.75,0.4583333333333333
2.0,1.0,710,1157,2.0,0,0,4,0,71,0,71,570223.1185050136,739973.5294117647,355.0,1.6295774647887324,3.0,0.3333333333333333
3.0,2.5,2070,13241,1.5,0,0,5,800,104,0,104,570223.1185050136,739973.5294117647,591.4285714285714,6.396618357487923,5.5,0.625
3.0,2.0,1370,8336,1.0,0,0,5,0,50,0,50,433780.94444444444,378450.7192982456,456.6666666666667,6.084671532846715,5.0,0.5
3.0,1.75,1730,8400,1.0,0,0,4,330,34,0,34,664524.1592356688,661440.7894736842,629.0909090909091,4.855491329479769,4.75,0.4375
4.0,2.0,1680,5000,1.0,0,0,3,700,64,1,9,570223.1185050136,610774.3578947368,560.0,2.9761904761904763,6.0,0.4
2.0,1.0,1350,10096,1.0,0,2,4,0,62,0,62,405031.2631578947,405031.2631578947,675.0,7.478518518518518,3.0,0.3333333333333333
5.0,1.5,1510,9078,1.0,0,0,4,0,55,0,55,260515.44444444444,232418.88888888888,604.0,6.0119205298013245,6.5,0.25
3.0,2.5,1860,6607,2.0,0,0,3,0,25,0,25,290510.51923076925,287434.2,531.4285714285714,3.5521505376344087,5.5,0.625
6.0,5.0,3440,4500,2.0,0,0,3,160,7,0,7,370580.66352040815,243071.42857142858,573.3333333333334,1.308139534883721,11.0,0.7142857142857143
6.0,3.0,4250,4400,2.5,0,0,4,1230,112,0,112,576183.7791741472,413719.29824561405,1062.5,1.035294117647059,9.0,0.42857142857142855
2.0,1.0,860,3874,1.0,0,0,4,0,83,0,83,370580.66352040815,243071.42857142858,430.0,4.504651162790697,3.0,0.3333333333333333
2.0,1.75,1640,4080,1.0,0,0,3,800,93,1,14,570223.1185050136,896874.1724137932,596.3636363636364,2.4878048780487805,3.75,0.5833333333333334
2.0,1.5,1295,1093,2.0,0,0,3,190,7,0,7,574543.2427470535,579453.76,518.0,0.844015444015444,3.5,0.5
3.0,1.75,1790,27427,1.0,0,0,3,660,36,0,36,573991.6862745098,573991.6862745098,650.9090909090909,15.322346368715083,4.75,0.4375
3.0,1.5,2210,6300,1.5,0,0,5,0,98,0,98,576183.7791741472,619323.25,884.0,2.8506787330316743,4.5,0.375
3.0,1.0,940,10368,1.0,0,0,3,0,49,1,21,667110.3374233128,649564.5408163265,470.0,11.029787234042553,4.0,0.25
3.0,1.5,1160,8906,1.0,0,0,3,0,52,1,11,574543.2427470535,445100.0,464.0,7.677586206896552,4.5,0.375
3.0,2.5,1990,3984,2.0,0,0,3,0,10,1,11,704425.8029661017,793072.1490384615,568.5714285714286,2.0020100502512563,5.5,0.625
3.0,1.0,1050,6300,1.0,0,0,3,0,72,1,15,583475.1987418453,371058.47297297296,525.0,6.0,4.0,0.25
2.0,1.0,1030,5750,1.0,0,0,5,0,86,1,44,570223.1185050136,629754.88,515.0,5.58252427184466,3.0,0.3333333333333333
3.0,2.5,1420,2581,3.0,0,0,3,0,10,1,11,570223.1185050136,382164.4375,405.7142857142857,1.8176056338028168,5.5,0.625
4.0,3.75,2690,4000,2.0,0,3,4,570,105,1,25,583475.1987418453,901820.6896551724,566.3157894736842,1.486988847583643,7.75,0.75
4.0,2.5,3760,29224,2.0,0,0,3,0,27,1,14,664524.1592356688,661440.7894736842,1074.2857142857142,7.772340425531915,6.5,0.5
2.0,1.0,700,4700,1.0,0,0,5,0,61,0,61,371872.2878787879,392019.0338983051,350.0,6.714285714285714,3.0,0.3333333333333333
5.0,3.5,2100,5107,2.0,0,0,3,690,15,0,15,570223.1185050136,282229.9568965517,466.6666666666667,2.431904761904762,8.5,0.5833333333333334
4.0,2.75,2240,27820,1.5,0,0,4,0,38,1,22,704425.8029661017,793072.1490384615,597.3333333333334,12.419642857142858,6.75,0.55
4.0,2.5,3470,32109,2.0,0,0,3,0,19,0,19,602057.1753246753,636714.1129032258,991.4285714285714,9.253314121037464,6.5,0.5
3.0,2.5,3370,19585,2.0,0,0,3,170,63,1,20,420507.6153846154,382840.9275362319,962.8571428571429,5.811572700296736,5.5,0.625
4.0,2.5,2790,230868,2.0,0,0,3,0,25,0,25,602057.1753246753,636714.1129032258,797.1428571428571,82.7483870967742,6.5,0.5
3.0,2.5,1870,4060,2.0,0,0,3,0,9,0,9,306368.0406504065,331194.18666666665,534.2857142857143,2.171122994652406,5.5,0.625
3.0,1.75,1520,15090,1.0,0,0,4,0,46,0,46,341878.1945205479,341878.1945205479,552.7272727272727,9.927631578947368,4.75,0.4375
1.0,1.75,750,20339,1.0,0,0,4,200,68,1,25,377807.7863636364,523649.19402985077,272.72727272727275,27.118666666666666,2.75,0.875
3.0,1.5,1460,11407,1.0,0,0,3,0,60,1,9,461754.1666666667,377329.25409836066,584.0,7.813013698630137,4.5,0.375
3.0,2.5,2600,7465,2.0,0,0,3,0,26,1,14,477717.23214285716,477717.23214285716,742.8571428571429,2.871153846153846,5.5,0.625
4.0,2.5,3320,11901,2.0,0,0,5,670,37,0,37,859215.5687192117,827419.403125,948.5714285714286,3.5846385542168675,6.5,0.5
5.0,2.5,2340,6000,2.0,0,0,4,0,92,0,92,583475.1987418453,662231.5294117647,668.5714285714286,2.5641025641025643,7.5,0.4166666666666667
3.0,1.0,890,7200,1.0,0,0,3,0,63,1,20,576183.7791741472,460224.62686567166,445.0,8.089887640449438,4.0,0.25
3.0,1.75,1720,5899,1.0,0,1,3,500,28,0,28,573185.0026954178,531402.2828947369,625.4545454545455,3.4296511627906976,4.75,0.4375
3.0,1.5,1270,1318,2.0,0,0,3,190,10,1,11,583475.1987418453,788787.2272727273,508.0,1.0377952755905513,4.5,0.375
4.0,2.5,2180,7203,2.0,0,0,4,0,25,0,25,379453.5624401914,504551.94666666666,622.8571428571429,3.3041284403669726,6.5,0.5
4.0,2.25,2030,13500,1.0,0,0,3,800,51,1,6,371872.2878787879,510118.0,624.6153846153846,6.650246305418719,6.25,0.45
4.0,2.75,2490,17833,2.0,0,2,3,1000,35,1,0,573185.0026954178,452594.44444444444,664.0,7.161847389558233,6.75,0.55
4.0,1.75,1470,5350,1.0,0,0,3,490,59,1,9,574543.2427470535,443537.9032258064,534.5454545454545,3.639455782312925,5.75,0.35
3.0,2.75,2500,7378,1.0,0,0,5,1110,66,1,29,573185.0026954178,756218.7948717949,666.6666666666666,2.9512,5.75,0.6875
3.0,3.5,4500,21870,2.0,0,0,3,0,10,1,11,294280.725,357244.34545454546,1000.0,4.86,6.5,0.875
3.0,3.25,1460,1592,2.0,0,0,3,330,8,0,8,574543.2427470535,423128.77358490566,343.52941176470586,1.0904109589041096,6.25,0.8125
1.0,1.0,620,8261,1.0,0,0,3,0,75,1,45,573185.0026954178,299231.52173913043,310.0,13.324193548387097,2.0,0.5
3.0,1.75,1550,3680,1.0,0,0,3,500,87,1,3,573185.0026954178,566123.421875,563.6363636363636,2.3741935483870966,4.75,0.4375
3.0,2.5,1430,1002,3.0,0,0,3,0,12,0,12,576183.7791741472,581484.52,408.57142857142856,0.7006993006993008,5.5,0.625
3.0,1.5,1360,9760,1.5,0,0,5,0,30,0,30,412808.4871794872,412808.4871794872,544.0,7.176470588235294,4.5,0.375
3.0,2.5,2210,7557,2.0,0,0,3,0,25,0,25,298547.1904761905,296686.537037037,631.4285714285714,3.4194570135746605,5.5,0.625
4.0,1.75,2460,5100,1.5,0,0,5,1010,105,1,26,570223.1185050136,610774.3578947368,894.5454545454545,2.073170731707317,5.75,0.35
3.0,2.5,2180,15693,1.0,0,0,4,330,35,0,35,701918.4194214876,784592.5133928572,622.8571428571429,7.198623853211009,5.5,0.625
3.0,1.75,1570,4875,1.0,0,0,4,260,37,0,37,306341.6666666667,326180.80597014923,570.9090909090909,3.105095541401274,4.75,0.4375
4.0,2.75,4140,24190,2.0,0,0,3,0,12,0,12,294280.725,357244.34545454546,1104.0,5.842995169082125,6.75,0.55
3.0,1.0,1140,5500,1.5,0,0,4,0,106,0,106,570223.1185050136,731861.7619047619,570.0,4.824561403508772,4.0,0.25
5.0,6.25,8670,64033,2.0,0,4,3,2550,49,1,11,570223.1185050136,653322.2432432432,1195.8620689655172,7.38558246828143,11.25,1.0416666666666667
2.0,1.0,800,15000,1.0,0,0,3,0,87,1,3,576183.7791741472,276613.06976744183,400.0,18.75,3.0,0.3333333333333333
4.0,2.75,2414,7693,2.0,0,0,3,0,8,0,8,297123.8925619835,220484.78260869565,643.7333333333333,3.1868268434134217,6.75,0.55
3.0,1.0,1160,8813,1.0,0,0,3,0,62,1,6,573185.0026954178,452594.44444444444,580.0,7.597413793103448,4.0,0.25
4.0,2.5,3170,10688,2.0,0,2,3,0,13,0,13,306983.0317460318,273470.65789473685,905.7142857142857,3.371608832807571,6.5,0.5
5.0,3.5,4210,17258,2.0,0,3,3,0,19,0,19,854623.3027093596,833646.4126506024,935.5555555555555,4.099287410926366,8.5,0.5833333333333334
3.0,2.0,2060,4437,1.0,0,0,3,1030,85,0,85,570223.1185050136,415307.3275862069,686.6666666666666,2.153883495145631,5.0,0.5
3.0,2.0,1640,7201,1.0,0,0,3,0,66,1,20,583475.1987418453,455981.53846153844,546.6666666666666,4.390853658536585,5.0,0.5
2.0,1.0,720,6686,1.0,0,0,3,0,72,1,15,573185.0026954178,566123.421875,360.0,9.286111111111111,3.0,0.3333333333333333
4.0,1.0,1860,4736,1.5,0,0,1,0,113,0,113,583475.1987418453,1042056.6226415094,930.0,2.546236559139785,5.0,0.2
4.0,2.5,2810,10986,2.0,0,0,3,0,17,0,17,712166.302173913,775557.8101851852,802.8571428571429,3.9096085409252668,6.5,0.5
4.0,2.5,2090,9702,1.0,0,0,5,770,49,0,49,433780.94444444444,378450.7192982456,597.1428571428571,4.6421052631578945,6.5,0.5
4.0,2.5,3280,6181,2.0,0,0,3,0,13,0,13,704425.8029661017,632657.0428571429,937.1428571428571,1.8844512195121952,6.5,0.5
4.0,2.0,2090,3610,1.5,0,0,5,300,87,0,87,576183.7791741472,610943.3953488372,696.6666666666666,1.7272727272727273,6.0,0.4
3.0,1.75,2430,14607,1.0,0,1,3,1200,65,1,44,1223622.0,1223622.0,883.6363636363636,6.011111111111111,4.75,0.4375
5.0,2.25,2520,49222,2.0,0,0,4,0,36,1,14,609064.7603305785,593956.5636363636,775.3846153846154,19.53253968253968,7.25,0.375
5.0,3.0,2510,4125,1.5,0,3,5,920,89,0,89,576183.7791741472,619323.25,627.5,1.6434262948207172,8.0,0.5
4.0,2.75,3370,6675,1.0,0,3,4,1450,66,0,66,574543.2427470535,551327.925925926,898.6666666666666,1.9807121661721068,6.75,0.55
3.0,2.0,1640,5280,1.5,0,0,5,0,104,0,104,289521.22794117645,230185.82142857142,546.6666666666666,3.2195121951219514,5.0,0.5
3.0,2.5,2250,7294,2.0,0,0,3,0,20,0,20,297123.8925619835,363214.4727272727,642.8571428571429,3.2417777777777776,5.5,0.625
4.0,2.5,2300,19250,1.0,0,0,4,0,59,1,5,421049.06666666665,421049.06666666665,657.1428571428571,8.369565217391305,6.5,0.5
3.0,3.5,1650,2262,3.0,0,0,3,0,4,0,4,573185.0026954178,576457.3465346535,366.6666666666667,1.3709090909090909,6.5,0.875
2.0,1.0,710,1131,2.0,0,0,4,0,71,0,71,576183.7791741472,797525.2941176471,355.0,1.5929577464788733,3.0,0.3333333333333333
4.0,3.5,2550,8698,2.0,0,0,3,0,7,0,7,533938.304347826,533938.304347826,566.6666666666666,3.410980392156863,7.5,0.7
2.0,1.5,982,846,2.0,0,0,3,176,8,0,8,570223.1185050136,382164.4375,392.8,0.8615071283095723,3.5,0.5
3.0,2.25,1630,2520,2.0,0,0,3,0,9,0,9,589927.1679389313,617858.71875,501.53846153846155,1.5460122699386503,5.25,0.5625
4.0,2.5,2550,4500,2.0,0,0,3,0,5,0,5,371872.2878787879,510118.0,728.5714285714286,1.7647058823529411,6.5,0.5
2.0,1.25,1240,2150,2.0,0,0,3,0,0,0,0,576183.7791741472,552908.4521276596,551.1111111111111,1.7338709677419355,3.25,0.4166666666666667
3.0,2.5,2456,7566,2.0,0,0,3,0,2,1,102,291133.71153846156,283302.9365079365,701.7142857142857,3.0806188925081432,5.5,0.625
5.0,2.25,3200,20158,1.0,0,0,3,1600,49,1,21,1729485.7142857143,1326856.5666666667,984.6153846153846,6.299375,7.25,0.375
3.0,3.5,3950,111078,1.5,0,0,3,1490,25,0,25,664524.1592356688,667790.3,877.7777777777778,28.121012658227848,6.5,0.875
4.0,2.25,2180,7297,2.0,0,0,3,0,30,0,30,712166.302173913,657703.171875,670.7692307692307,3.3472477064220185,6.25,0.45
4.0,2.5,3140,9225,1.0,0,2,5,1370,48,0,48,370580.66352040815,243071.42857142858,897.1428571428571,2.9378980891719744,6.5,0.5
4.0,3.75,4030,10800,2.0,0,0,3,0,8,0,8,655071.1991869919,798061.106557377,848.421052631579,2.6799007444168734,7.75,0.75
3.0,1.75,1970,7972,1.0,0,3,5,600,38,0,38,371872.2878787879,288850.0,716.3636363636364,4.046700507614213,4.75,0.4375
5.0,2.0,1940,7642,1.5,0,0,3,0,57,1,14,433780.94444444444,807100.6571428571,646.6666666666666,3.939175257731959,7.0,0.3333333333333333
5.0,4.25,4860,9453,1.5,0,1,5,1760,109,0,109,574543.2427470535,1017813.976744186,925.7142857142857,1.9450617283950618,9.25,0.7083333333333334
0.0,0.0,3064,4764,3.5,0,2,3,0,24,1,5,583475.1987418453,666692.0,3064.0,1.5548302872062663,0.0,0.0
2.0,1.0,970,5665,1.0,0,0,4,0,106,0,106,576183.7791741472,413719.29824561405,485.0,5.84020618556701,3.0,0.3333333333333333
4.0,2.25,2460,44431,1.0,0,0,4,0,57,1,13,847974.924611399,634524.0,756.9230769230769,18.06138211382114,6.25,0.45
4.0,2.5,3010,6100,2.0,0,0,3,0,9,0,9,662070.8855421686,637280.5326086957,860.0,2.026578073089701,6.5,0.5
3.0,2.0,2460,6600,1.0,0,2,4,1090,62,0,62,573185.0026954178,531402.2828947369,820.0,2.682926829268293,5.0,0.5
3.0,2.0,2080,11375,1.0,0,0,3,0,12,0,12,325113.63636363635,325113.63636363635,693.3333333333334,5.46875,5.0,0.5
4.0,3.25,3960,7012,2.0,0,0,3,0,9,0,9,707300.656504065,773933.2182539683,931.7647058823529,1.7707070707070707,7.25,0.65
4.0,2.5,2490,8124,2.0,0,0,3,0,13,0,13,306983.0317460318,361680.06451612903,711.4285714285714,3.2626506024096384,6.5,0.5
5.0,2.0,2060,6000,2.0,0,0,3,0,111,1,9,583475.1987418453,930145.0333333333,686.6666666666666,2.912621359223301,7.0,0.3333333333333333
3.0,1.0,1330,15678,1.0,0,0,3,430,30,0,30,692567.8918918918,634856.3076923077,665.0,11.78796992481203,4.0,0.25
3.0,1.75,1600,19200,1.0,0,0,4,0,47,0,47,655071.1991869919,514387.5806451613,581.8181818181819,12.0,4.75,0.4375
2.0,1.0,820,10450,1.0,0,0,4,0,49,0,49,379453.5624401914,324671.05263157893,410.0,12.74390243902439,3.0,0.3333333333333333
4.0,1.75,1200,7680,1.0,0,0,3,0,46,1,17,297123.8925619835,363214.4727272727,436.3636363636364,6.4,5.75,0.35
3.0,1.0,1050,5664,1.0,0,0,4,140,67,1,26,573185.0026954178,594233.6460674157,525.0,5.394285714285714,4.0,0.25
3.0,2.5,1910,1501,2.5,0,0,3,380,7,0,7,570223.1185050136,731861.7619047619,545.7142857142857,0.7858638743455497,5.5,0.625
3.0,1.75,1800,6000,1.0,0,0,5,900,64,0,64,423979.98295454547,377329.25409836066,654.5454545454545,3.3333333333333335,4.75,0.4375
3.0,2.25,2060,8640,1.0,0,0,4,0,48,0,48,655071.1991869919,798061.106557377,633.8461538461538,4.194174757281553,5.25,0.5625
3.0,1.75,1840,9697,1.0,0,0,4,340,29,0,29,301453.96774193546,287895.1666666667,669.0909090909091,5.270108695652174,4.75,0.4375
3.0,2.5,1250,1103,3.0,0,2,3,0,9,0,9,570223.1185050136,606082.1632653062,357.14285714285717,0.8824,5.5,0.625
2.0,1.0,1510,4032,1.5,0,0,3,200,79,1,40,574543.2427470535,731451.1428571428,755.0,2.670198675496689,3.0,0.3333333333333333
4.0,2.25,2300,4600,1.5,0,0,4,960,110,0,110,583475.1987418453,662231.5294117647,707.6923076923077,2.0,6.25,0.45
4.0,1.5,1490,7560,2.0,0,0,3,0,48,1,51,307819.2631578947,306565.7297297297,596.0,5.073825503355705,5.5,0.3
5.0,2.75,2820,4608,1.0,0,0,3,1370,47,1,3,576183.7791741472,552908.4521276596,752.0,1.6340425531914893,7.75,0.4583333333333333
4.0,1.5,1130,7840,1.0,0,0,4,0,44,0,44,302406.8613861386,294601.05,452.0,6.938053097345133,5.5,0.3
4.0,2.5,3200,7500,1.5,0,1,5,1340,66,1,29,573185.0026954178,594233.6460674157,914.2857142857143,2.34375,6.5,0.5
3.0,1.0,1510,5000,1.5,0,0,3,0,105,1,10,570223.1185050136,896874.1724137932,755.0,3.3112582781456954,4.0,0.25
3.0,2.5,1970,7500,2.0,0,0,3,0,26,1,14,308362.248,375611.3,562.8571428571429,3.8071065989847717,5.5,0.625
3.0,1.0,1210,5750,1.5,0,0,4,0,104,0,104,574543.2427470535,534537.3662790698,605.0,4.75206611570248,4.0,0.25
4.0,2.5,3280,27441,2.0,0,0,3,0,18,0,18,659713.198757764,701241.5652173914,937.1428571428571,8.366158536585365,6.5,0.5
3.0,2.0,2420,17859,1.0,0,1,5,920,35,0,35,654481.2884615385,520942.46376811597,806.6666666666666,7.379752066115702,5.0,0.5
5.0,1.75,2460,6846,1.5,0,0,5,1120,103,1,30,573185.0026954178,356533.4210526316,894.5454545454545,2.7829268292682925,6.75,0.2916666666666667
3.0,1.0,1180,11862,1.0,0,0,4,0,66,0,66,573185.0026954178,756218.7948717949,590.0,10.052542372881357,4.0,0.25
3.0,2.75,1900,6400,1.0,0,0,5,490,72,0,72,570223.1185050136,896874.1724137932,506.6666666666667,3.3684210526315788,5.75,0.6875
3.0,3.25,1651,1779,2.0,0,0,3,310,6,0,6,583475.1987418453,378450.7192982456,388.47058823529414,1.0775287704421563,6.25,0.8125
4.0,2.25,2130,11843,2.0,0,0,4,0,42,0,42,1157220.9705882352,1157220.9705882352,655.3846153846154,5.560093896713615,6.25,0.45
2.0,1.0,1430,3000,1.5,0,0,3,130,85,0,85,573185.0026954178,1024997.5853658536,715.0,2.097902097902098,3.0,0.3333333333333333
4.0,2.5,5730,44947,2.0,0,4,3,1450,23,0,23,707300.656504065,637825.9692307692,1637.142857142857,7.844153577661431,6.5,0.5
4.0,2.5,1910,9244,1.0,0,0,4,0,51,0,51,379453.5624401914,504551.94666666666,545.7142857142857,4.83979057591623,6.5,0.5
3.0,1.75,2110,11250,1.0,0,0,4,0,53,1,13,1099543.2580645161,1099543.2580645161,767.2727272727273,5.331753554502369,4.75,0.4375
2.0,1.5,1630,3780,1.0,0,0,4,740,74,1,13,573185.0026954178,580282.4444444445,652.0,2.3190184049079754,3.5,0.5
4.0,2.5,2470,35073,2.0,0,0,3,0,25,0,25,294280.725,357244.34545454546,705.7142857142857,14.199595141700405,6.5,0.5
4.0,2.25,2640,31941,1.0,0,0,4,0,28,0,28,289521.22794117645,337419.359375,812.3076923076923,12.098863636363637,6.25,0.45
5.0,2.75,2990,7420,2.0,0,0,3,0,18,0,18,371872.2878787879,510118.0,797.3333333333334,2.4816053511705687,7.75,0.4583333333333333
3.0,2.5,2120,9736,2.0,0,0,3,0,26,1,14,487024.75,487024.75,605.7142857142857,4.592452830188679,5.5,0.625
3.0,2.5,2050,6420,1.0,0,3,3,320,58,1,13,570223.1185050136,629754.88,585.7142857142857,3.131707317073171,5.5,0.625
5.0,3.0,1880,5000,1.0,0,0,3,780,17,0,17,576183.7791741472,286897.82608695654,470.0,2.6595744680851063,8.0,0.5
3.0,3.0,2790,12523,2.0,1,4,4,1190,37,0,37,307819.2631578947,306565.7297297297,697.5,4.488530465949821,6.0,0.75
4.0,2.5,3000,7500,2.0,0,0,3,0,77,1,20,576183.7791741472,947948.46875,857.1428571428571,2.5,6.5,0.5
4.0,2.5,2140,7245,2.0,0,0,3,0,11,0,11,570223.1185050136,382164.4375,611.4285714285714,3.385514018691589,6.5,0.5
3.0,2.0,1769,9300,1.0,0,0,4,0,59,1,5,563576.9230769231,467334.3243243243,589.6666666666666,5.2572074618428495,5.0,0.5
3.0,1.0,1710,6556,1.5,0,0,4,510,88,1,21,570223.1185050136,382164.4375,855.0,3.833918128654971,4.0,0.25
1.0,0.75,420,6720,1.0,0,0,3,0,92,1,6,574543.2427470535,353735.36363636365,240.0,16.0,1.75,0.375
4.0,2.5,3270,35445,2.0,0,0,3,0,25,0,25,859295.1570351758,809147.9375,934.2857142857143,10.839449541284404,6.5,0.5
4.0,2.5,2370,10858,2.0,0,0,3,0,11,0,11,859295.1570351758,1264508.6,677.1428571428571,4.581434599156118,6.5,0.5
4.0,2.5,1770,5855,2.0,0,0,3,0,11,0,11,339211.3264705882,339211.3264705882,505.7142857142857,3.3079096045197742,6.5,0.5
4.0,2.5,2210,8465,1.0,0,0,3,720,24,1,5,308362.248,375611.3,631.4285714285714,3.830316742081448,6.5,0.5
3.0,2.25,1710,4140,2.0,0,0,3,0,10,1,11,611821.4210526316,632427.4029850747,526.1538461538462,2.4210526315789473,5.25,0.5625
4.0,2.0,2710,4750,1.0,0,0,4,1250,95,1,29,576183.7791741472,610943.3953488372,903.3333333333334,1.7527675276752768,6.0,0.4
3.0,3.0,2340,2970,2.0,0,0,5,180,89,0,89,570223.1185050136,606082.1632653062,585.0,1.2692307692307692,6.0,0.75
2.0,1.0,1220,17172,1.0,0,0,4,0,67,1,26,654481.2884615385,805533.4016393443,610.0,14.075409836065575,3.0,0.3333333333333333
3.0,1.0,1060,9525,1.0,0,0,3,0,48,1,51,664524.1592356688,661440.7894736842,530.0,8.985849056603774,4.0,0.25
2.0,1.0,910,9869,1.0,0,0,3,0,57,1,14,376968.54547619045,346675.59929577465,455.0,10.845054945054946,3.0,0.3333333333333333
4.0,1.75,1880,3880,1.5,0,0,4,790,70,0,70,583475.1987418453,543333.5897435897,683.6363636363636,2.0638297872340425,5.75,0.35
4.0,1.75,1870,5200,2.0,0,0,4,670,77,0,77,576183.7791741472,610943.3953488372,680.0,2.7807486631016043,5.75,0.35
3.0,2.25,1480,5400,2.0,0,0,4,0,100,1,69,573185.0026954178,544298.1739130435,455.38461538461536,3.6486486486486487,5.25,0.5625
3.0,2.5,1880,7000,2.0,0,0,3,0,21,0,21,302187.765625,282441.9347826087,537.1428571428571,3.723404255319149,5.5,0.625
4.0,1.75,1890,6000,1.0,0,0,4,780,67,1,26,573185.0026954178,452594.44444444444,687.2727272727273,3.1746031746031744,5.75,0.35
3.0,2.75,1560,7392,1.0,0,0,5,530,42,0,42,665473.701171875,527234.776119403,416.0,4.7384615384615385,5.75,0.6875
2.0,1.5,1070,1200,2.0,0,0,3,0,15,0,15,570223.1185050136,606082.1632653062,428.0,1.1214953271028036,3.5,0.5
5.0,4.0,4410,14380,2.0,0,0,3,0,8,0,8,662070.8855421686,637280.5326086957,882.0,3.2607709750566896,9.0,0.6666666666666666
3.0,3.25,1470,1235,2.0,0,0,3,290,6,0,6,574543.2427470535,353735.36363636365,345.88235294117646,0.8401360544217688,6.25,0.8125
3.0,2.5,2570,3600,2.5,0,0,3,0,7,0,7,611394.2276422764,624091.0333333333,734.2857142857143,1.4007782101167314,5.5,0.625
2.0,2.25,1170,1011,2.0,0,0,3,0,5,0,5,611394.2276422764,599392.1333333333,360.0,0.8641025641025641,4.25,0.75
5.0,3.5,2320,4960,2.0,0,0,5,600,88,0,88,576183.7791741472,581484.52,515.5555555555555,2.1379310344827585,8.5,0.5833333333333334
4.0,3.0,2440,9600,2.0,0,0,5,0,53,0,53,665473.701171875,527234.776119403,610.0,3.9344262295081966,7.0,0.6
4.0,2.5,4120,22370,2.0,0,0,3,0,17,0,17,707300.656504065,637825.9692307692,1177.142857142857,5.429611650485437,6.5,0.5
2.0,1.75,1440,5680,1.0,0,0,4,0,36,1,14,307819.2631578947,306565.7297297297,523.6363636363636,3.9444444444444446,3.75,0.5833333333333334
3.0,1.0,1340,11070,1.0,0,0,4,0,36,1,14,302187.765625,292224.96153846156,670.0,8.261194029850746,4.0,0.25
6.0,3.75,3010,4360,2.0,0,0,3,1010,0,0,0,574543.2427470535,602889.9619047618,633.6842105263158,1.4485049833887043,9.75,0.5357142857142857
3.0,1.75,1840,8601,1.0,0,0,3,920,109,1,0,570223.1185050136,430721.18644067796,669.0909090909091,4.67445652173913,4.75,0.4375
2.0,1.0,930,7550,1.0,0,0,3,0,28,0,28,260515.44444444444,232418.88888888888,465.0,8.118279569892474,3.0,0.3333333333333333
4.0,2.75,4070,115434,2.0,0,0,3,0,12,0,12,400620.86486486485,400620.86486486485,1085.3333333333333,28.36216216216216,6.75,0.55
3.0,1.75,1820,9545,1.0,0,0,3,590,38,0,38,461754.1666666667,377329.25409836066,661.8181818181819,5.2445054945054945,4.75,0.4375
3.0,1.0,1280,8184,1.5,0,0,4,0,67,1,26,428665.7159090909,386772.68253968254,640.0,6.39375,4.0,0.25
2.0,1.0,900,4600,1.0,0,0,3,0,63,1,20,583475.1987418453,552240.609375,450.0,5.111111111111111,3.0,0.3333333333333333
3.0,1.75,1980,13503,1.0,0,2,4,660,62,0,62,859215.5687192117,631745.0,720.0,6.819696969696969,4.75,0.4375
4.0,2.25,2010,7575,1.0,0,0,3,790,40,0,40,655071.1991869919,514387.5806451613,618.4615384615385,3.7686567164179103,6.25,0.45
4.0,2.5,2750,4800,2.0,0,0,3,790,109,1,9,576183.7791741472,581484.52,785.7142857142857,1.7454545454545454,6.5,0.5
4.0,2.0,3140,10875,1.0,0,1,3,1200,75,1,45,583475.1987418453,788787.2272727273,1046.6666666666667,3.463375796178344,6.0,0.4
5.0,2.25,4200,5800,2.5,0,0,4,1290,108,1,24,576183.7791741472,1007907.8,1292.3076923076924,1.380952380952381,7.25,0.375
3.0,1.75,1900,8540,1.0,0,0,3,950,34,0,34,260515.44444444444,232418.88888888888,690.9090909090909,4.494736842105263,4.75,0.4375
3.0,1.0,1830,3000,1.5,0,0,3,400,88,1,11,570223.1185050136,606082.1632653062,915.0,1.639344262295082,4.0,0.25
5.0,2.75,3320,23760,2.0,0,0,4,1130,39,0,39,612917.84375,554207.5555555555,885.3333333333334,7.156626506024097,7.75,0.4583333333333333
4.0,2.5,2700,10814,1.0,0,0,4,1140,48,0,48,298517.84,282721.1666666667,771.4285714285714,4.005185185185185,6.5,0.5
3.0,1.0,1290,6566,1.0,0,0,5,0,38,0,38,291133.71153846156,283302.9365079365,645.0,5.089922480620155,4.0,0.25
3.0,1.75,1500,8173,1.0,0,0,3,0,17,0,17,665473.701171875,527234.776119403,545.4545454545455,5.448666666666667,4.75,0.4375
4.0,2.75,3650,48351,1.5,0,0,4,0,36,1,14,612917.84375,688402.5,973.3333333333334,13.246849315068493,6.75,0.55
3.0,1.0,1270,6405,1.5,0,0,3,0,70,0,70,573185.0026954178,293895.8881578947,635.0,5.043307086614173,4.0,0.25
4.0,2.25,2630,39000,2.0,0,0,3,0,35,1,0,306368.0406504065,331194.18666666665,809.2307692307693,14.828897338403042,6.25,0.45
2.0,1.5,1800,26615,1.0,0,0,5,560,27,0,27,297123.8925619835,363214.4727272727,720.0,14.786111111111111,3.5,0.5
3.0,1.0,1870,2807,1.5,0,0,4,290,87,0,87,570223.1185050136,574002.5,935.0,1.5010695187165775,4.0,0.25
4.0,2.5,2540,6365,2.0,0,0,3,670,14,0,14,377807.7863636364,337515.625,725.7142857142857,2.5059055118110236,6.5,0.5
4.0,2.5,1930,8660,1.0,0,0,3,810,33,1,1,308362.248,266959.525,551.4285714285714,4.487046632124352,6.5,0.5
4.0,2.25,2770,13500,2.0,0,0,3,0,40,0,40,1099543.2580645161,1099543.2580645161,852.3076923076923,4.873646209386282,6.25,0.45
4.0,2.5,2220,5338,2.0,0,0,3,0,13,0,13,376968.54547619045,514326.8552631579,634.2857142857143,2.4045045045045046,6.5,0.5
3.0,1.5,1650,9957,1.0,0,0,4,550,53,1,13,576183.7791741472,460224.62686567166,660.0,6.034545454545454,4.5,0.375
4.0,2.5,3670,54450,2.0,0,0,3,0,15,0,15,707300.656504065,637825.9692307692,1048.5714285714287,14.836512261580381,6.5,0.5
4.0,2.5,3770,35081,2.0,0,0,3,0,25,0,25,664524.1592356688,667790.3,1077.142857142857,9.305305039787799,6.5,0.5
3.0,1.75,2350,20820,1.0,0,0,4,550,36,1,14,692567.8918918918,634856.3076923077,854.5454545454545,8.859574468085107,4.75,0.4375
3.0,1.5,1210,5240,1.0,0,0,4,600,31,0,31,576183.7791741472,286897.82608695654,484.0,4.330578512396694,4.5,0.375
4.0,2.5,2010,7972,2.0,0,0,4,0,25,0,25,609064.7603305785,621249.6153846154,574.2857142857143,3.9661691542288557,6.5,0.5
3.0,2.5,1580,6065,2.0,0,0,3,0,29,0,29,609064.7603305785,621249.6153846154,451.42857142857144,3.838607594936709,5.5,0.625
2.0,1.0,710,7200,1.0,0,0,3,0,71,1,12,570223.1185050136,282229.9568965517,355.0,10.140845070422536,3.0,0.3333333333333333
3.0,2.0,1910,5040,1.5,0,0,3,0,43,0,43,704425.8029661017,632657.0428571429,636.6666666666666,2.6387434554973823,5.0,0.5
4.0,2.5,1880,7965,2.0,0,0,3,0,14,0,14,351942.0882352941,351942.0882352941,537.1428571428571,4.236702127659575,6.5,0.5
2.0,2.0,2280,641203,2.0,0,0,3,0,24,1,5,467260.4166666667,467260.4166666667,760.0,281.2293859649123,4.0,0.6666666666666666
5.0,2.75,3100,10014,1.0,0,2,4,1440,41,0,41,1157220.9705882352,1157220.9705882352,826.6666666666666,3.2303225806451614,7.75,0.4583333333333333
5.0,2.5,2350,4000,2.0,0,0,3,0,21,0,21,573185.0026954178,1024997.5853658536,671.4285714285714,1.702127659574468,7.5,0.4166666666666667
3.0,1.75,1850,6869,1.0,0,2,5,750,95,1,80,378731.27777777775,484335.21428571426,672.7272727272727,3.712972972972973,4.75,0.4375
3.0,2.5,2070,8337,2.0,0,0,3,0,17,0,17,297151.21774193546,277571.13333333336,591.4285714285714,4.027536231884058,5.5,0.625
4.0,2.75,2020,7070,1.0,0,0,5,1010,56,0,56,583475.1987418453,437527.63157894736,538.6666666666666,3.5,6.75,0.55
3.0,2.25,1580,12177,1.0,0,0,3,380,33,1,1,712166.302173913,657703.171875,486.15384615384613,7.7069620253164555,5.25,0.5625
4.0,2.5,2690,7947,2.0,0,0,3,0,21,0,21,371872.2878787879,351000.68055555556,768.5714285714286,2.954275092936803,6.5,0.5
4.0,2.5,2420,10285,1.0,0,4,3,720,56,1,10,359824.2021276596,373425.72222222225,691.4285714285714,4.25,6.5,0.5
5.0,1.5,2540,6660,2.0,0,3,4,200,60,1,35,570223.1185050136,483946.96794871794,1016.0,2.622047244094488,6.5,0.25
2.0,1.0,1150,30184,1.0,0,0,3,0,64,1,9,377807.7863636364,337515.625,575.0,26.24695652173913,3.0,0.3333333333333333
5.0,2.5,3210,12000,1.0,0,0,4,1380,46,0,46,859295.1570351758,672573.3333333334,917.1428571428571,3.7383177570093458,7.5,0.4166666666666667
3.0,2.5,2040,4627,2.0,0,0,3,0,22,0,22,662070.8855421686,637280.5326086957,582.8571428571429,2.2681372549019607,5.5,0.625
3.0,2.25,1920,4833,1.0,0,0,4,860,93,0,93,576183.7791741472,368028.3015873016,590.7692307692307,2.5171875,5.25,0.5625
4.0,1.75,1900,10588,1.0,0,0,5,0,56,0,56,306983.0317460318,232806.76666666666,690.9090909090909,5.572631578947369,5.75,0.35
3.0,2.5,4310,32093,1.5,0,4,5,1800,32,0,32,402504.4879518072,718727.3611111111,1231.4285714285713,7.446171693735499,5.5,0.625
3.0,2.5,1070,1155,2.0,0,0,3,350,9,0,9,573185.0026954178,666351.088888889,305.7142857142857,1.0794392523364487,5.5,0.625
4.0,2.5,2790,43091,2.0,0,0,4,0,25,0,25,612917.84375,688402.5,797.1428571428571,15.444802867383512,6.5,0.5
3.0,2.5,2860,4442,2.0,0,0,3,0,14,0,14,583475.1987418453,788787.2272727273,817.1428571428571,1.553146853146853,5.5,0.625
3.0,2.0,2250,8800,1.0,0,0,4,1000,89,1,46,574543.2427470535,618140.3414634146,750.0,3.911111111111111,5.0,0.5
2.0,2.25,3170,3000,2.0,0,2,5,1180,114,0,114,573185.0026954178,971798.75,975.3846153846154,0.9463722397476341,4.25,0.75
3.0,1.0,1460,7200,1.0,0,0,3,200,108,1,0,573185.0026954178,576457.3465346535,730.0,4.931506849315069,4.0,0.25
3.0,1.0,1540,3399,1.5,0,0,3,340,88,1,11,574543.2427470535,566680.5729166666,770.0,2.2071428571428573,4.0,0.25
3.0,2.0,2910,6600,2.0,0,0,4,990,114,1,26,576183.7791741472,413719.29824561405,970.0,2.268041237113402,5.0,0.5
3.0,1.75,1180,13927,1.0,0,0,5,0,52,0,52,376968.54547619045,514326.8552631579,429.09090909090907,11.802542372881357,4.75,0.4375
3.0,1.75,1640,7437,1.0,0,0,3,550,66,1,20,576183.7791741472,428104.3859649123,596.3636363636364,4.534756097560976,4.75,0.4375
4.0,2.0,1520,19672,1.0,0,0,3,500,94,1,35,352033.1,283935.7368421053,506.6666666666667,12.942105263157895,6.0,0.4
5.0,3.0,3610,9775,2.0,0,0,3,0,11,0,11,339556.4805970149,339556.4805970149,902.5,2.7077562326869806,8.0,0.5
3.0,2.25,1400,3814,2.0,0,0,3,0,2,1,102,271876.92307692306,313686.0298507463,430.7692307692308,2.724285714285714,5.25,0.5625
4.0,3.5,3200,3250,2.0,0,0,3,530,7,0,7,611394.2276422764,624091.0333333333,711.1111111111111,1.015625,7.5,0.7
3.0,3.0,1384,1287,2.0,0,0,3,240,8,0,8,574543.2427470535,745491.052631579,346.0,0.9299132947976878,6.0,0.75
3.0,2.25,1410,1287,2.0,0,0,3,120,9,0,9,602238.7424242424,586241.8196721311,433.84615384615387,0.9127659574468086,5.25,0.5625
4.0,2.5,2050,5276,2.0,0,0,3,0,8,0,8,371872.2878787879,510118.0,585.7142857142857,2.573658536585366,6.5,0.5
4.0,2.5,1750,4779,2.0,0,0,3,0,5,0,5,451624.14634146343,451624.14634146343,500.0,2.730857142857143,6.5,0.5
3.0,2.0,1510,6710,1.0,0,0,3,440,42,1,12,654481.2884615385,520942.46376811597,503.3333333333333,4.443708609271523,5.0,0.5
3.0,2.5,1930,7214,2.0,0,0,3,0,9,0,9,573185.0026954178,452594.44444444444,551.4285714285714,3.7378238341968912,5.5,0.625
4.0,2.5,2960,41656,2.0,0,0,3,0,29,0,29,612917.84375,554207.5555555555,845.7142857142857,14.072972972972973,6.5,0.5
5.0,2.75,2920,11880,1.0,0,0,5,1260,46,0,46,589927.1679389313,562969.2461538462,778.6666666666666,4.068493150684931,7.75,0.4583333333333333
2.0,1.0,1980,5000,1.0,0,0,4,890,91,0,91,583475.1987418453,662231.5294117647,990.0,2.525252525252525,3.0,0.3333333333333333
3.0,1.75,1430,8865,1.0,0,0,3,0,64,1,9,573185.0026954178,452594.44444444444,520.0,6.199300699300699,4.75,0.4375
4.0,2.75,2450,4187,2.0,0,2,3,0,4,0,4,611821.4210526316,632427.4029850747,653.3333333333334,1.7089795918367348,6.75,0.55
4.0,2.75,2360,4924,2.0,0,0,3,0,6,0,6,451624.14634146343,451624.14634146343,629.3333333333334,2.0864406779661016,6.75,0.55
3.0,2.5,1890,4838,2.0,0,0,3,160,12,0,12,345922.0,270748.24,540.0,2.5597883597883597,5.5,0.625
3.0,1.75,2140,9484,1.0,0,0,3,850,61,0,61,847974.924611399,1310316.904,778.1818181818181,4.43177570093458,4.75,0.4375
3.0,2.0,1900,8100,1.0,0,0,4,950,74,1,13,583475.1987418453,600662.226744186,633.3333333333334,4.2631578947368425,5.0,0.5
4.0,2.5,2700,9122,2.0,0,0,3,0,24,1,5,602238.7424242424,616797.9852941176,771.4285714285714,3.3785185185185185,6.5,0.5
5.0,3.0,2430,8000,1.0,0,0,4,1060,57,1,13,847974.924611399,660358.3333333334,607.5,3.292181069958848,8.0,0.5
3.0,1.0,1110,12150,1.0,0,0,4,0,57,1,13,854623.3027093596,621811.7647058824,555.0,10.945945945945946,4.0,0.25
4.0,2.75,2280,15347,1.0,0,0,5,0,54,0,54,704362.1153846154,523649.19402985077,608.0,6.731140350877193,6.75,0.55
3.0,1.75,1550,4708,1.0,0,0,4,690,65,1,29,574543.2427470535,605400.1521739131,563.6363636363636,3.03741935483871,4.75,0.4375
3.0,2.0,1530,8925,1.0,0,0,3,0,37,1,10,487024.75,487024.75,510.0,5.833333333333333,5.0,0.5
4.0,2.5,2440,28405,2.0,0,0,3,0,12,0,12,453958.47826086957,453958.47826086957,697.1428571428571,11.64139344262295,6.5,0.5
4.0,2.25,1760,9602,2.0,0,0,3,0,27,1,14,376968.54547619045,346675.59929577465,541.5384615384615,5.4556818181818185,6.25,0.45
4.0,2.25,3040,5000,2.0,0,3,4,960,88,1,21,573185.0026954178,929461.7,935.3846153846154,1.644736842105263,6.25,0.45
3.0,1.75,1070,8100,1.0,0,0,4,0,57,1,13,289521.22794117645,230185.82142857142,389.09090909090907,7.570093457943925,4.75,0.4375
3.0,1.75,1990,5560,1.0,0,0,4,890,75,1,25,574543.2427470535,951532.2580645161,723.6363636363636,2.7939698492462313,4.75,0.4375
2.0,1.5,1090,4000,1.0,0,0,3,120,63,1,20,573185.0026954178,666351.088888889,436.0,3.669724770642202,3.5,0.5
4.0,1.5,1890,6938,1.5,0,0,3,0,95,1,13,574543.2427470535,618140.3414634146,756.0,3.670899470899471,5.5,0.3
3.0,1.0,1000,9150,1.0,0,0,3,0,45,1,4,379453.5624401914,504551.94666666666,500.0,9.15,4.0,0.25
3.0,1.75,1770,8235,1.0,0,0,3,740,54,1,2,378731.27777777775,309970.8333333333,643.6363636363636,4.6525423728813555,4.75,0.4375
4.0,3.0,2360,6250,1.0,0,2,3,900,54,1,2,573185.0026954178,458276.3157894737,590.0,2.6483050847457625,7.0,0.6
3.0,3.5,3380,108900,2.0,0,0,3,680,15,0,15,376968.54547619045,346675.59929577465,751.1111111111111,32.218934911242606,6.5,0.875
3.0,2.5,1700,3150,2.0,0,0,3,0,9,0,9,611394.2276422764,624091.0333333333,485.7142857142857,1.8529411764705883,5.5,0.625
2.0,1.75,1600,4000,1.0,0,0,5,750,96,0,96,574543.2427470535,1017813.976744186,581.8181818181819,2.5,3.75,0.5833333333333334
4.0,2.5,2050,6360,2.0,0,0,3,0,26,1,14,602238.7424242424,616797.9852941176,585.7142857142857,3.102439024390244,6.5,0.5
2.0,1.75,1210,1040,2.0,0,0,3,0,0,0,0,602238.7424242424,616797.9852941176,440.0,0.859504132231405,3.75,0.5833333333333334
5.0,3.0,1940,6355,1.0,0,0,3,740,7,0,7,574543.2427470535,270748.24,485.0,3.2757731958762886,8.0,0.5
4.0,2.0,1810,8750,1.0,0,0,2,700,47,0,47,379453.5624401914,351241.91041666665,603.3333333333334,4.834254143646409,6.0,0.4
4.0,1.75,1690,4080,1.0,0,0,4,820,30,0,30,576183.7791741472,619323.25,614.5454545454545,2.4142011834319526,5.75,0.35
4.0,2.0,1800,2970,1.0,0,0,4,800,91,0,91,574543.2427470535,605400.1521739131,600.0,1.65,6.0,0.4
4.0,3.5,3280,6603,2.0,0,0,3,0,7,0,7,859215.5687192117,827419.403125,728.8888888888889,2.013109756097561,7.5,0.7
4.0,2.5,4290,175421,2.0,0,0,3,0,10,1,11,468500.0,468500.0,1225.7142857142858,40.89067599067599,6.5,0.5
3.0,1.75,1150,9600,1.0,0,0,3,0,35,1,0,406146.40625,406146.40625,418.1818181818182,8.347826086956522,4.75,0.4375
2.0,1.5,880,1805,2.0,0,0,3,0,15,0,15,583475.1987418453,378450.7192982456,352.0,2.0511363636363638,3.5,0.5
3.0,1.5,1720,8100,2.0,0,0,3,0,107,1,31,570223.1185050136,574002.5,688.0,4.709302325581396,4.5,0.375
3.0,1.5,1510,8000,1.0,0,0,4,0,58,0,58,859215.5687192117,681850.0,604.0,5.298013245033113,4.5,0.375
4.0,2.0,1240,3000,1.0,0,0,3,200,106,1,26,576183.7791741472,593491.5454545454,413.3333333333333,2.4193548387096775,6.0,0.4
4.0,2.0,1580,9581,1.0,0,0,3,0,61,0,61,654481.2884615385,805533.4016393443,526.6666666666666,6.063924050632911,6.0,0.4
4.0,2.25,2170,7737,2.0,0,0,3,0,27,1,14,712166.302173913,657703.171875,667.6923076923077,3.5654377880184334,6.25,0.45
4.0,2.75,2500,4950,2.0,0,0,3,0,4,0,4,664524.1592356688,667790.3,666.6666666666666,1.98,6.75,0.55
1.0,1.0,960,2640,1.0,0,0,3,200,106,1,26,570223.1185050136,1067396.7391304348,480.0,2.75,2.0,0.5
4.0,2.5,3030,8507,2.0,0,0,3,0,11,0,11,655071.1991869919,798061.106557377,865.7142857142857,2.8075907590759077,6.5,0.5
3.0,1.75,1540,10800,1.0,0,0,5,770,67,0,67,1223622.0,1223622.0,560.0,7.012987012987013,4.75,0.4375
3.0,1.75,1890,32340,1.5,0,3,3,0,38,0,38,467260.4166666667,467260.4166666667,687.2727272727273,17.11111111111111,4.75,0.4375
4.0,2.5,2810,9800,1.0,0,0,4,1100,41,0,41,854623.3027093596,833646.4126506024,802.8571428571429,3.487544483985765,6.5,0.5
4.0,4.0,3530,8400,2.0,0,0,5,900,56,0,56,570223.1185050136,731861.7619047619,706.0,2.3796033994334276,8.0,0.8
3.0,1.0,1100,8536,1.0,0,0,4,0,57,1,13,573185.0026954178,458276.3157894737,550.0,7.76,4.0,0.25
3.0,2.5,1940,9775,1.0,0,2,3,500,39,0,39,655071.1991869919,514387.5806451613,554.2857142857143,5.038659793814433,5.5,0.625
3.0,2.5,2300,9521,2.0,0,0,3,0,11,0,11,420666.78571428574,420666.78571428574,657.1428571428571,4.139565217391304,5.5,0.625
3.0,2.5,2110,3600,2.0,0,0,3,0,9,0,9,667110.3374233128,649564.5408163265,602.8571428571429,1.7061611374407584,5.5,0.625
4.0,1.5,1220,10580,1.0,0,0,3,0,49,1,21,847974.924611399,660358.3333333334,488.0,8.672131147540984,5.5,0.3
3.0,1.75,1750,12325,1.0,0,0,4,280,46,0,46,664524.1592356688,661440.7894736842,636.3636363636364,7.042857142857143,4.75,0.4375
3.0,1.5,1230,8056,1.0,0,0,4,0,65,1,29,378731.27777777775,276613.06976744183,492.0,6.5495934959349595,4.5,0.375
3.0,2.5,3100,23790,2.0,0,0,3,0,12,0,12,712166.302173913,775557.8101851852,885.7142857142857,7.674193548387096,5.5,0.625
3.0,2.5,1830,65340,1.0,0,0,3,310,23,0,23,412808.4871794872,412808.4871794872,522.8571428571429,35.704918032786885,5.5,0.625
5.0,2.5,2640,7096,2.0,0,0,3,0,11,0,11,664524.1592356688,667790.3,754.2857142857143,2.687878787878788,7.5,0.4166666666666667
6.0,1.75,1840,2774,1.0,0,0,3,780,114,1,9,583475.1987418453,577872.32,669.0909090909091,1.507608695652174,7.75,0.25
4.0,2.5,3190,14565,2.0,0,0,3,0,24,1,5,612917.84375,688402.5,911.4285714285714,4.565830721003135,6.5,0.5
2.0,1.0,1120,2000,1.5,0,0,3,0,104,1,8,583475.1987418453,1033972.8260869565,560.0,1.7857142857142858,3.0,0.3333333333333333
3.0,1.5,1760,6723,1.0,0,0,3,600,56,1,10,583475.1987418453,451032.07547169813,704.0,3.8198863636363636,4.5,0.375
3.0,2.0,1590,9912,2.0,0,0,3,0,14,0,14,488457.5,488457.5,530.0,6.233962264150944,5.0,0.5
4.0,2.5,2120,9603,2.0,0,0,3,0,29,0,29,611394.2276422764,599392.1333333333,605.7142857142857,4.529716981132076,6.5,0.5
4.0,2.5,2240,9826,1.0,0,0,4,870,26,0,26,298547.1904761905,296686.537037037,640.0,4.386607142857143,6.5,0.5
2.0,1.0,890,2100,1.0,0,0,4,130,95,1,29,573185.0026954178,580282.4444444445,445.0,2.359550561797753,3.0,0.3333333333333333
3.0,3.25,2940,5432,3.0,0,3,4,500,36,1,14,570223.1185050136,863209.5238095238,691.7647058823529,1.8476190476190477,6.25,0.8125
3.0,1.5,1220,7300,1.0,0,0,3,0,41,1,1,306983.0317460318,273470.65789473685,488.0,5.983606557377049,4.5,0.375
3.0,2.25,2670,7500,1.0,0,0,4,1030,48,0,48,364278.9903846154,449850.8552631579,821.5384615384615,2.808988764044944,5.25,0.5625
3.0,1.0,1120,2300,1.0,0,0,4,300,102,1,25,576183.7791741472,552908.4521276596,560.0,2.0535714285714284,4.0,0.25
4.0,2.75,3130,139392,2.0,0,0,4,0,33,0,33,297151.21774193546,277571.13333333336,834.6666666666666,44.53418530351438,6.75,0.55
4.0,2.5,1740,7500,1.0,0,0,4,520,38,1,22,659713.198757764,628759.967032967,497.14285714285717,4.310344827586207,6.5,0.5
4.0,3.5,3290,5414,2.0,0,1,3,930,8,0,8,654481.2884615385,520942.46376811597,731.1111111111111,1.6455927051671733,7.5,0.7
3.0,1.0,1770,5720,1.5,0,0,4,630,88,1,21,583475.1987418453,437527.63157894736,885.0,3.231638418079096,4.0,0.25
4.0,2.5,2960,5054,2.0,0,0,3,0,8,0,8,345402.7394736842,345402.7394736842,845.7142857142857,1.7074324324324324,6.5,0.5
2.0,1.0,1200,4880,1.0,0,0,3,220,71,1,12,570223.1185050136,303242.85714285716,600.0,4.066666666666666,3.0,0.3333333333333333
4.0,2.0,2400,6000,2.0,0,0,3,0,101,1,69,478132.68518518517,478132.68518518517,800.0,2.5,6.0,0.4
4.0,3.5,2690,6164,2.0,0,0,3,0,12,0,12,704425.8029661017,793072.1490384615,597.7777777777778,2.291449814126394,7.5,0.7
6.0,2.25,3550,11780,1.0,0,0,4,590,66,0,66,574543.2427470535,443537.9032258064,1092.3076923076924,3.3183098591549296,8.25,0.32142857142857145
2.0,1.5,1310,12196,1.5,0,0,3,0,44,1,0,659713.198757764,628759.967032967,524.0,9.309923664122138,3.5,0.5
4.0,2.75,2610,4160,3.0,0,0,5,700,104,0,104,573185.0026954178,576457.3465346535,696.0,1.5938697318007662,6.75,0.55
5.0,2.5,2760,8015,1.0,0,0,4,1160,54,1,13,570223.1185050136,468929.3650793651,788.5714285714286,2.903985507246377,7.5,0.4166666666666667
3.0,2.0,1410,7998,1.0,0,0,4,0,74,1,13,345922.0,274962.0967741936,470.0,5.672340425531915,5.0,0.5
4.0,1.75,1960,7950,1.0,0,0,4,0,47,0,47,298547.1904761905,296686.537037037,712.7272727272727,4.0561224489795915,5.75,0.35
3.0,2.5,1212,1174,3.0,0,0,3,0,10,1,11,574543.2427470535,443537.9032258064,346.2857142857143,0.9686468646864687,5.5,0.625
4.0,1.5,2220,9496,1.0,0,0,4,730,60,1,35,859215.5687192117,1307172.904,888.0,4.277477477477477,5.5,0.3
4.0,2.5,2040,109336,1.5,0,0,4,0,41,0,41,341878.1945205479,341878.1945205479,582.8571428571429,53.59607843137255,6.5,0.5
4.0,2.75,2800,19168,2.0,0,0,3,0,22,0,22,692567.8918918918,761330.9019607843,746.6666666666666,6.845714285714286,6.75,0.55
3.0,1.5,2040,6000,1.0,0,0,3,700,57,1,14,573185.0026954178,458276.3157894737,816.0,2.9411764705882355,4.5,0.375
4.0,2.5,3070,34412,1.0,0,3,4,1000,64,1,31,2397393.75,2397393.75,877.1428571428571,11.209120521172638,6.5,0.5
2.0,1.0,830,26329,1.0,1,3,4,0,86,0,86,488882.5,488882.5,415.0,31.721686746987952,3.0,0.3333333333333333
4.0,3.5,4140,7089,2.0,0,0,3,980,11,0,11,665473.701171875,527234.776119403,920.0,1.71231884057971,7.5,0.7
5.0,2.5,2340,4500,2.0,0,0,3,0,5,0,5,377807.7863636364,523649.19402985077,668.5714285714286,1.9230769230769231,7.5,0.4166666666666667
3.0,2.25,1420,1282,3.0,0,0,3,0,8,0,8,573185.0026954178,576457.3465346535,436.9230769230769,0.9028169014084507,5.25,0.5625
3.0,2.75,2670,3738,1.0,0,0,3,950,1,1,91,371872.2878787879,392019.0338983051,712.0,1.4,5.75,0.6875
3.0,2.5,1880,6008,2.0,0,0,3,0,5,0,5,298517.84,334007.40625,537.1428571428571,3.195744680851064,5.5,0.625
4.0,3.25,3450,6184,2.0,0,0,3,0,0,0,0,707300.656504065,637825.9692307692,811.7647058823529,1.792463768115942,7.25,0.65
3.0,2.25,1200,1400,3.0,0,0,3,0,9,0,9,576183.7791741472,368028.3015873016,369.2307692307692,1.1666666666666667,5.25,0.5625
4.0,3.25,3430,9870,2.0,0,0,3,0,0,0,0,469170.3125,469170.3125,807.0588235294117,2.877551020408163,7.25,0.65
3.0,2.5,1350,1186,2.0,0,0,3,230,7,0,7,574543.2427470535,566680.5729166666,385.7142857142857,0.8785185185185185,5.5,0.625
5.0,2.5,2570,9962,2.0,0,0,3,0,8,0,8,420666.78571428574,420666.78571428574,734.2857142857143,3.8762645914396887,7.5,0.4166666666666667
4.0,3.5,2840,4637,3.0,0,0,3,0,6,0,6,573185.0026954178,452594.44444444444,631.1111111111111,1.6327464788732395,7.5,0.7
4.0,2.5,2650,5600,2.0,0,0,3,0,0,0,0,379453.5624401914,504551.94666666666,757.1428571428571,2.1132075471698113,6.5,0.5
3.0,2.0,1980,2674,3.0,0,0,3,0,7,0,7,574543.2427470535,534537.3662790698,660.0,1.3505050505050504,5.0,0.5
3.0,1.75,1280,7524,1.5,0,0,4,0,26,0,26,298517.84,279734.9791666667,465.45454545454544,5.878125,4.75,0.4375
4.0,2.5,2610,7091,2.0,0,0,3,0,27,1,14,302406.8613861386,294601.05,745.7142857142857,2.7168582375478927,6.5,0.5
5.0,2.75,3010,12611,2.0,0,0,3,0,20,0,20,662070.8855421686,637280.5326086957,802.6666666666666,4.1897009966777405,7.75,0.4583333333333333
1.0,1.0,930,7129,1.0,0,0,3,0,66,1,20,570223.1185050136,382164.4375,465.0,7.665591397849463,2.0,0.5
3.0,1.5,1180,7000,1.0,0,0,4,0,37,0,37,294129.8971962617,292973.1515151515,472.0,5.932203389830509,4.5,0.375
5.0,1.0,1710,9100,1.5,0,0,4,390,88,1,21,570223.1185050136,415307.3275862069,855.0,5.321637426900585,6.0,0.16666666666666666
3.0,2.0,1380,7476,1.0,0,0,3,0,25,0,25,306983.0317460318,273470.65789473685,460.0,5.417391304347826,5.0,0.5
3.0,1.75,1190,7280,1.0,0,0,4,0,46,0,46,306983.0317460318,361680.06451612903,432.72727272727275,6.117647058823529,4.75,0.4375
3.0,2.0,1870,5909,1.0,0,0,3,600,28,0,28,302187.765625,292224.96153846156,623.3333333333334,3.159893048128342,5.0,0.5
5.0,3.5,3130,4797,2.0,0,0,3,560,0,0,0,859295.1570351758,809147.9375,695.5555555555555,1.53258785942492,8.5,0.5833333333333334
2.0,1.0,900,5100,1.0,0,0,4,0,105,1,25,570223.1185050136,586761.8313953489,450.0,5.666666666666667,3.0,0.3333333333333333
3.0,1.5,1880,7400,1.0,0,0,3,400,46,1,17,473692.0,384471.0,752.0,3.9361702127659575,4.5,0.375
4.0,4.25,3010,4887,2.0,0,3,4,1070,63,1,18,573185.0026954178,594233.6460674157,573.3333333333334,1.6235880398671096,8.25,0.85
3.0,2.25,2280,5750,1.0,0,1,4,1130,29,0,29,576183.7791741472,616646.6086956522,701.5384615384615,2.5219298245614037,5.25,0.5625
3.0,2.5,2970,21907,2.0,0,0,3,0,16,1,8,371872.2878787879,510118.0,848.5714285714286,7.3760942760942765,5.5,0.625
2.0,2.5,1620,3196,2.0,0,0,3,0,6,0,6,547301.5576923077,547301.5576923077,462.85714285714283,1.9728395061728394,4.5,0.8333333333333334
4.0,1.5,1550,3000,1.5,0,0,3,200,96,0,96,583475.1987418453,930145.0333333333,620.0,1.935483870967742,5.5,0.3
3.0,1.75,2240,78225,2.0,0,0,5,0,38,0,38,488457.5,488457.5,814.5454545454545,34.921875,4.75,0.4375
3.0,2.5,2830,6536,2.0,0,0,3,0,25,0,25,602057.1753246753,578701.4130434783,808.5714285714286,2.309540636042403,5.5,0.625
3.0,2.5,2890,21780,2.0,0,0,3,0,14,0,14,260515.44444444444,273801.64705882355,825.7142857142857,7.536332179930795,5.5,0.625
4.0,2.25,1990,5948,2.0,0,0,3,0,23,0,23,611821.4210526316,632427.4029850747,612.3076923076923,2.9889447236180904,6.25,0.45
3.0,1.75,1370,8719,1.0,0,0,3,0,32,0,32,271876.92307692306,313686.0298507463,498.1818181818182,6.364233576642336,4.75,0.4375
2.0,1.5,1088,1360,2.0,0,0,3,0,31,1,5,675464.6038732395,521302.5714285714,435.2,1.25,3.5,0.5
4.0,1.75,1740,9344,1.0,0,0,3,560,36,0,36,298547.1904761905,296686.537037037,632.7272727272727,5.370114942528736,5.75,0.35
3.0,2.0,1730,9000,1.0,0,0,3,360,36,0,36,602238.7424242424,586241.8196721311,576.6666666666666,5.202312138728324,5.0,0.5
4.0,2.5,1800,8100,2.0,0,0,3,0,16,1,8,351942.0882352941,351942.0882352941,514.2857142857143,4.5,6.5,0.5
3.0,1.75,1440,12888,1.0,0,2,3,350,56,1,10,248463.04347826086,232418.88888888888,523.6363636363636,8.95,4.75,0.4375
4.0,1.0,1720,2800,1.5,0,0,4,520,88,1,21,573185.0026954178,594233.6460674157,860.0,1.627906976744186,5.0,0.2
5.0,3.5,2800,7350,2.0,0,0,3,0,19,0,19,583475.1987418453,300070.8333333333,622.2222222222222,2.625,8.5,0.5833333333333334
3.0,2.5,2300,6009,1.0,0,0,3,0,9,0,9,659713.198757764,701241.5652173914,657.1428571428571,2.612608695652174,5.5,0.625
4.0,2.25,2030,11585,1.0,0,0,4,440,47,0,47,664018.5575757576,639101.3958333334,624.6153846153846,5.706896551724138,6.25,0.45
2.0,1.0,740,6180,1.0,0,0,3,0,66,1,20,573185.0026954178,458276.3157894737,370.0,8.35135135135135,3.0,0.3333333333333333
5.0,6.75,9640,13068,1.0,1,4,3,4820,31,1,5,1099543.2580645161,1099543.2580645161,1243.8709677419354,1.3556016597510374,11.75,1.125
4.0,1.0,1920,13787,1.0,0,0,4,700,48,0,48,246844.69565217392,269830.4210526316,960.0,7.180729166666667,5.0,0.2
4.0,2.5,2490,12929,2.0,0,0,3,0,31,1,5,712166.302173913,657703.171875,711.4285714285714,5.1923694779116465,6.5,0.5
3.0,2.0,1380,4800,1.0,0,0,3,0,66,1,20,576183.7791741472,915608.1081081082,460.0,3.4782608695652173,5.0,0.5
3.0,2.5,1530,9406,1.0,0,0,3,260,21,0,21,370580.66352040815,502494.4029850746,437.14285714285717,6.147712418300654,5.5,0.625
3.0,3.25,2420,1923,2.0,0,2,3,580,8,0,8,574543.2427470535,1008059.7826086957,569.4117647058823,0.7946280991735537,6.25,0.8125
4.0,2.5,2150,37647,2.0,0,0,3,0,23,0,23,302187.765625,313686.0298507463,614.2857142857143,17.510232558139535,6.5,0.5
4.0,2.0,1610,9600,1.0,0,0,5,0,47,0,47,673746.1363636364,393745.6779661017,536.6666666666666,5.962732919254658,6.0,0.4
4.0,3.5,2650,3060,2.0,0,0,3,590,13,0,13,573185.0026954178,576457.3465346535,588.8888888888889,1.1547169811320754,7.5,0.7
4.0,2.75,2700,35362,2.0,0,0,5,0,38,0,38,610245.4411764706,681119.6428571428,720.0,13.097037037037037,6.75,0.55
3.0,1.5,1270,20700,1.0,0,0,2,120,66,0,66,466114.81481481483,378368.49253731343,508.0,16.299212598425196,4.5,0.375
4.0,2.75,3150,38865,1.0,0,0,3,670,28,0,28,659713.198757764,628759.967032967,840.0,12.338095238095239,6.75,0.55
3.0,2.25,2010,10760,2.0,0,0,3,0,29,0,29,664018.5575757576,639101.3958333334,618.4615384615385,5.353233830845771,5.25,0.5625
3.0,1.0,860,5060,1.5,0,0,3,0,87,1,3,583475.1987418453,378450.7192982456,430.0,5.883720930232558,4.0,0.25
3.0,2.0,1410,7466,1.0,0,0,3,0,31,1,5,370580.66352040815,348268.4566176471,470.0,5.295035460992908,5.0,0.5
3.0,1.75,1700,7532,1.0,0,0,3,0,27,1,14,306368.0406504065,291247.46153846156,618.1818181818181,4.430588235294118,4.75,0.4375
4.0,2.5,2570,6251,2.0,0,0,3,0,14,0,14,859215.5687192117,1307172.904,734.2857142857143,2.4322957198443578,6.5,0.5
2.0,2.25,1230,932,2.0,0,0,3,210,10,1,11,576183.7791741472,1007907.8,378.46153846153845,0.7577235772357723,4.25,0.75
4.0,3.5,4170,9748,2.0,0,0,3,0,10,1,11,635820.0,504551.94666666666,926.6666666666666,2.337649880095923,7.5,0.7
3.0,2.5,1180,1262,3.0,0,0,3,0,4,0,4,570223.1185050136,891559.6774193548,337.14285714285717,1.0694915254237287,5.5,0.625
3.0,1.5,1430,7347,1.0,0,0,3,610,34,0,34,298547.1904761905,296686.537037037,572.0,5.137762237762238,4.5,0.375
4.0,2.0,1450,8400,1.5,0,0,4,0,52,0,52,661873.9341085271,490319.85294117645,483.3333333333333,5.793103448275862,6.0,0.4
3.0,1.75,2180,7700,1.0,0,0,3,700,53,1,10,402504.4879518072,718727.3611111111,792.7272727272727,3.532110091743119,4.75,0.4375
4.0,2.5,2210,7079,2.0,0,0,3,0,21,0,21,306368.0406504065,289447.0487804878,631.4285714285714,3.20316742081448,6.5,0.5
2.0,1.5,1480,7276,1.0,0,0,4,540,36,1,14,370580.66352040815,393745.6779661017,592.0,4.916216216216216,3.5,0.5
3.0,2.0,2340,3477,1.0,0,1,5,1170,43,0,43,576183.7791741472,413719.29824561405,780.0,1.485897435897436,5.0,0.5
4.0,3.5,3860,18334,2.0,0,0,3,740,18,0,18,612917.84375,688402.5,857.7777777777778,4.749740932642487,7.5,0.7
3.0,2.75,2300,4637,2.0,0,0,3,0,6,0,6,573991.6862745098,573991.6862745098,613.3333333333334,2.016086956521739,5.75,0.6875
3.0,1.5,1450,7375,1.0,0,0,3,440,46,1,17,665473.701171875,527234.776119403,580.0,5.086206896551724,4.5,0.375
2.0,2.5,1380,953,3.0,0,0,3,0,8,0,8,576183.7791741472,581484.52,394.2857142857143,0.6905797101449276,4.5,0.8333333333333334
4.0,2.5,2470,3811,2.0,0,0,3,0,15,0,15,565703.2,565703.2,705.7142857142857,1.542914979757085,6.5,0.5
4.0,1.75,2030,18295,1.5,0,0,4,0,39,0,39,661873.9341085271,490319.85294117645,738.1818181818181,9.01231527093596,5.75,0.35
4.0,0.75,1440,13300,1.0,0,0,3,0,66,1,20,345010.7211538461,418429.25675675675,822.8571428571429,9.23611111111111,4.75,0.15
3.0,1.75,1160,6134,1.0,0,0,3,0,16,1,8,297123.8925619835,220484.78260869565,421.8181818181818,5.287931034482758,4.75,0.4375
3.0,1.0,1580,3840,2.0,0,0,3,0,106,1,26,570223.1185050136,739973.5294117647,790.0,2.430379746835443,4.0,0.25
2.0,2.75,1430,1425,2.0,0,0,3,435,8,0,8,570223.1185050136,1067396.7391304348,381.3333333333333,0.9965034965034965,4.75,0.9166666666666666
2.0,2.0,1494,19271,2.0,1,4,3,0,71,1,17,467260.4166666667,467260.4166666667,498.0,12.898929049531459,4.0,0.6666666666666666
4.0,2.25,1930,7207,1.0,0,0,4,570,26,0,26,297151.21774193546,277571.13333333336,593.8461538461538,3.73419689119171,6.25,0.45
6.0,1.75,2740,6360,1.0,0,3,3,1370,61,0,61,573185.0026954178,386791.8375,996.3636363636364,2.321167883211679,7.75,0.25
3.0,2.0,1880,3800,1.0,0,0,5,850,87,0,87,576183.7791741472,610943.3953488372,626.6666666666666,2.021276595744681,5.0,0.5
3.0,2.5,2590,7720,2.0,0,0,3,0,26,1,14,859295.1570351758,672573.3333333334,740.0,2.9806949806949805,5.5,0.625
3.0,2.25,2140,11266,2.0,0,0,3,0,28,0,28,413841.8,413841.8,658.4615384615385,5.264485981308411,5.25,0.5625
4.0,2.0,1870,6000,1.5,0,0,3,0,58,1,13,574543.2427470535,443537.9032258064,623.3333333333334,3.2085561497326203,6.0,0.4
2.0,1.0,1230,3800,1.0,0,0,3,0,86,1,60,576183.7791741472,610943.3953488372,615.0,3.089430894308943,3.0,0.3333333333333333
4.0,2.5,2340,6896,2.0,0,0,3,0,13,0,13,370580.66352040815,502494.4029850746,668.5714285714286,2.947008547008547,6.5,0.5
3.0,2.25,2880,7599,1.0,0,2,3,1170,56,1,12,665473.701171875,817309.8975409836,886.1538461538462,2.638541666666667,5.25,0.5625
3.0,1.5,880,6600,1.0,0,0,5,0,69,0,69,574543.2427470535,274962.0967741936,352.0,7.5,4.5,0.375
3.0,2.5,3040,7232,2.0,0,0,3,0,11,0,11,289521.22794117645,337419.359375,868.5714285714286,2.3789473684210525,5.5,0.625
4.0,1.0,1120,7104,1.5,0,0,3,0,68,0,68,583475.1987418453,807100.6571428571,560.0,6.3428571428571425,5.0,0.2
3.0,2.0,1380,3600,3.0,0,0,3,0,1,1,91,576183.7791741472,593491.5454545454,460.0,2.608695652173913,5.0,0.5
4.0,2.5,1660,9760,2.0,0,0,3,0,20,0,20,298517.84,282721.1666666667,474.2857142857143,5.879518072289157,6.5,0.5
3.0,2.75,2500,5568,2.0,0,0,5,0,109,0,109,570223.1185050136,1067396.7391304348,666.6666666666666,2.2272,5.75,0.6875
4.0,2.5,2940,10382,2.0,0,0,4,0,23,0,23,676159.8148148148,514326.8552631579,840.0,3.531292517006803,6.5,0.5
4.0,2.5,1670,3315,2.0,0,0,3,0,9,0,9,611821.4210526316,632427.4029850747,477.14285714285717,1.9850299401197604,6.5,0.5
4.0,2.75,2630,7505,2.0,0,0,3,0,20,0,20,664524.1592356688,661440.7894736842,701.3333333333334,2.8536121673003803,6.75,0.55
4.0,2.75,2250,7412,1.0,0,0,4,770,39,0,39,371872.2878787879,351000.68055555556,600.0,3.2942222222222224,6.75,0.55
3.0,1.0,1320,7000,1.0,0,0,4,0,47,0,47,297123.8925619835,220484.78260869565,660.0,5.303030303030303,4.0,0.25
4.0,3.75,4100,22798,1.5,0,3,5,1560,80,1,35,1157220.9705882352,1157220.9705882352,863.1578947368421,5.560487804878049,7.75,0.75
3.0,3.25,4340,4947,2.0,0,3,3,1280,21,0,21,583475.1987418453,543333.5897435897,1021.1764705882352,1.1398617511520737,6.25,0.8125
4.0,3.0,3700,20570,1.0,0,0,4,1850,38,1,22,854623.3027093596,1326856.5666666667,925.0,5.559459459459459,7.0,0.6
5.0,2.0,2700,10875,1.0,0,0,4,1160,52,0,52,847974.924611399,634524.0,900.0,4.027777777777778,7.0,0.3333333333333333
3.0,1.0,980,7200,1.0,0,0,4,0,64,1,31,576183.7791741472,616646.6086956522,490.0,7.346938775510204,4.0,0.25
4.0,2.5,2650,11520,2.0,0,0,3,540,26,1,14,661873.9341085271,853114.5491803279,757.1428571428571,4.347169811320755,6.5,0.5
7.0,4.25,3670,4000,2.0,0,1,3,870,50,1,14,570223.1185050136,731861.7619047619,699.047619047619,1.0899182561307903,11.25,0.53125
3.0,1.75,2960,12420,1.0,0,2,4,1480,62,0,62,583475.1987418453,639284.1666666666,1076.3636363636363,4.195945945945946,4.75,0.4375
4.0,2.75,3070,7201,2.0,0,0,3,0,8,0,8,376968.54547619045,514326.8552631579,818.6666666666666,2.345602605863192,6.75,0.55
3.0,2.5,1413,3600,2.0,0,0,3,0,3,0,3,306368.0406504065,289447.0487804878,403.7142857142857,2.5477707006369426,5.5,0.625
2.0,2.5,1260,1347,3.0,0,0,3,0,9,0,9,570223.1185050136,606082.1632653062,360.0,1.069047619047619,4.5,0.8333333333333334
3.0,2.5,1680,2229,2.0,0,0,3,0,7,0,7,420507.6153846154,378368.49253731343,480.0,1.3267857142857142,5.5,0.625
3.0,2.25,1230,1238,2.0,0,0,3,150,5,0,5,573185.0026954178,743714.088888889,378.46153846153845,1.0065040650406505,5.25,0.5625
3.0,3.5,4360,6240,2.0,0,3,3,1400,6,0,6,573185.0026954178,576457.3465346535,968.8888888888889,1.4311926605504588,6.5,0.875
4.0,4.0,4420,16526,2.0,0,0,3,0,1,1,91,701918.4194214876,784592.5133928572,884.0,3.7389140271493213,8.0,0.8
3.0,3.25,2770,6278,2.0,0,0,3,790,8,0,8,370580.66352040815,393745.6779661017,651.7647058823529,2.266425992779783,6.25,0.8125
3.0,2.25,2910,10204,2.0,0,0,3,0,24,1,5,662070.8855421686,637280.5326086957,895.3846153846154,3.506529209621993,5.25,0.5625
4.0,3.25,4290,12103,1.0,0,3,3,1600,17,0,17,847974.924611399,802442.5981012658,1009.4117647058823,2.8212121212121213,7.25,0.65
3.0,2.5,1600,26977,2.0,0,0,3,0,9,0,9,405085.29411764705,405085.29411764705,457.14285714285717,16.860625,5.5,0.625
4.0,2.5,1820,6753,2.0,0,0,3,0,20,0,20,339556.4805970149,339556.4805970149,520.0,3.7104395604395606,6.5,0.5
6.0,5.0,6050,230652,2.0,0,3,3,0,13,0,13,692285.7142857143,692285.7142857143,1008.3333333333334,38.12429752066116,11.0,0.7142857142857143
3.0,1.75,1700,8432,1.0,0,0,3,470,37,1,10,576183.7791741472,460224.62686567166,618.1818181818181,4.96,4.75,0.4375
2.0,1.0,790,11234,1.0,0,0,4,0,72,1,32,563576.9230769231,467334.3243243243,395.0,14.220253164556961,3.0,0.3333333333333333
3.0,2.25,1720,9000,1.0,0,0,4,400,45,0,45,302406.8613861386,294601.05,529.2307692307693,5.232558139534884,5.25,0.5625
3.0,1.0,990,10723,1.0,0,0,5,0,54,0,54,379453.5624401914,504551.94666666666,495.0,10.83131313131313,4.0,0.25
4.0,1.75,1770,9011,1.0,0,0,5,720,31,0,31,315737.9310344828,334007.40625,643.6363636363636,5.090960451977401,5.75,0.35
3.0,2.0,1260,8092,1.0,0,0,3,0,28,0,28,351942.0882352941,351942.0882352941,420.0,6.4222222222222225,5.0,0.5
4.0,2.5,3640,10576,2.0,0,0,3,0,15,0,15,701918.4194214876,784592.5133928572,1040.0,2.9054945054945054,6.5,0.5
3.0,1.75,2040,6000,1.0,0,0,5,920,56,0,56,574543.2427470535,618140.3414634146,741.8181818181819,2.9411764705882355,4.75,0.4375
4.0,1.75,1980,10800,1.0,0,0,5,990,66,1,29,1182030.1090909091,1182030.1090909091,720.0,5.454545454545454,5.75,0.35
5.0,2.5,3600,17300,1.0,0,0,4,1190,46,0,46,515479.54545454547,449850.8552631579,1028.5714285714287,4.805555555555555,7.5,0.4166666666666667
4.0,2.5,4270,43386,1.0,0,0,3,1590,23,0,23,664524.1592356688,667790.3,1220.0,10.160655737704918,6.5,0.5
4.0,2.0,2030,9600,1.5,0,0,3,600,67,1,2,249552.22727272726,266966.6,676.6666666666666,4.729064039408867,6.0,0.4
3.0,3.25,1689,1388,3.0,0,0,3,0,6,0,6,570223.1185050136,468929.3650793651,397.4117647058824,0.8217880402605092,6.25,0.8125
5.0,2.75,2870,4461,1.0,0,0,3,1220,38,0,38,583475.1987418453,543333.5897435897,765.3333333333334,1.554355400696864,7.75,0.4583333333333333
3.0,1.75,1270,4800,1.0,0,0,3,0,62,1,0,576183.7791741472,428104.3859649123,461.8181818181818,3.779527559055118,4.75,0.4375
4.0,2.5,2790,7938,2.0,0,0,3,0,17,0,17,704425.8029661017,632657.0428571429,797.1428571428571,2.8451612903225807,6.5,0.5
5.0,3.25,3850,16249,2.0,0,2,3,820,12,0,12,289521.22794117645,337419.359375,905.8823529411765,4.220519480519481,8.25,0.5416666666666666
3.0,2.5,1560,9361,1.5,0,0,4,200,78,0,78,570223.1185050136,322012.1379310345,445.7142857142857,6.000641025641026,5.5,0.625
3.0,1.75,1180,4080,1.0,0,0,4,420,86,0,86,570223.1185050136,586761.8313953489,429.09090909090907,3.457627118644068,4.75,0.4375
4.0,1.75,1820,8118,1.0,0,0,4,740,34,0,34,306368.0406504065,289447.0487804878,661.8181818181819,4.460439560439561,5.75,0.35
5.0,1.75,1260,4500,1.5,0,0,3,0,88,1,11,573185.0026954178,933638.5714285715,458.1818181818182,3.5714285714285716,6.75,0.2916666666666667
3.0,2.5,2640,6715,2.0,0,0,3,960,23,0,23,377807.7863636364,347522.01615384617,754.2857142857143,2.543560606060606,5.5,0.625
2.0,1.0,1100,4200,1.0,0,0,3,0,60,1,9,576183.7791741472,509155.26219512196,550.0,3.8181818181818183,3.0,0.3333333333333333
3.0,2.5,1950,6871,2.0,0,0,3,0,17,0,17,423979.98295454547,377329.25409836066,557.1428571428571,3.5235897435897434,5.5,0.625
3.0,2.0,1380,8682,1.0,0,0,4,0,48,0,48,295841.6666666667,309513.63636363635,460.0,6.291304347826087,5.0,0.5
3.0,2.75,2200,7000,1.0,0,0,4,920,37,0,37,371872.2878787879,351000.68055555556,586.6666666666666,3.1818181818181817,5.75,0.6875
4.0,1.5,2050,7100,1.0,0,0,3,1000,51,1,6,306983.0317460318,273470.65789473685,820.0,3.4634146341463414,5.5,0.3
5.0,3.0,2795,15101,2.0,0,0,3,0,18,0,18,413841.8,413841.8,698.75,5.402862254025044,8.0,0.5
4.0,2.5,2050,34222,2.0,0,0,4,0,25,0,25,632047.53125,676773.2142857143,585.7142857142857,16.693658536585367,6.5,0.5
4.0,3.0,6430,27517,2.0,0,0,3,0,13,0,13,847974.924611399,1310316.904,1607.5,4.279471228615863,7.0,0.6
5.0,1.75,2150,7171,1.0,0,0,4,690,44,0,44,302187.765625,282441.9347826087,781.8181818181819,3.3353488372093025,6.75,0.2916666666666667
3.0,1.75,1970,8200,1.0,0,0,5,550,51,0,51,428665.7159090909,653322.2432432432,716.3636363636364,4.16243654822335,4.75,0.4375
4.0,2.5,2660,12672,1.0,0,0,4,920,54,1,13,290510.51923076925,297778.6111111111,760.0,4.76390977443609,6.5,0.5
1.0,1.0,720,4800,1.0,0,0,3,0,100,1,18,583475.1987418453,451032.07547169813,360.0,6.666666666666667,2.0,0.5
4.0,2.5,2410,4780,2.0,0,0,3,0,14,0,14,533938.304347826,533938.304347826,688.5714285714286,1.983402489626556,6.5,0.5
3.0,2.0,2020,5500,1.5,0,3,3,230,77,1,15,573185.0026954178,743714.088888889,673.3333333333334,2.722772277227723,5.0,0.5
2.0,1.0,1080,9435,1.0,0,0,3,0,56,1,10,377807.7863636364,347522.01615384617,540.0,8.73611111111111,3.0,0.3333333333333333
3.0,1.75,1180,14292,1.0,0,0,3,0,33,1,1,421049.06666666665,421049.06666666665,429.09090909090907,12.111864406779661,4.75,0.4375
2.0,1.0,660,5000,1.0,0,0,3,0,99,0,99,570223.1185050136,303242.85714285716,330.0,7.575757575757576,3.0,0.3333333333333333
3.0,1.75,2920,9370,1.0,0,0,4,1300,33,0,33,859295.1570351758,809147.9375,1061.8181818181818,3.208904109589041,4.75,0.4375
4.0,4.25,4850,12445,2.0,1,4,5,1000,25,0,25,661873.9341085271,490319.85294117645,923.8095238095239,2.565979381443299,8.25,0.85
3.0,1.0,1080,8580,1.5,0,0,3,0,114,1,9,333746.17391304346,276613.06976744183,540.0,7.944444444444445,4.0,0.25
3.0,1.75,1670,6900,1.0,0,0,3,500,36,0,36,302406.8613861386,294601.05,607.2727272727273,4.131736526946108,4.75,0.4375
6.0,1.0,1370,5080,1.5,0,0,3,250,83,0,83,583475.1987418453,300070.8333333333,685.0,3.708029197080292,7.0,0.14285714285714285
5.0,3.5,3450,28324,1.0,0,0,5,1100,42,0,42,655071.1991869919,798061.106557377,766.6666666666666,8.209855072463768,8.5,0.5833333333333334
4.0,2.0,1970,10500,1.0,0,0,3,150,53,1,10,378731.27777777775,484335.21428571426,656.6666666666666,5.32994923857868,6.0,0.4
4.0,2.5,2290,6738,2.0,0,0,3,0,18,0,18,589927.1679389313,617858.71875,654.2857142857143,2.94235807860262,6.5,0.5
5.0,2.5,2240,7543,1.0,0,0,3,1100,48,1,51,433780.94444444444,807100.6571428571,640.0,3.367410714285714,7.5,0.4166666666666667
2.0,1.0,1240,6400,1.0,0,1,4,180,76,0,76,576183.7791741472,428104.3859649123,620.0,5.161290322580645,3.0,0.3333333333333333
3.0,2.5,2420,43177,2.0,0,4,4,730,25,0,25,707300.656504065,773933.2182539683,691.4285714285714,17.841735537190083,5.5,0.625
5.0,3.5,3260,58806,2.0,0,0,4,0,45,0,45,297151.21774193546,336132.38095238095,724.4444444444445,18.038650306748465,8.5,0.5833333333333334
2.0,1.0,670,10920,1.0,0,0,3,0,72,1,15,573185.0026954178,386791.8375,335.0,16.29850746268657,3.0,0.3333333333333333
5.0,3.25,3160,10000,2.0,0,0,4,0,34,0,34,609064.7603305785,593956.5636363636,743.5294117647059,3.1645569620253164,8.25,0.5416666666666666
3.0,2.25,1990,6350,2.0,0,0,3,0,47,1,3,311057.8333333333,313968.0571428572,612.3076923076923,3.190954773869347,5.25,0.5625
4.0,3.5,4680,9700,2.0,0,0,3,1320,9,0,9,859295.1570351758,809147.9375,1040.0,2.072649572649573,7.5,0.7
3.0,2.5,1700,3575,2.0,0,0,3,0,14,0,14,574543.2427470535,353735.36363636365,485.7142857142857,2.1029411764705883,5.5,0.625
4.0,2.5,2807,9430,2.0,0,0,3,0,18,0,18,453958.47826086957,453958.47826086957,802.0,3.359458496615604,6.5,0.5
4.0,1.75,1770,9375,1.0,0,0,4,600,46,0,46,662070.8855421686,637280.5326086957,643.6363636363636,5.296610169491525,5.75,0.35
4.0,2.5,2570,9000,1.0,0,0,4,980,35,0,35,290510.51923076925,287434.2,734.2857142857143,3.501945525291829,6.5,0.5
3.0,3.0,3450,16200,2.0,0,0,3,0,31,1,5,707300.656504065,637825.9692307692,862.5,4.695652173913044,6.0,0.75
3.0,2.0,1670,7700,1.0,0,0,3,500,42,1,12,661873.9341085271,490319.85294117645,556.6666666666666,4.610778443113772,5.0,0.5
3.0,1.75,1050,6150,1.5,0,0,4,100,86,0,86,573185.0026954178,666351.088888889,381.8181818181818,5.857142857142857,4.75,0.4375
4.0,2.5,1910,7683,2.0,0,0,3,0,27,1,14,602238.7424242424,586241.8196721311,545.7142857142857,4.022513089005235,6.5,0.5
3.0,1.0,910,7700,1.0,0,0,4,0,43,0,43,654481.2884615385,520942.46376811597,455.0,8.461538461538462,4.0,0.25
5.0,2.25,2480,12070,2.0,0,0,3,0,36,0,36,707300.656504065,637825.9692307692,763.0769230769231,4.866935483870968,7.25,0.375
2.0,1.5,1820,8867,2.0,0,0,3,0,93,1,14,345922.0,270748.24,728.0,4.8719780219780215,3.5,0.5
4.0,2.5,2920,7700,2.0,0,0,3,0,11,0,11,420666.78571428574,420666.78571428574,834.2857142857143,2.636986301369863,6.5,0.5
5.0,2.25,1870,11411,1.0,0,0,4,700,53,1,13,473692.0,384471.0,575.3846153846154,6.102139037433155,7.25,0.375
4.0,3.5,3810,9792,2.0,0,0,3,0,76,1,1,583475.1987418453,371058.47297297296,846.6666666666666,2.5700787401574803,7.5,0.7
4.0,2.25,2190,4080,2.0,0,0,3,390,96,0,96,583475.1987418453,901820.6896551724,673.8461538461538,1.8630136986301369,6.25,0.45
3.0,2.5,1730,6368,2.0,0,0,3,0,21,0,21,339556.4805970149,339556.4805970149,494.2857142857143,3.6809248554913294,5.5,0.625
5.0,2.5,2220,9360,1.0,0,0,4,1110,46,0,46,377807.7863636364,347522.01615384617,634.2857142857143,4.216216216216216,7.5,0.4166666666666667
3.0,1.5,1320,8114,1.0,0,0,3,0,63,1,20,847974.924611399,1310316.904,528.0,6.1469696969696965,4.5,0.375
3.0,1.75,1510,4800,1.0,0,2,3,650,89,1,3,570223.1185050136,415307.3275862069,549.0909090909091,3.1788079470198674,4.75,0.4375
3.0,2.0,2120,4080,2.0,0,0,3,0,11,0,11,667110.3374233128,692946.9841269841,706.6666666666666,1.9245283018867925,5.0,0.5
2.0,2.0,1690,4500,1.0,0,0,3,0,10,1,11,662070.8855421686,692332.75,563.3333333333334,2.662721893491124,4.0,0.6666666666666666
3.0,3.5,1360,1419,2.0,0,0,3,320,7,0,7,583475.1987418453,543333.5897435897,302.22222222222223,1.0433823529411765,6.5,0.875
4.0,2.5,3250,5000,2.0,0,0,3,0,6,0,6,377807.7863636364,523649.19402985077,928.5714285714286,1.5384615384615385,6.5,0.5
3.0,2.25,1490,1294,2.0,0,0,3,270,4,0,4,573185.0026954178,299231.52173913043,458.46153846153845,0.8684563758389262,5.25,0.5625
3.0,1.75,1930,6360,1.0,0,0,3,0,1,1,91,561804.3541666666,561804.3541666666,701.8181818181819,3.295336787564767,4.75,0.4375
4.0,2.5,2020,5501,2.0,0,0,3,0,4,0,4,376968.54547619045,514326.8552631579,577.1428571428571,2.7232673267326732,6.5,0.5
3.0,2.25,1584,2800,2.0,0,0,3,0,2,1,102,308362.248,225450.1,487.38461538461536,1.7676767676767677,5.25,0.5625
4.0,2.5,3170,8523,2.0,0,0,3,0,6,0,6,665473.701171875,817309.8975409836,905.7142857142857,2.6886435331230283,6.5,0.5
4.0,2.75,3870,10046,2.0,0,0,3,0,9,0,9,654481.2884615385,805533.4016393443,1032.0,2.5958656330749355,6.75,0.55
2.0,2.5,1430,923,3.0,0,0,3,20,6,0,6,583475.1987418453,598663.1875,408.57142857142856,0.6454545454545455,4.5,0.8333333333333334
3.0,3.25,1380,1120,3.0,0,0,3,0,6,0,6,576183.7791741472,581484.52,324.70588235294116,0.8115942028985508,6.25,0.8125
4.0,2.5,2610,4595,2.0,0,0,3,0,6,0,6,466376.511627907,466376.511627907,745.7142857142857,1.760536398467433,6.5,0.5
3.0,3.25,1540,1428,3.0,0,0,3,0,1,1,91,570223.1185050136,606082.1632653062,362.3529411764706,0.9272727272727272,6.25,0.8125
3.0,2.5,1940,9000,1.0,0,0,4,970,66,0,66,583475.1987418453,552240.609375,554.2857142857143,4.639175257731959,5.5,0.625
3.0,2.5,2160,3000,1.5,0,0,3,900,105,1,3,573185.0026954178,458276.3157894737,617.1428571428571,1.3888888888888888,5.5,0.625
4.0,1.75,1530,8750,1.5,0,0,4,0,46,0,46,370580.66352040815,348268.4566176471,556.3636363636364,5.718954248366013,5.75,0.35
3.0,2.0,1440,7210,1.0,0,0,3,0,31,1,5,294280.725,357244.34545454546,480.0,5.006944444444445,5.0,0.5
4.0,2.5,2640,8625,2.0,0,0,3,0,27,1,14,370580.66352040815,348268.4566176471,754.2857142857143,3.2670454545454546,6.5,0.5
4.0,3.25,3620,5131,2.0,0,3,4,1270,87,0,87,583475.1987418453,901820.6896551724,851.7647058823529,1.417403314917127,7.25,0.65
4.0,2.5,2850,4650,2.0,0,0,3,0,10,1,11,339211.3264705882,339211.3264705882,814.2857142857143,1.631578947368421,6.5,0.5
2.0,1.0,1260,4377,1.0,0,0,4,0,67,1,26,583475.1987418453,598663.1875,630.0,3.473809523809524,3.0,0.3333333333333333
3.0,1.75,1610,11200,1.0,0,0,3,0,59,1,9,665473.701171875,817309.8975409836,585.4545454545455,6.956521739130435,4.75,0.4375
3.0,2.0,1360,5980,1.5,0,0,3,0,69,1,6,574543.2427470535,618140.3414634146,453.3333333333333,4.397058823529412,5.0,0.5
4.0,2.5,2496,8058,2.0,0,0,3,0,16,1,8,664524.1592356688,661440.7894736842,713.1428571428571,3.2283653846153846,6.5,0.5
4.0,2.25,2160,9593,1.0,0,0,3,0,45,1,4,854623.3027093596,621811.7647058824,664.6153846153846,4.441203703703704,6.25,0.45
3.0,1.0,1320,3625,2.0,0,0,3,0,114,1,9,573185.0026954178,544298.1739130435,660.0,2.746212121212121,4.0,0.25
2.0,2.5,2540,7089,2.0,0,0,3,0,10,1,11,583475.1987418453,639284.1666666666,725.7142857142857,2.790944881889764,4.5,0.8333333333333334
4.0,3.0,2620,18362,1.0,0,0,4,750,58,0,58,859215.5687192117,827419.403125,655.0,7.008396946564885,7.0,0.6
3.0,1.5,1140,8340,1.0,0,0,3,0,54,1,2,333746.17391304346,276613.06976744183,456.0,7.315789473684211,4.5,0.375
3.0,2.0,1790,42399,1.0,0,0,4,0,24,0,24,297123.8925619835,363214.4727272727,596.6666666666666,23.68659217877095,5.0,0.5
4.0,2.5,2440,3600,2.5,0,0,4,0,112,0,112,573185.0026954178,933638.5714285715,697.1428571428571,1.4754098360655739,6.5,0.5
3.0,2.0,2140,7200,1.0,0,0,4,660,48,0,48,377807.7863636364,401767.1379310345,713.3333333333334,3.364485981308411,5.0,0.5
3.0,1.0,1330,5412,2.0,0,0,5,0,109,0,109,322780.4347826087,322780.4347826087,665.0,4.069172932330827,4.0,0.25
4.0,2.5,2590,7910,2.0,0,0,3,0,13,0,13,583475.1987418453,600662.226744186,740.0,3.054054054054054,6.5,0.5
4.0,4.5,4750,13912,2.0,0,2,3,1150,9,0,9,576183.7791741472,413719.29824561405,863.6363636363636,2.9288421052631577,8.5,0.9
2.0,1.0,1620,9205,1.0,0,0,5,770,93,0,93,675464.6038732395,521302.5714285714,810.0,5.682098765432099,3.0,0.3333333333333333
4.0,2.5,2440,34290,2.0,0,0,3,0,27,1,14,667110.3374233128,692946.9841269841,697.1428571428571,14.05327868852459,6.5,0.5
3.0,2.75,2020,10744,1.0,0,0,5,750,60,0,60,480427.5,418429.25675675675,538.6666666666666,5.318811881188119,5.75,0.6875
3.0,1.5,1470,7200,2.0,0,0,4,0,107,0,107,583475.1987418453,451032.07547169813,588.0,4.8979591836734695,4.5,0.375
5.0,4.75,5990,10450,2.0,1,4,3,1940,12,0,12,589927.1679389313,562969.2461538462,1041.7391304347825,1.7445742904841401,9.75,0.7916666666666666
6.0,2.75,2520,9324,1.0,0,0,4,1200,52,0,52,461754.1666666667,377329.25409836066,672.0,3.7,8.75,0.39285714285714285
2.0,1.75,1440,4225,1.0,0,0,3,0,9,0,9,662070.8855421686,692332.75,523.6363636363636,2.9340277777777777,3.75,0.5833333333333334
3.0,2.25,1640,7350,1.0,0,0,3,500,30,0,30,291133.71153846156,302512.97297297296,504.61538461538464,4.4817073170731705,5.25,0.5625
4.0,2.25,2150,20181,1.0,0,0,3,1060,51,1,6,447643.1818181818,447643.1818181818,661.5384615384615,9.386511627906977,6.25,0.45
2.0,1.0,1570,8210,1.0,0,0,4,420,62,0,62,570223.1185050136,653322.2432432432,785.0,5.229299363057325,3.0,0.3333333333333333
4.0,1.0,1980,10350,1.0,0,0,4,550,46,0,46,589927.1679389313,562969.2461538462,990.0,5.2272727272727275,5.0,0.2
3.0,1.0,1210,4731,1.5,0,0,3,0,113,0,113,570223.1185050136,586761.8313953489,605.0,3.909917355371901,4.0,0.25
3.0,1.75,1900,3000,1.5,0,0,5,830,111,0,111,574543.2427470535,445100.0,690.9090909090909,1.5789473684210527,4.75,0.4375
3.0,1.75,1940,219527,1.0,0,0,3,0,23,0,23,339211.3264705882,339211.3264705882,705.4545454545455,113.15824742268042,4.75,0.4375
3.0,1.75,1310,8065,1.0,0,0,4,0,66,0,66,573185.0026954178,566123.421875,476.3636363636364,6.156488549618321,4.75,0.4375
2.0,1.0,990,39964,1.0,0,0,2,0,69,0,69,297151.21774193546,336132.38095238095,495.0,40.36767676767677,3.0,0.3333333333333333
3.0,3.5,3870,3819,2.0,0,0,3,1110,12,0,12,573185.0026954178,705945.625,860.0,0.9868217054263566,6.5,0.875
3.0,2.0,1340,4320,1.0,0,0,3,420,102,1,21,297123.8925619835,220484.78260869565,446.6666666666667,3.2238805970149254,5.0,0.5
4.0,2.25,2160,5600,1.0,0,0,5,1080,67,0,67,583475.1987418453,901820.6896551724,664.6153846153846,2.5925925925925926,6.25,0.45
4.0,2.0,2080,13510,1.0,0,0,3,1040,64,1,9,576183.7791741472,282454.22794117645,693.3333333333334,6.4951923076923075,6.0,0.4
3.0,2.0,1300,11374,1.5,0,0,5,0,81,0,81,246844.69565217392,276613.06976744183,433.3333333333333,8.749230769230769,5.0,0.5
4.0,2.5,2610,8031,2.0,0,0,3,0,16,1,8,478061.90476190473,381644.5188679245,745.7142857142857,3.0770114942528735,6.5,0.5
3.0,1.0,1050,8498,1.0,0,0,4,0,55,0,55,301453.96774193546,288301.54901960783,525.0,8.093333333333334,4.0,0.25
3.0,2.5,2480,6112,2.0,0,0,3,0,10,1,11,379453.5624401914,351241.91041666665,708.5714285714286,2.464516129032258,5.5,0.625
4.0,2.25,1820,8255,1.5,0,0,4,500,84,0,84,583475.1987418453,378450.7192982456,560.0,4.535714285714286,6.25,0.45
3.0,1.75,1170,8740,1.0,0,0,4,0,46,0,46,664524.1592356688,661440.7894736842,425.45454545454544,7.47008547008547,4.75,0.4375
4.0,2.25,2370,6000,1.0,0,2,3,930,55,1,25,576183.7791741472,718727.3611111111,729.2307692307693,2.5316455696202533,6.25,0.45
5.0,3.75,3090,7415,2.0,0,0,3,0,0,0,0,345010.7211538461,291088.46153846156,650.5263157894736,2.399676375404531,8.75,0.625
3.0,1.75,2310,11200,1.0,0,0,4,680,36,1,14,301453.96774193546,287895.1666666667,840.0,4.848484848484849,4.75,0.4375
4.0,2.25,2060,10358,1.0,0,0,4,740,52,0,52,859215.5687192117,827419.403125,633.8461538461538,5.028155339805825,6.25,0.45
3.0,2.0,2540,237402,1.0,0,0,3,0,7,0,7,322780.4347826087,322780.4347826087,846.6666666666666,93.46535433070866,5.0,0.5
4.0,2.5,2400,7693,2.0,0,0,3,0,11,0,11,377807.7863636364,523649.19402985077,685.7142857142857,3.205416666666667,6.5,0.5
3.0,1.0,1320,8450,1.0,0,0,3,440,53,1,10,290510.51923076925,287434.2,660.0,6.401515151515151,4.0,0.25
2.0,1.0,790,6600,1.0,0,0,3,0,65,1,16,570223.1185050136,577744.32,395.0,8.354430379746836,3.0,0.3333333333333333
4.0,2.0,1790,14690,1.0,0,1,4,120,54,1,13,307819.2631578947,306565.7297297297,596.6666666666666,8.206703910614525,6.0,0.4
3.0,2.25,1820,7326,2.0,0,0,3,0,31,1,5,665473.701171875,527234.776119403,560.0,4.025274725274725,5.25,0.5625
6.0,2.0,1670,3000,1.0,0,0,5,770,103,1,30,576183.7791741472,947948.46875,556.6666666666666,1.7964071856287425,8.0,0.2857142857142857
5.0,3.5,3990,9938,2.0,0,0,3,0,13,0,13,674250.625,510118.0,886.6666666666666,2.4907268170426065,8.5,0.5833333333333334
3.0,2.0,1430,6000,1.0,0,0,5,0,69,0,69,420507.6153846154,378368.49253731343,476.6666666666667,4.195804195804196,5.0,0.5
4.0,2.0,2030,103672,1.0,0,0,4,0,45,0,45,312833.3333333333,312833.3333333333,676.6666666666666,51.069950738916255,6.0,0.4
4.0,1.75,1290,3060,2.0,0,0,4,0,108,1,24,573185.0026954178,576457.3465346535,469.09090909090907,2.372093023255814,5.75,0.35
4.0,3.5,3820,13224,2.0,0,0,3,540,24,1,5,881585.4168316831,1323936.9862068966,848.8888888888889,3.461780104712042,7.5,0.7
4.0,3.25,2520,3360,1.5,0,0,4,970,83,0,83,576183.7791741472,610943.3953488372,592.9411764705883,1.3333333333333333,7.25,0.65
5.0,3.0,3880,13000,2.0,0,0,3,0,42,1,11,1182030.1090909091,1182030.1090909091,970.0,3.350515463917526,8.0,0.5
2.0,1.75,1590,5136,1.5,0,3,3,270,87,1,3,570223.1185050136,731861.7619047619,578.1818181818181,3.230188679245283,3.75,0.5833333333333334
5.0,2.0,3530,9385,1.5,0,0,3,0,89,1,12,583475.1987418453,662231.5294117647,1176.6666666666667,2.6586402266288953,7.0,0.3333333333333333
3.0,2.5,1610,4611,2.0,0,0,3,0,18,0,18,589927.1679389313,617858.71875,460.0,2.863975155279503,5.5,0.625
4.0,2.5,3280,209088,2.0,0,0,3,0,20,0,20,662070.8855421686,692332.75,937.1428571428571,63.74634146341464,6.5,0.5
3.0,1.75,1860,15681,1.0,0,0,4,0,43,0,43,298547.1904761905,296686.537037037,676.3636363636364,8.430645161290322,4.75,0.4375
3.0,1.75,1840,5000,1.0,0,0,4,920,104,0,104,570223.1185050136,586761.8313953489,669.0909090909091,2.717391304347826,4.75,0.4375
3.0,2.5,2120,7201,2.0,0,0,3,0,11,0,11,583475.1987418453,378450.7192982456,605.7142857142857,3.396698113207547,5.5,0.625
4.0,2.5,2270,9247,1.0,0,0,5,770,42,0,42,847974.924611399,802442.5981012658,648.5714285714286,4.073568281938326,6.5,0.5
3.0,2.5,2840,48716,1.0,0,3,3,970,20,0,20,549237.5,549237.5,811.4285714285714,17.153521126760563,5.5,0.625
4.0,1.5,1220,9600,1.0,0,0,3,0,34,0,34,524471.4375,524471.4375,488.0,7.868852459016393,5.5,0.3
4.0,2.5,2310,4079,2.0,0,0,3,0,6,0,6,574543.2427470535,566680.5729166666,660.0,1.7658008658008657,6.5,0.5
3.0,1.75,1840,7300,1.0,0,0,3,0,48,1,51,290510.51923076925,287434.2,669.0909090909091,3.967391304347826,4.75,0.4375
3.0,2.5,950,1110,2.0,0,0,3,0,11,0,11,576183.7791741472,797525.2941176471,271.42857142857144,1.168421052631579,5.5,0.625
4.0,2.25,3070,8400,2.0,0,0,4,0,44,0,44,655071.1991869919,514387.5806451613,944.6153846153846,2.736156351791531,6.25,0.45
3.0,2.0,1730,38884,1.0,0,0,3,0,17,0,17,339556.4805970149,339556.4805970149,576.6666666666666,22.47630057803468,5.0,0.5
2.0,1.0,920,8341,1.0,0,0,3,0,75,1,45,570223.1185050136,394355.8048780488,460.0,9.066304347826087,3.0,0.3333333333333333
3.0,2.75,3200,6699,2.0,0,0,3,0,10,1,11,712166.302173913,775557.8101851852,853.3333333333334,2.0934375,5.75,0.6875
4.0,2.75,3010,15992,2.0,0,0,3,0,18,0,18,712166.302173913,775557.8101851852,802.6666666666666,5.3129568106312295,6.75,0.55
3.0,2.25,1600,10240,1.0,0,0,3,510,35,1,0,655071.1991869919,514387.5806451613,492.3076923076923,6.4,5.25,0.5625
4.0,2.5,2840,11044,2.0,0,0,3,0,13,0,13,661873.9341085271,490319.85294117645,811.4285714285714,3.888732394366197,6.5,0.5
3.0,2.5,2430,10500,2.0,0,1,3,0,25,0,25,847974.924611399,1310316.904,694.2857142857143,4.320987654320987,5.5,0.625
3.0,1.75,1750,11461,2.0,0,0,4,0,38,1,22,297123.8925619835,220484.78260869565,636.3636363636364,6.549142857142857,4.75,0.4375
3.0,2.25,1240,949,3.0,0,0,3,0,6,0,6,576183.7791741472,581484.52,381.53846153846155,0.7653225806451613,5.25,0.5625
3.0,3.25,1530,1612,3.0,0,0,3,0,8,0,8,573185.0026954178,580282.4444444445,360.0,1.05359477124183,6.25,0.8125
3.0,3.5,3390,10078,2.0,0,0,3,350,2,1,102,673746.1363636364,502494.4029850746,753.3333333333334,2.9728613569321536,6.5,0.875
3.0,2.5,2320,6775,1.0,0,0,3,0,6,0,6,664018.5575757576,696975.4117647059,662.8571428571429,2.9202586206896552,5.5,0.625
4.0,2.5,2650,6884,2.0,0,0,3,0,2,1,102,664524.1592356688,667790.3,757.1428571428571,2.597735849056604,6.5,0.5
3.0,2.5,2238,7209,2.0,0,0,3,0,3,0,3,302406.8613861386,294601.05,639.4285714285714,3.221179624664879,5.5,0.625
4.0,2.5,2620,7553,2.0,0,0,3,0,18,0,18,704362.1153846154,401767.1379310345,748.5714285714286,2.882824427480916,6.5,0.5
3.0,2.75,1910,7280,1.0,0,0,3,750,35,1,0,661873.9341085271,490319.85294117645,509.3333333333333,3.81151832460733,5.75,0.6875
4.0,2.5,3040,6587,2.0,0,0,3,0,11,0,11,664018.5575757576,696975.4117647059,868.5714285714286,2.1667763157894737,6.5,0.5
7.0,3.5,4640,15235,2.0,0,1,3,1780,49,1,11,1182030.1090909091,1182030.1090909091,1031.111111111111,3.283405172413793,10.5,0.4375
3.0,1.0,1500,4000,1.0,0,0,3,600,89,1,12,583475.1987418453,552240.609375,750.0,2.6666666666666665,4.0,0.25
1.0,0.75,380,15000,1.0,0,0,3,0,51,1,6,378731.27777777775,276613.06976744183,217.14285714285714,39.473684210526315,1.75,0.375
4.0,3.5,2970,14486,2.0,0,0,3,630,17,0,17,1182030.1090909091,1182030.1090909091,660.0,4.877441077441078,7.5,0.7
4.0,3.25,3030,9273,2.0,0,0,5,0,26,0,26,602238.7424242424,616797.9852941176,712.9411764705883,3.0603960396039604,7.25,0.65
4.0,2.5,1890,12236,1.0,0,0,3,660,36,0,36,400620.86486486485,400620.86486486485,540.0,6.474074074074074,6.5,0.5
2.0,1.0,1040,3600,1.0,0,0,4,0,95,1,34,583475.1987418453,1042056.6226415094,520.0,3.4615384615384617,3.0,0.3333333333333333
4.0,2.5,2090,10306,2.0,0,0,3,0,28,0,28,692567.8918918918,634856.3076923077,597.1428571428571,4.9311004784689,6.5,0.5
2.0,2.0,1680,5756,2.0,0,0,4,0,104,0,104,289521.22794117645,230185.82142857142,560.0,3.426190476190476,4.0,0.6666666666666666
2.0,2.5,2770,7781,2.0,0,0,3,0,8,0,8,667110.3374233128,692946.9841269841,791.4285714285714,2.8090252707581227,4.5,0.8333333333333334
2.0,1.0,1020,5130,1.0,0,0,4,0,66,0,66,306983.0317460318,232806.76666666666,510.0,5.029411764705882,3.0,0.3333333333333333
3.0,2.25,1470,4653,2.0,0,0,4,0,29,0,29,611394.2276422764,624091.0333333333,452.3076923076923,3.1653061224489796,5.25,0.5625
3.0,2.0,1430,3480,1.0,0,0,3,450,67,1,2,583475.1987418453,598663.1875,476.6666666666667,2.4335664335664338,5.0,0.5
4.0,1.75,2050,10920,1.0,0,3,3,600,40,0,40,466114.81481481483,378368.49253731343,745.4545454545455,5.326829268292683,5.75,0.35
4.0,1.0,2080,5500,1.0,0,0,3,1040,73,1,20,576183.7791741472,552908.4521276596,1040.0,2.644230769230769,5.0,0.2
3.0,2.25,2870,8170,2.0,0,0,3,620,19,0,19,573185.0026954178,531402.2828947369,883.0769230769231,2.846689895470383,5.25,0.5625
4.0,3.25,3940,27591,2.0,0,3,3,500,14,0,14,371872.2878787879,510118.0,927.0588235294117,7.002791878172589,7.25,0.65
3.0,1.5,1520,4288,1.0,0,0,3,500,65,1,16,583475.1987418453,559590.6666666666,608.0,2.8210526315789473,4.5,0.375
3.0,1.5,1700,14133,1.0,0,1,4,0,60,1,35,881585.4168316831,1323936.9862068966,680.0,8.313529411764707,4.5,0.375
3.0,2.25,1940,11612,1.0,0,0,4,840,33,0,33,583475.1987418453,282381.0546875,596.9230769230769,5.985567010309278,5.25,0.5625
4.0,2.25,2870,5453,2.0,0,1,4,650,88,1,21,576183.7791741472,359051.2619047619,883.0769230769231,1.9,6.25,0.45
3.0,3.25,3240,8338,2.0,0,0,3,0,13,0,13,707300.656504065,637825.9692307692,762.3529411764706,2.5734567901234566,6.25,0.8125
3.0,1.0,1150,7156,1.0,0,0,4,0,61,1,31,372098.1818181818,275526.7755102041,575.0,6.222608695652174,4.0,0.25
3.0,1.5,1440,28516,1.0,0,0,4,0,39,0,39,701918.4194214876,784592.5133928572,576.0,19.802777777777777,4.5,0.375
5.0,2.5,2200,4080,1.5,0,0,5,780,98,0,98,573185.0026954178,576457.3465346535,628.5714285714286,1.8545454545454545,7.5,0.4166666666666667
3.0,2.0,1470,8089,1.0,0,0,3,0,27,1,14,307819.2631578947,306565.7297297297,490.0,5.502721088435374,5.0,0.5
2.0,1.75,1760,4400,1.0,0,0,4,880,84,0,84,573185.0026954178,576457.3465346535,640.0,2.5,3.75,0.5833333333333334
3.0,1.75,1780,8085,1.0,0,0,3,570,38,0,38,469170.3125,469170.3125,647.2727272727273,4.542134831460674,4.75,0.4375
4.0,2.25,2450,21000,1.0,0,2,4,800,60,1,35,372098.1818181818,467334.3243243243,753.8461538461538,8.571428571428571,6.25,0.45
3.0,3.5,1890,1710,2.0,0,0,3,250,15,0,15,574543.2427470535,602889.9619047618,420.0,0.9047619047619048,6.5,0.875
3.0,2.5,2540,5612,2.0,0,0,3,0,15,0,15,377807.7863636364,523649.19402985077,725.7142857142857,2.209448818897638,5.5,0.625
4.0,1.0,1360,6000,1.5,0,0,3,0,97,1,5,570223.1185050136,610774.3578947368,680.0,4.411764705882353,5.0,0.2
2.0,2.0,1310,2841,2.0,0,0,3,0,10,1,11,351942.0882352941,351942.0882352941,436.6666666666667,2.168702290076336,4.0,0.6666666666666666
3.0,2.0,1510,7884,1.0,0,0,3,0,72,1,0,359824.2021276596,447644.72222222225,503.3333333333333,5.221192052980133,5.0,0.5
3.0,1.5,1860,60960,1.0,0,0,4,720,47,0,47,315737.9310344828,334007.40625,744.0,32.774193548387096,4.5,0.375
4.0,2.0,2200,7700,1.0,0,0,3,1100,35,1,0,370580.66352040815,348268.4566176471,733.3333333333334,3.5,6.0,0.4
4.0,2.5,3360,11548,2.0,0,0,3,0,26,1,14,661873.9341085271,853114.5491803279,960.0,3.4369047619047617,6.5,0.5
3.0,2.75,2470,10125,2.0,0,0,3,0,54,1,2,1182030.1090909091,1182030.1090909091,658.6666666666666,4.09919028340081,5.75,0.6875
2.0,1.0,1260,3960,1.0,0,0,3,570,89,1,12,570223.1185050136,586761.8313953489,630.0,3.142857142857143,3.0,0.3333333333333333
3.0,1.0,1430,10005,1.5,0,0,4,0,64,1,31,570223.1185050136,382164.4375,715.0,6.996503496503497,4.0,0.25
3.0,2.25,1230,7420,1.5,0,0,5,0,101,0,101,297123.8925619835,220484.78260869565,378.46153846153845,6.032520325203252,5.25,0.5625
4.0,2.5,2320,11717,2.0,0,0,3,0,17,0,17,421049.06666666665,421049.06666666665,662.8571428571429,5.0504310344827585,6.5,0.5
4.0,2.5,3290,6628,2.0,0,0,3,0,11,0,11,692567.8918918918,761330.9019607843,940.0,2.0145896656534954,6.5,0.5
4.0,2.5,2550,4770,2.0,0,0,3,0,9,0,9,345402.7394736842,345402.7394736842,728.5714285714286,1.8705882352941177,6.5,0.5
3.0,2.5,1870,5013,2.0,0,0,3,0,11,0,11,469170.3125,469170.3125,534.2857142857143,2.680748663101604,5.5,0.625
5.0,3.0,3110,12429,1.0,0,0,3,1320,37,1,10,487024.75,487024.75,777.5,3.9964630225080384,8.0,0.5
3.0,2.5,1820,8085,2.0,0,0,3,0,31,1,5,370580.66352040815,304373.5294117647,520.0,4.4423076923076925,5.5,0.625
3.0,3.25,3050,18892,1.0,1,4,4,1400,52,0,52,295841.6666666667,299247.56097560975,717.6470588235294,6.194098360655738,6.25,0.8125
4.0,2.0,1890,6302,2.0,0,0,3,0,17,0,17,302187.765625,292224.96153846156,630.0,3.3343915343915342,6.0,0.4
1.0,1.0,800,16306,1.0,0,0,2,120,83,0,83,576183.7791741472,276613.06976744183,400.0,20.3825,2.0,0.5
6.0,4.25,6900,244716,2.0,0,0,4,2080,12,0,12,632047.53125,676773.2142857143,1314.2857142857142,35.46608695652174,10.25,0.6071428571428571
4.0,1.75,2670,189486,2.0,0,4,3,0,42,1,12,306983.0317460318,361680.06451612903,970.9090909090909,70.9685393258427,5.75,0.35
5.0,2.75,3260,11700,1.0,0,0,3,1630,50,1,14,859215.5687192117,631745.0,869.3333333333334,3.588957055214724,7.75,0.4583333333333333
2.0,1.0,860,6600,1.0,0,0,5,0,65,0,65,372098.1818181818,275526.7755102041,430.0,7.674418604651163,3.0,0.3333333333333333
5.0,4.0,3366,7800,2.5,0,2,3,400,77,1,15,570223.1185050136,731861.7619047619,673.2,2.3172905525846703,9.0,0.6666666666666666
5.0,3.25,3840,4800,3.0,0,3,3,1090,6,0,6,574543.2427470535,551327.925925926,903.5294117647059,1.25,8.25,0.5416666666666666
4.0,4.5,3850,13551,2.0,0,2,3,850,16,1,8,881585.4168316831,809289.1351351351,700.0,3.5197402597402596,8.5,0.9
4.0,2.5,2040,8265,2.0,0,0,3,0,18,0,18,570223.1185050136,394355.8048780488,582.8571428571429,4.051470588235294,6.5,0.5
3.0,2.25,1790,10209,1.0,0,0,3,500,47,1,3,632047.53125,597260.8888888889,550.7692307692307,5.703351955307262,5.25,0.5625
4.0,3.0,3740,30884,2.0,0,0,3,680,26,1,14,632047.53125,597260.8888888889,935.0,8.257754010695187,7.0,0.6
3.0,3.25,2660,4000,2.0,0,0,3,490,11,0,11,573185.0026954178,544298.1739130435,625.8823529411765,1.5037593984962405,6.25,0.8125
3.0,2.25,3230,17833,2.0,0,0,4,0,41,0,41,859295.1570351758,809147.9375,993.8461538461538,5.521052631578947,5.25,0.5625
4.0,2.0,3140,10437,1.0,0,0,4,1100,55,0,55,1223622.0,1223622.0,1046.6666666666667,3.3238853503184713,6.0,0.4
6.0,4.5,5480,10800,2.0,0,3,4,1050,15,0,15,570223.1185050136,891559.6774193548,996.3636363636364,1.9708029197080292,10.5,0.6428571428571429
3.0,1.0,1160,3750,1.5,0,0,3,0,104,1,8,574543.2427470535,305084.0425531915,580.0,3.2327586206896552,4.0,0.25
3.0,2.25,1860,11227,2.0,0,0,3,0,19,0,19,341878.1945205479,341878.1945205479,572.3076923076923,6.036021505376344,5.25,0.5625
4.0,3.0,1630,7626,1.0,0,0,5,520,24,0,24,570223.1185050136,468929.3650793651,407.5,4.678527607361963,7.0,0.6
3.0,2.25,1750,1879,3.0,0,0,3,0,13,0,13,573185.0026954178,580282.4444444445,538.4615384615385,1.0737142857142856,5.25,0.5625
3.0,1.0,1300,8160,1.0,0,0,4,0,54,1,13,370580.66352040815,393745.6779661017,650.0,6.276923076923077,4.0,0.25
3.0,1.0,960,7314,1.0,0,0,5,0,54,0,54,306983.0317460318,232806.76666666666,480.0,7.61875,4.0,0.25
3.0,2.5,1850,7777,2.0,0,0,5,0,25,0,25,654481.2884615385,805533.4016393443,528.5714285714286,4.203783783783784,5.5,0.625
4.0,2.75,3260,4900,2.0,0,0,3,0,1,1,91,377807.7863636364,523649.19402985077,869.3333333333334,1.5030674846625767,6.75,0.55
4.0,2.25,2420,7927,1.0,0,0,4,1020,41,0,41,428665.7159090909,382164.4375,744.6153846153846,3.275619834710744,6.25,0.45
3.0,1.0,1460,10000,1.5,0,0,3,0,12,0,12,707300.656504065,637825.9692307692,730.0,6.8493150684931505,4.0,0.25
4.0,3.0,2240,8504,2.0,0,0,3,0,22,0,22,428665.7159090909,386772.68253968254,560.0,3.7964285714285713,7.0,0.6
2.0,1.0,1240,27042,1.0,0,1,3,240,71,1,12,488882.5,488882.5,620.0,21.808064516129033,3.0,0.3333333333333333
3.0,2.25,2060,9552,1.0,0,0,4,450,39,0,39,1223622.0,1223622.0,633.8461538461538,4.636893203883496,5.25,0.5625
5.0,2.75,2280,10319,1.0,0,0,3,980,55,1,25,402504.4879518072,718727.3611111111,608.0,4.525877192982456,7.75,0.4583333333333333
4.0,2.5,2510,6853,2.0,0,2,3,0,8,0,8,339556.4805970149,339556.4805970149,717.1428571428571,2.7302788844621513,6.5,0.5
4.0,2.75,3150,7035,2.0,0,0,3,0,10,1,11,692567.8918918918,761330.9019607843,840.0,2.2333333333333334,6.75,0.55
5.0,2.25,2780,10192,2.0,0,0,4,0,36,1,14,881585.4168316831,679366.6666666666,855.3846153846154,3.6661870503597123,7.25,0.375
6.0,1.75,2380,4080,2.0,0,0,3,0,97,1,5,574543.2427470535,951532.2580645161,865.4545454545455,1.7142857142857142,7.75,0.25
3.0,2.25,2140,3000,2.0,0,0,3,0,109,1,8,573185.0026954178,576457.3465346535,658.4615384615385,1.4018691588785046,5.25,0.5625
2.0,1.0,840,4239,1.0,0,0,3,0,66,1,20,574543.2427470535,534537.3662790698,420.0,5.046428571428572,3.0,0.3333333333333333
4.0,2.25,2170,9665,1.0,0,0,4,870,38,1,22,854623.3027093596,833646.4126506024,667.6923076923077,4.453917050691245,6.25,0.45
4.0,3.5,4410,36200,2.0,0,0,3,0,25,0,25,881585.4168316831,809289.1351351351,980.0,8.208616780045352,7.5,0.7
4.0,2.0,2120,11479,1.0,0,0,4,1060,74,1,13,570223.1185050136,468929.3650793651,706.6666666666666,5.414622641509434,6.0,0.4
7.0,5.5,6630,13782,2.0,0,0,3,1700,10,1,11,859295.1570351758,809147.9375,1020.0,2.0787330316742083,12.5,0.6875
3.0,2.75,3290,22649,2.0,0,0,4,0,21,0,21,673746.1363636364,393745.6779661017,877.3333333333334,6.88419452887538,5.75,0.6875
5.0,2.25,2290,7420,1.0,0,0,3,1000,41,1,1,377807.7863636364,347522.01615384617,704.6153846153846,3.2401746724890828,7.25,0.375
3.0,3.0,4910,43560,2.0,0,0,4,910,25,0,25,847974.924611399,634524.0,1227.5,8.871690427698574,6.0,0.75
4.0,2.75,3730,8014,2.0,0,0,3,0,2,1,102,692567.8918918918,634856.3076923077,994.6666666666666,2.148525469168901,6.75,0.55
3.0,2.5,2440,4800,2.0,0,0,3,0,0,0,0,576183.7791741472,286897.82608695654,697.1428571428571,1.9672131147540983,5.5,0.625
3.0,2.5,2570,4600,2.0,0,0,3,0,0,0,0,294280.725,357244.34545454546,734.2857142857143,1.7898832684824904,5.5,0.625
4.0,2.5,2970,4400,2.0,0,0,3,0,0,0,0,664524.1592356688,661440.7894736842,848.5714285714286,1.4814814814814814,6.5,0.5
5.0,3.0,2630,3149,2.0,0,0,3,960,1,1,91,371872.2878787879,392019.0338983051,657.5,1.197338403041825,8.0,0.5
3.0,3.25,1530,1565,2.0,0,0,3,250,9,0,9,576183.7791741472,593491.5454545454,360.0,1.022875816993464,6.25,0.8125
3.0,3.5,3690,8837,2.0,0,0,3,0,13,0,13,561804.3541666666,561804.3541666666,820.0,2.394850948509485,6.5,0.875
2.0,1.0,1230,1820,2.0,0,0,4,400,66,0,66,583475.1987418453,543333.5897435897,615.0,1.4796747967479675,3.0,0.3333333333333333
3.0,2.5,2200,20000,1.0,0,1,3,800,62,1,6,881585.4168316831,1323936.9862068966,628.5714285714286,9.090909090909092,5.5,0.625
4.0,2.25,2330,8994,2.0,0,0,3,0,28,0,28,664018.5575757576,639101.3958333334,716.9230769230769,3.8600858369098714,6.25,0.45
4.0,2.0,2160,6300,1.5,0,1,4,0,86,0,86,574543.2427470535,618140.3414634146,720.0,2.9166666666666665,6.0,0.4
4.0,1.5,1550,9176,1.0,0,0,3,550,58,1,13,847974.924611399,660358.3333333334,620.0,5.92,5.5,0.3
4.0,1.75,1780,2788,1.0,0,0,4,890,71,0,71,574543.2427470535,731451.1428571428,647.2727272727273,1.5662921348314607,5.75,0.35
3.0,1.75,2610,5544,1.5,0,0,3,930,80,1,36,573185.0026954178,566123.421875,949.0909090909091,2.1241379310344826,4.75,0.4375
3.0,2.5,3290,6830,2.0,0,0,3,0,14,0,14,662070.8855421686,637280.5326086957,940.0,2.0759878419452886,5.5,0.625
2.0,1.75,1330,6000,1.0,0,0,4,370,100,1,69,583475.1987418453,788787.2272727273,483.6363636363636,4.511278195488722,3.75,0.5833333333333334
4.0,3.5,3530,14406,2.0,0,1,3,960,27,1,14,655071.1991869919,514387.5806451613,784.4444444444445,4.081019830028328,7.5,0.7
4.0,2.5,2090,6023,2.0,0,0,3,0,24,1,5,602238.7424242424,616797.9852941176,597.1428571428571,2.881818181818182,6.5,0.5
4.0,2.5,2040,8400,1.0,0,0,3,620,51,1,6,847974.924611399,802442.5981012658,582.8571428571429,4.117647058823529,6.5,0.5
4.0,2.5,2370,10083,2.0,0,0,5,0,48,0,48,675464.6038732395,825344.3576388889,677.1428571428571,4.254430379746835,6.5,0.5
4.0,2.5,2810,10613,2.0,0,0,3,0,25,0,25,881585.4168316831,809289.1351351351,802.8571428571429,3.776868327402135,6.5,0.5
3.0,2.5,2050,40003,1.0,0,0,4,480,37,0,37,589927.1679389313,562969.2461538462,585.7142857142857,19.513658536585364,5.5,0.625
3.0,1.75,2870,5000,1.5,0,0,4,1030,107,0,107,574543.2427470535,551327.925925926,1043.6363636363637,1.7421602787456445,4.75,0.4375
4.0,2.5,2130,7300,1.0,0,0,4,900,51,0,51,854623.3027093596,800098.3181818182,608.5714285714286,3.427230046948357,6.5,0.5
4.0,2.5,2580,6260,2.0,0,0,3,0,10,1,11,376968.54547619045,400873.7868852459,737.1428571428571,2.4263565891472867,6.5,0.5
4.0,2.5,2380,13550,2.0,0,0,3,0,15,0,15,256392.83333333334,273468.22222222225,680.0,5.69327731092437,6.5,0.5
4.0,2.0,1940,25600,1.0,0,0,1,0,52,0,52,859295.1570351758,809147.9375,646.6666666666666,13.195876288659793,6.0,0.4
2.0,2.0,1610,17600,2.0,0,0,3,0,84,1,31,352033.1,282229.9568965517,536.6666666666666,10.93167701863354,4.0,0.6666666666666666
3.0,2.5,2060,5750,1.0,0,0,3,730,38,0,38,573185.0026954178,666351.088888889,588.5714285714286,2.79126213592233,5.5,0.625
2.0,1.0,1010,3000,1.0,0,0,4,0,89,1,46,400620.86486486485,400620.86486486485,505.0,2.9702970297029703,3.0,0.3333333333333333
4.0,2.5,2810,11120,2.0,0,0,3,0,32,0,32,707300.656504065,637825.9692307692,802.8571428571429,3.9572953736654806,6.5,0.5
3.0,2.25,2380,11824,1.0,0,0,4,930,42,0,42,1182030.1090909091,1182030.1090909091,732.3076923076923,4.968067226890756,5.25,0.5625
2.0,1.0,1060,7200,1.0,0,0,4,0,63,1,15,433780.94444444444,384471.0,530.0,6.7924528301886795,3.0,0.3333333333333333
3.0,1.75,1560,7207,1.0,0,0,3,310,31,1,5,675464.6038732395,521302.5714285714,567.2727272727273,4.619871794871795,4.75,0.4375
2.0,1.75,1500,8645,1.0,0,0,4,0,51,0,51,315737.9310344828,334007.40625,545.4545454545455,5.763333333333334,3.75,0.5833333333333334
2.0,1.0,970,4560,1.0,0,0,4,0,107,0,107,583475.1987418453,598663.1875,485.0,4.701030927835052,3.0,0.3333333333333333
3.0,1.0,1170,11100,1.0,0,0,4,0,46,0,46,376968.54547619045,514326.8552631579,585.0,9.487179487179487,4.0,0.25
3.0,2.5,2280,7417,2.0,0,0,3,0,16,1,8,294280.725,248072.46153846153,651.4285714285714,3.2530701754385967,5.5,0.625
7.0,3.0,2800,9569,1.0,0,2,3,1400,51,1,6,379453.5624401914,390117.4745762712,700.0,3.4175,10.0,0.375
4.0,1.5,1150,9360,1.5,0,0,3,0,44,1,0,675464.6038732395,521302.5714285714,460.0,8.139130434782608,5.5,0.3
6.0,3.0,2180,7956,2.0,0,0,3,0,34,0,34,298547.1904761905,300771.1538461539,545.0,3.6495412844036696,9.0,0.42857142857142855
4.0,2.5,2520,7253,2.0,0,0,3,0,24,1,5,376968.54547619045,514326.8552631579,720.0,2.878174603174603,6.5,0.5
3.0,1.75,1760,7482,1.0,0,0,4,0,48,0,48,290510.51923076925,287434.2,640.0,4.2511363636363635,4.75,0.4375
2.0,1.0,1180,6552,1.0,0,0,4,0,65,1,29,420507.6153846154,382840.9275362319,590.0,5.552542372881356,3.0,0.3333333333333333
2.0,1.5,950,4625,1.0,0,0,4,0,65,1,29,576183.7791741472,581484.52,380.0,4.868421052631579,3.5,0.5
3.0,2.5,1900,3255,2.0,0,0,3,0,26,1,14,854623.3027093596,673630.7692307692,542.8571428571429,1.7131578947368422,5.5,0.625
4.0,2.5,2300,6158,2.0,0,0,3,0,15,0,15,573185.0026954178,594233.6460674157,657.1428571428571,2.677391304347826,6.5,0.5
6.0,2.75,2660,8400,1.0,0,0,5,1110,52,0,52,859295.1570351758,809147.9375,709.3333333333334,3.1578947368421053,8.75,0.39285714285714285
3.0,1.0,1530,389126,1.5,0,0,4,0,95,1,29,327370.0,327370.0,765.0,254.33071895424837,4.0,0.25
4.0,2.5,1850,5040,1.0,0,0,3,620,84,1,1,570223.1185050136,415307.3275862069,528.5714285714286,2.7243243243243245,6.5,0.5
4.0,3.5,4230,20377,2.0,0,0,3,0,17,0,17,859215.5687192117,1307172.904,940.0,4.81725768321513,7.5,0.7
3.0,2.0,1200,5029,1.0,0,0,3,320,77,1,15,574543.2427470535,605400.1521739131,400.0,4.190833333333333,5.0,0.5
4.0,2.25,2270,5102,1.0,0,0,5,930,60,0,60,576183.7791741472,760659.568627451,698.4615384615385,2.2475770925110132,6.25,0.45
3.0,1.5,1090,9600,1.0,0,0,4,0,46,0,46,331482.7586206897,336132.38095238095,436.0,8.807339449541285,4.5,0.375
3.0,2.75,1100,750,2.0,0,0,3,320,6,0,6,573185.0026954178,299231.52173913043,293.3333333333333,0.6818181818181818,5.75,0.6875
3.0,2.5,1640,1269,3.0,0,0,3,0,5,0,5,576183.7791741472,1007907.8,468.57142857142856,0.7737804878048781,5.5,0.625
3.0,3.75,1950,8625,1.0,0,0,3,590,55,1,25,576183.7791741472,282454.22794117645,410.5263157894737,4.423076923076923,6.75,0.9375
3.0,1.75,1660,10150,1.5,0,0,3,0,57,1,14,423979.98295454547,379153.1549295775,603.6363636363636,6.114457831325301,4.75,0.4375
3.0,1.0,880,9238,1.5,0,0,5,0,68,0,68,428665.7159090909,386772.68253968254,440.0,10.497727272727273,4.0,0.25
3.0,2.5,1500,1375,2.0,0,0,3,300,0,0,0,573185.0026954178,933638.5714285715,428.57142857142856,0.9166666666666666,5.5,0.625
3.0,2.0,1890,1599,2.0,0,0,3,460,2,1,102,570223.1185050136,483946.96794871794,630.0,0.846031746031746,5.0,0.5
3.0,1.0,1150,5100,2.0,0,0,3,0,103,1,9,573185.0026954178,531402.2828947369,575.0,4.434782608695652,4.0,0.25
3.0,2.5,2430,15264,2.0,0,0,3,0,17,0,17,298517.84,282721.1666666667,694.2857142857143,6.281481481481482,5.5,0.625
4.0,1.75,2110,7208,1.0,0,0,3,940,39,0,39,377807.7863636364,347522.01615384617,767.2727272727273,3.4161137440758296,5.75,0.35
3.0,2.0,2950,12196,2.0,0,0,4,640,96,1,40,372098.1818181818,467334.3243243243,983.3333333333334,4.134237288135593,5.0,0.5
3.0,2.25,1650,2958,2.0,0,0,3,0,29,0,29,302187.765625,282441.9347826087,507.6923076923077,1.7927272727272727,5.25,0.5625
3.0,2.25,2110,11319,2.0,0,0,4,0,36,1,14,607079.2441860465,568618.8,649.2307692307693,5.364454976303318,5.25,0.5625
4.0,2.25,2010,19000,2.0,0,0,4,0,39,0,39,315737.9310344828,334007.40625,618.4615384615385,9.45273631840796,6.25,0.45
4.0,2.5,3030,29163,2.0,0,0,3,0,16,1,8,667110.3374233128,692946.9841269841,865.7142857142857,9.624752475247524,6.5,0.5
3.0,1.0,1270,8400,1.0,0,0,3,0,59,1,9,489242.0238095238,489242.0238095238,635.0,6.6141732283464565,4.0,0.25
3.0,1.75,1610,8613,1.0,0,0,5,0,52,0,52,661873.9341085271,853114.5491803279,585.4545454545455,5.349689440993789,4.75,0.4375
3.0,1.0,1140,4200,2.0,0,0,4,0,110,0,110,573185.0026954178,634904.25,570.0,3.6842105263157894,4.0,0.25
3.0,2.5,2110,4118,2.0,0,0,3,0,25,0,25,301453.96774193546,326180.80597014923,602.8571428571429,1.951658767772512,5.5,0.625
3.0,1.75,1840,8086,1.0,0,0,4,0,50,0,50,667110.3374233128,649564.5408163265,669.0909090909091,4.394565217391304,4.75,0.4375
3.0,1.75,1560,5223,1.0,0,0,4,750,74,1,13,573185.0026954178,452594.44444444444,567.2727272727273,3.348076923076923,4.75,0.4375
3.0,1.75,1840,7412,1.0,0,0,4,600,38,1,22,298517.84,279734.9791666667,669.0909090909091,4.028260869565218,4.75,0.4375
4.0,2.5,1830,7345,1.0,0,0,4,290,41,0,41,433780.94444444444,807100.6571428571,522.8571428571429,4.0136612021857925,6.5,0.5
4.0,1.75,2120,7420,1.0,0,0,4,1060,58,0,58,881585.4168316831,699132.2580645161,770.9090909090909,3.5,5.75,0.35
3.0,1.75,1600,10280,1.0,0,0,3,550,37,1,10,661873.9341085271,490319.85294117645,581.8181818181819,6.425,4.75,0.4375
4.0,1.75,1450,8891,1.5,0,0,3,270,52,1,11,248463.04347826086,232418.88888888888,527.2727272727273,6.131724137931035,5.75,0.35
3.0,1.75,1880,12821,1.0,0,0,3,0,55,1,25,478061.90476190473,381644.5188679245,683.6363636363636,6.81968085106383,4.75,0.4375
3.0,1.75,1270,8100,1.0,0,0,3,390,64,1,9,372098.1818181818,371058.47297297296,461.8181818181818,6.377952755905512,4.75,0.4375
4.0,1.5,1720,6417,1.0,0,0,3,0,61,0,61,570223.1185050136,468929.3650793651,688.0,3.730813953488372,5.5,0.3
4.0,2.5,2400,7351,2.0,0,0,3,0,24,1,5,611394.2276422764,624091.0333333333,685.7142857142857,3.0629166666666667,6.5,0.5
3.0,1.0,1150,8145,1.0,0,0,4,160,82,1,56,402504.4879518072,381644.5188679245,575.0,7.082608695652174,4.0,0.25
2.0,1.0,870,11100,1.0,0,0,3,0,74,1,18,583475.1987418453,371058.47297297296,435.0,12.758620689655173,3.0,0.3333333333333333
4.0,2.5,2000,37045,2.0,0,0,3,0,25,0,25,306368.0406504065,331194.18666666665,571.4285714285714,18.5225,6.5,0.5
3.0,2.0,2420,38781,1.0,0,0,5,1210,65,0,65,611394.2276422764,599392.1333333333,806.6666666666666,16.025206611570248,5.0,0.5
3.0,1.0,1080,6000,1.0,0,0,4,0,62,0,62,423979.98295454547,379153.1549295775,540.0,5.555555555555555,4.0,0.25
4.0,2.5,3420,30410,2.0,0,0,3,0,26,1,14,602057.1753246753,636714.1129032258,977.1428571428571,8.891812865497077,6.5,0.5
4.0,2.5,1870,7471,2.0,0,0,3,0,24,1,5,377807.7863636364,337515.625,534.2857142857143,3.995187165775401,6.5,0.5
4.0,2.5,2500,206474,1.0,0,0,3,0,17,0,17,664524.1592356688,667790.3,714.2857142857143,82.5896,6.5,0.5
3.0,2.5,2150,8221,2.0,0,0,3,0,22,0,22,371872.2878787879,510118.0,614.2857142857143,3.8237209302325583,5.5,0.625
3.0,2.25,1470,2500,2.0,0,0,3,390,30,0,30,574543.2427470535,566680.5729166666,452.3076923076923,1.7006802721088434,5.25,0.5625
5.0,2.0,2130,4180,1.5,0,0,5,860,88,0,88,583475.1987418453,639284.1666666666,710.0,1.9624413145539905,7.0,0.3333333333333333
3.0,1.0,1000,19204,1.0,0,0,3,0,46,1,4,298517.84,334007.40625,500.0,19.204,4.0,0.25
3.0,1.75,2390,7149,1.0,0,0,3,1040,59,1,9,583475.1987418453,455981.53846153844,869.0909090909091,2.991213389121339,4.75,0.4375
2.0,1.0,860,2599,1.0,0,0,4,0,113,0,113,583475.1987418453,543333.5897435897,430.0,3.022093023255814,3.0,0.3333333333333333
3.0,2.5,1960,12476,2.0,0,0,4,0,25,0,25,674250.625,392019.0338983051,560.0,6.365306122448979,5.5,0.625
4.0,2.5,2000,6107,2.0,0,0,3,0,11,0,11,487024.75,487024.75,571.4285714285714,3.0535,6.5,0.5
3.0,1.0,1620,9450,1.5,0,0,3,0,86,1,60,576183.7791741472,276613.06976744183,810.0,5.833333333333333,4.0,0.25
6.0,2.5,2890,8122,1.0,0,0,3,1260,37,1,10,854623.3027093596,621811.7647058824,825.7142857142857,2.8103806228373704,8.5,0.35714285714285715
3.0,1.75,1300,12731,1.0,0,0,3,0,33,1,1,707300.656504065,637825.9692307692,472.72727272727275,9.793076923076923,4.75,0.4375
2.0,1.0,1080,3500,1.0,0,3,3,0,90,1,3,576183.7791741472,581484.52,540.0,3.240740740740741,3.0,0.3333333333333333
4.0,2.5,2170,8518,1.0,0,3,3,820,59,1,9,570223.1185050136,282229.9568965517,620.0,3.9253456221198157,6.5,0.5
3.0,2.5,2260,10153,2.0,0,0,3,0,27,1,14,701918.4194214876,631683.0588235294,645.7142857142857,4.492477876106195,5.5,0.625
3.0,1.75,1580,8820,1.0,0,0,4,0,47,0,47,298547.1904761905,300771.1538461539,574.5454545454545,5.582278481012659,4.75,0.4375
4.0,2.5,2620,4469,2.0,0,0,3,0,6,0,6,315737.9310344828,334007.40625,748.5714285714286,1.7057251908396946,6.5,0.5
4.0,2.5,1540,1860,2.0,0,0,3,0,0,0,0,609064.7603305785,621249.6153846154,440.0,1.2077922077922079,6.5,0.5
4.0,2.5,4570,74487,2.0,0,4,5,0,66,1,29,570223.1185050136,653322.2432432432,1305.7142857142858,16.299124726477025,6.5,0.5
4.0,3.25,3440,7661,2.0,0,0,3,0,8,0,8,611394.2276422764,624091.0333333333,809.4117647058823,2.2270348837209304,7.25,0.65
5.0,2.5,1740,8750,1.0,0,0,4,0,55,0,55,307819.2631578947,306565.7297297297,497.14285714285717,5.028735632183908,7.5,0.4166666666666667
4.0,1.75,2160,4333,1.0,0,0,4,900,72,1,32,583475.1987418453,552240.609375,785.4545454545455,2.0060185185185184,5.75,0.35
3.0,1.0,1480,6978,2.0,0,0,4,0,65,1,29,989675.0,1310316.904,740.0,4.714864864864865,4.0,0.25
2.0,1.75,2260,280962,2.0,0,2,3,370,9,0,9,560478.0714285715,560478.0714285715,821.8181818181819,124.31946902654867,3.75,0.5833333333333334
4.0,3.5,3910,59863,2.0,0,0,4,1420,27,0,27,609064.7603305785,593956.5636363636,868.8888888888889,15.310230179028133,7.5,0.7
4.0,1.75,1700,20283,1.5,0,0,3,360,49,1,21,413841.8,413841.8,618.1818181818181,11.931176470588236,5.75,0.35
5.0,2.5,4470,35124,2.5,0,0,3,0,30,0,30,612917.84375,554207.5555555555,1277.142857142857,7.8577181208053695,7.5,0.4166666666666667
3.0,1.75,1800,6000,1.0,0,0,5,900,109,0,109,583475.1987418453,598663.1875,654.5454545454545,3.3333333333333335,4.75,0.4375
3.0,3.25,1630,1677,3.0,0,0,3,0,7,0,7,583475.1987418453,378450.7192982456,383.52941176470586,1.028834355828221,6.25,0.8125
3.0,1.0,1030,9834,1.0,0,0,3,0,45,1,4,610245.4411764706,560633.5,515.0,9.54757281553398,4.0,0.25
1.0,1.0,720,5100,1.0,0,0,3,0,107,1,31,570223.1185050136,586761.8313953489,360.0,7.083333333333333,2.0,0.5
4.0,1.5,1890,43560,1.0,0,0,4,0,40,0,40,289521.22794117645,337419.359375,756.0,23.047619047619047,5.5,0.3
4.0,2.5,1840,5550,2.0,0,0,3,0,10,1,11,297151.21774193546,287917.39130434784,525.7142857142857,3.016304347826087,6.5,0.5
4.0,2.5,2540,8400,2.0,0,0,5,0,37,0,37,298517.84,265478.5,725.7142857142857,3.3070866141732282,6.5,0.5
4.0,3.75,3520,3944,1.5,0,0,5,1320,101,0,101,570223.1185050136,863209.5238095238,741.0526315789474,1.1204545454545454,7.75,0.75
4.0,2.5,3220,7875,1.5,0,0,4,0,48,0,48,859295.1570351758,680245.7142857143,920.0,2.4456521739130435,6.5,0.5
3.0,2.0,1820,5000,1.5,0,0,4,100,73,1,16,573185.0026954178,666351.088888889,606.6666666666666,2.7472527472527473,5.0,0.5
3.0,1.75,1230,9600,1.0,0,0,4,0,30,0,30,271876.92307692306,313686.0298507463,447.27272727272725,7.804878048780488,4.75,0.4375
3.0,2.0,1340,8505,1.0,0,0,3,0,83,0,83,249552.22727272726,275526.7755102041,446.6666666666667,6.347014925373134,5.0,0.5
3.0,1.0,1200,13100,1.0,0,0,3,0,71,1,12,352033.1,271166.2641509434,600.0,10.916666666666666,4.0,0.25
3.0,1.75,1390,18200,1.0,0,0,4,0,52,0,52,298547.1904761905,296686.537037037,505.45454545454544,13.093525179856115,4.75,0.4375
4.0,2.0,1730,3884,1.0,0,0,5,670,90,1,58,570223.1185050136,606082.1632653062,576.6666666666666,2.2450867052023122,6.0,0.4
3.0,2.25,1580,39189,1.0,0,0,3,400,22,0,22,664018.5575757576,696975.4117647059,486.15384615384613,24.803164556962024,5.25,0.5625
4.0,3.0,3520,4895,1.0,0,0,3,1540,60,1,9,574543.2427470535,597116.6666666666,880.0,1.390625,7.0,0.6
4.0,2.5,2650,30500,1.0,0,0,4,970,54,1,13,609064.7603305785,621249.6153846154,757.1428571428571,11.50943396226415,6.5,0.5
3.0,1.75,1310,12750,1.0,0,0,3,0,21,0,21,377807.7863636364,523649.19402985077,476.3636363636364,9.732824427480915,4.75,0.4375
4.0,2.5,2300,7989,2.0,0,0,3,0,24,1,5,704425.8029661017,632657.0428571429,657.1428571428571,3.473478260869565,6.5,0.5
3.0,2.25,1780,7280,1.0,0,2,3,440,42,1,12,665473.701171875,527234.776119403,547.6923076923077,4.089887640449438,5.25,0.5625
3.0,3.25,1980,2850,3.0,0,0,3,0,27,1,14,576183.7791741472,581484.52,465.88235294117646,1.4393939393939394,6.25,0.8125
2.0,1.5,1300,1676,1.0,0,2,3,0,71,1,12,573185.0026954178,544298.1739130435,520.0,1.2892307692307692,3.5,0.5
5.0,3.5,3500,10155,2.0,0,0,3,930,18,0,18,859215.5687192117,827419.403125,777.7777777777778,2.9014285714285712,8.5,0.5833333333333334
3.0,1.0,1830,8004,1.0,0,0,3,630,54,1,2,570223.1185050136,468929.3650793651,915.0,4.3737704918032785,4.0,0.25
3.0,2.25,1520,1245,3.0,0,0,3,0,10,1,11,574543.2427470535,602889.9619047618,467.6923076923077,0.819078947368421,5.25,0.5625
4.0,2.75,2700,37011,2.0,0,0,3,0,30,0,30,297151.21774193546,336132.38095238095,720.0,13.707777777777778,6.75,0.55
3.0,2.75,2810,18731,2.0,1,4,4,0,40,0,40,659713.198757764,628759.967032967,749.3333333333334,6.665836298932384,5.75,0.6875
3.0,2.5,1660,6263,2.0,0,0,3,0,11,0,11,302187.765625,313686.0298507463,474.2857142857143,3.77289156626506,5.5,0.625
3.0,2.0,1310,6738,1.0,0,0,4,0,24,0,24,306341.6666666667,326180.80597014923,436.6666666666667,5.14351145038168,5.0,0.5
4.0,3.5,2960,6000,2.0,0,0,3,0,0,0,0,533938.304347826,533938.304347826,657.7777777777778,2.027027027027027,7.5,0.7
3.0,2.5,2242,4995,2.0,0,0,3,0,3,0,3,306983.0317460318,361680.06451612903,640.5714285714286,2.227921498661909,5.5,0.625
3.0,2.5,2540,4775,2.0,0,0,3,0,8,0,8,297151.21774193546,336132.38095238095,725.7142857142857,1.8799212598425197,5.5,0.625
3.0,1.5,1420,1192,2.0,0,0,3,280,6,0,6,576183.7791741472,619323.25,568.0,0.8394366197183099,4.5,0.375
3.0,1.5,1270,2356,2.0,0,0,3,0,2,1,102,573185.0026954178,356533.4210526316,508.0,1.8551181102362204,4.5,0.375
3.0,2.25,1300,907,2.0,0,0,3,300,8,0,8,576183.7791741472,797525.2941176471,400.0,0.6976923076923077,5.25,0.5625
5.0,3.0,3190,7081,1.0,0,2,3,1300,1,1,91,574543.2427470535,274962.0967741936,797.5,2.2197492163009405,8.0,0.5
5.0,3.25,2910,5027,2.0,0,0,3,870,1,1,91,576183.7791741472,286897.82608695654,684.7058823529412,1.727491408934708,8.25,0.5416666666666666
3.0,2.25,1630,3817,2.0,0,0,3,0,9,0,9,589927.1679389313,617858.71875,501.53846153846155,2.341717791411043,5.25,0.5625
5.0,3.0,2300,8214,2.0,0,0,3,0,1,1,91,302406.8613861386,273470.65789473685,575.0,3.571304347826087,8.0,0.5
3.0,2.5,3310,5300,2.0,0,2,3,870,6,0,6,574543.2427470535,534537.3662790698,945.7142857142857,1.6012084592145015,5.5,0.625
2.0,1.5,940,1768,2.0,0,0,3,0,5,0,5,583475.1987418453,662231.5294117647,376.0,1.8808510638297873,3.5,0.5
2.0,0.75,1020,1350,2.0,0,0,3,0,5,0,5,570223.1185050136,617994.1355932204,582.8571428571429,1.3235294117647058,2.75,0.25
3.0,1.75,1520,6380,1.0,0,0,3,730,66,1,20,576183.7791741472,610943.3953488372,552.7272727272727,4.197368421052632,4.75,0.4375
4.0,1.75,2330,5000,1.5,0,0,4,820,85,0,85,573185.0026954178,566123.421875,847.2727272727273,2.1459227467811157,5.75,0.35
3.0,1.5,1010,9600,1.0,0,0,4,0,52,0,52,311057.8333333333,313968.0571428572,404.0,9.504950495049505,4.5,0.375
3.0,1.75,1070,8000,1.0,0,0,3,0,37,1,10,662070.8855421686,637280.5326086957,389.09090909090907,7.4766355140186915,4.75,0.4375
3.0,2.5,3170,12750,2.0,0,0,3,810,19,0,19,294129.8971962617,292973.1515151515,905.7142857142857,4.022082018927445,5.5,0.625
4.0,2.5,3030,3841,3.0,0,0,3,0,9,0,9,573185.0026954178,566123.421875,865.7142857142857,1.2676567656765676,6.5,0.5
3.0,2.5,2270,100545,2.0,0,0,3,0,16,1,8,476616.0,476616.0,648.5714285714286,44.29295154185022,5.5,0.625
4.0,2.5,2341,9594,2.0,0,0,3,0,17,0,17,667110.3374233128,649564.5408163265,668.8571428571429,4.0982486117044,6.5,0.5
3.0,3.5,2130,6150,2.0,0,2,5,600,106,0,106,573185.0026954178,743714.088888889,473.3333333333333,2.887323943661972,6.5,0.875
3.0,1.75,2300,35722,1.0,0,0,3,0,30,0,30,632047.53125,597260.8888888889,836.3636363636364,15.531304347826087,4.75,0.4375
3.0,1.0,1660,11783,1.0,0,0,4,500,36,1,14,632047.53125,676773.2142857143,830.0,7.098192771084338,4.0,0.25
4.0,2.75,2610,8760,1.0,0,0,4,850,36,1,14,1099543.2580645161,1099543.2580645161,696.0,3.3563218390804597,6.75,0.55
3.0,1.0,2150,7007,1.0,0,0,3,0,60,1,9,420507.6153846154,756218.7948717949,1075.0,3.2590697674418605,4.0,0.25
3.0,2.5,2410,64073,1.0,0,0,4,590,38,1,22,632047.53125,597260.8888888889,688.5714285714286,26.58630705394191,5.5,0.625
2.0,1.5,1580,3680,1.0,0,2,3,300,73,1,20,583475.1987418453,437527.63157894736,632.0,2.329113924050633,3.5,0.5
3.0,2.5,1740,30886,2.0,0,0,3,0,22,0,22,421049.06666666665,421049.06666666665,497.14285714285717,17.75057471264368,5.5,0.625
2.0,1.0,1270,5000,1.0,0,0,3,180,65,1,16,573185.0026954178,566123.421875,635.0,3.937007874015748,3.0,0.3333333333333333
2.0,2.25,2550,6000,2.0,0,0,5,690,112,0,112,583475.1987418453,600662.226744186,784.6153846153846,2.3529411764705883,4.25,0.75
3.0,2.25,1860,15559,2.0,0,0,4,0,51,0,51,312833.3333333333,312833.3333333333,572.3076923076923,8.36505376344086,5.25,0.5625
4.0,1.75,2700,27072,1.0,0,0,3,1320,56,1,10,294129.8971962617,292199.4871794872,981.8181818181819,10.026666666666667,5.75,0.35
3.0,1.5,1460,8710,1.0,0,0,3,0,59,1,9,372098.1818181818,467334.3243243243,584.0,5.965753424657534,4.5,0.375
3.0,1.75,1330,13102,1.0,0,0,3,0,46,1,17,291133.71153846156,302512.97297297296,483.6363636363636,9.851127819548871,4.75,0.4375
3.0,2.5,2070,4132,2.0,0,0,3,0,15,0,15,704425.8029661017,632657.0428571429,591.4285714285714,1.9961352657004832,5.5,0.625
3.0,1.5,1360,10726,1.0,0,0,4,0,48,0,48,370580.66352040815,502494.4029850746,544.0,7.886764705882353,4.5,0.375
4.0,2.5,2650,18295,2.0,0,0,3,0,28,0,28,859295.1570351758,817478.5,757.1428571428571,6.90377358490566,6.5,0.5
4.0,3.0,3580,35261,1.5,0,0,3,0,29,0,29,607079.2441860465,568618.8,895.0,9.849441340782123,7.0,0.6
2.0,1.0,2034,13392,1.0,1,4,5,875,67,0,67,483484.7826086957,483484.7826086957,1017.0,6.584070796460177,3.0,0.3333333333333333
3.0,2.0,1230,11413,1.0,0,0,3,240,30,0,30,701918.4194214876,631683.0588235294,410.0,9.278861788617887,5.0,0.5
4.0,2.5,2450,55387,2.0,0,0,3,0,20,0,20,667110.3374233128,692946.9841269841,700.0,22.606938775510205,6.5,0.5
6.0,2.75,2840,8346,1.0,0,0,5,1420,53,0,53,574543.2427470535,445100.0,757.3333333333334,2.9387323943661974,8.75,0.39285714285714285
4.0,3.75,3820,53574,1.0,0,0,3,0,20,0,20,607079.2441860465,568618.8,804.2105263157895,14.024607329842931,7.75,0.75
3.0,2.5,2740,5925,2.0,0,2,3,0,101,1,22,573185.0026954178,1024997.5853658536,782.8571428571429,2.1624087591240877,5.5,0.625
4.0,2.5,2090,5289,2.0,0,0,3,0,25,0,25,371872.2878787879,351000.68055555556,597.1428571428571,2.530622009569378,6.5,0.5
5.0,4.75,6390,13180,2.0,0,0,3,1830,74,1,18,576183.7791741472,1007907.8,1111.304347826087,2.0625978090766823,9.75,0.7916666666666666
4.0,2.0,2470,5080,1.5,0,0,3,500,66,1,26,570223.1185050136,303242.85714285716,823.3333333333334,2.0566801619433197,6.0,0.4
3.0,1.75,1720,4080,1.0,0,0,4,760,90,0,90,570223.1185050136,617994.1355932204,625.4545454545455,2.372093023255814,4.75,0.4375
4.0,3.25,3090,9571,2.0,0,0,3,720,10,1,11,664018.5575757576,639101.3958333334,727.0588235294117,3.097411003236246,7.25,0.65
4.0,1.75,2320,3825,1.5,0,0,5,500,88,0,88,573185.0026954178,929461.7,843.6363636363636,1.6487068965517242,5.75,0.35
4.0,1.75,1740,7700,1.0,0,0,5,0,46,0,46,859215.5687192117,631745.0,632.7272727272727,4.425287356321839,5.75,0.35
4.0,2.5,2950,4502,2.0,0,0,3,0,9,0,9,370580.66352040815,502494.4029850746,842.8571428571429,1.5261016949152542,6.5,0.5
0.0,0.0,4810,28008,2.0,0,0,3,0,24,1,5,667110.3374233128,692946.9841269841,4810.0,5.822869022869023,0.0,0.0
3.0,2.5,1500,5412,1.0,0,0,5,600,94,0,94,576183.7791741472,509155.26219512196,428.57142857142856,3.608,5.5,0.625
3.0,1.5,1810,100188,1.0,0,0,5,0,45,0,45,312833.3333333333,312833.3333333333,724.0,55.3524861878453,4.5,0.375
3.0,1.0,1100,4128,1.0,0,0,4,380,72,1,32,573185.0026954178,446315.6779661017,550.0,3.752727272727273,4.0,0.25
3.0,1.0,1490,7435,1.0,0,0,3,370,45,1,4,335615.4146341463,334815.04761904763,745.0,4.989932885906041,4.0,0.25
2.0,1.5,1200,1259,2.0,0,0,3,200,1,1,91,583475.1987418453,662231.5294117647,480.0,1.0491666666666666,3.5,0.5
4.0,2.5,1890,8505,1.0,0,0,3,600,34,0,34,662070.8855421686,637280.5326086957,540.0,4.5,6.5,0.5
3.0,1.75,2200,9840,1.0,0,0,5,700,36,0,36,854623.3027093596,833646.4126506024,800.0,4.472727272727273,4.75,0.4375
4.0,2.5,2510,7992,1.0,0,0,3,900,36,0,36,298517.84,265478.5,717.1428571428571,3.1840637450199205,6.5,0.5
3.0,2.25,1420,1309,3.0,0,0,3,0,8,0,8,583475.1987418453,598663.1875,436.9230769230769,0.921830985915493,5.25,0.5625
3.0,1.75,2000,9900,1.0,0,2,4,520,57,1,13,583115.9090909091,484335.21428571426,727.2727272727273,4.95,4.75,0.4375
2.0,2.0,1460,9052,1.0,0,2,5,0,114,0,114,675464.6038732395,825344.3576388889,486.6666666666667,6.2,4.0,0.6666666666666666
4.0,2.5,3220,22588,2.0,0,0,3,0,18,0,18,602057.1753246753,636714.1129032258,920.0,7.014906832298137,6.5,0.5
4.0,2.0,1310,8454,1.0,0,0,4,0,61,1,31,433780.94444444444,384471.0,436.6666666666667,6.453435114503817,6.0,0.4
2.0,1.0,690,5280,1.0,0,0,4,0,72,1,32,371872.2878787879,392019.0338983051,345.0,7.6521739130434785,3.0,0.3333333333333333
3.0,1.75,1150,10466,1.0,0,0,5,0,55,0,55,881585.4168316831,809289.1351351351,418.1818181818182,9.10086956521739,4.75,0.4375
3.0,1.0,1480,7284,1.0,0,0,3,510,51,1,6,402504.4879518072,368028.3015873016,740.0,4.921621621621622,4.0,0.25
4.0,1.75,1850,6000,1.0,0,0,4,580,70,0,70,576183.7791741472,282454.22794117645,672.7272727272727,3.2432432432432434,5.75,0.35
3.0,2.5,1930,4500,2.0,0,0,3,0,24,1,5,611394.2276422764,624091.0333333333,551.4285714285714,2.33160621761658,5.5,0.625
2.0,1.0,750,5120,1.0,0,0,4,0,73,1,16,574543.2427470535,423128.77358490566,375.0,6.826666666666667,3.0,0.3333333333333333
3.0,2.25,1430,2003,2.0,0,0,3,450,18,0,18,583475.1987418453,662231.5294117647,440.0,1.4006993006993007,5.25,0.5625
3.0,1.75,1840,11440,1.0,0,0,4,500,37,0,37,379453.5624401914,504551.94666666666,669.0909090909091,6.217391304347826,4.75,0.4375
3.0,2.0,1300,14350,1.0,0,0,3,0,59,1,1,854623.3027093596,833646.4126506024,433.3333333333333,11.038461538461538,5.0,0.5
3.0,1.0,1050,7577,1.0,0,0,3,0,31,1,5,298547.1904761905,296686.537037037,525.0,7.2161904761904765,4.0,0.25
4.0,2.25,2210,9371,2.0,0,0,4,0,46,0,46,301453.96774193546,258630.41666666666,680.0,4.24027149321267,6.25,0.45
4.0,2.5,3220,15600,1.0,0,0,5,1540,41,0,41,847974.924611399,802442.5981012658,920.0,4.84472049689441,6.5,0.5
4.0,2.5,4620,20793,2.0,0,0,4,0,23,0,23,291133.71153846156,283302.9365079365,1320.0,4.500649350649351,6.5,0.5
4.0,1.75,1760,6204,1.0,0,2,4,580,64,1,31,576183.7791741472,282454.22794117645,640.0,3.525,5.75,0.35
3.0,1.0,850,6906,1.0,0,0,3,0,66,1,20,402504.4879518072,381644.5188679245,425.0,8.124705882352941,4.0,0.25
4.0,3.25,4690,14930,2.0,0,2,3,1010,19,0,19,461754.1666666667,377329.25409836066,1103.5294117647059,3.183368869936034,7.25,0.65
4.0,3.5,3920,37122,2.0,0,0,3,0,18,0,18,659713.198757764,701241.5652173914,871.1111111111111,9.469897959183674,7.5,0.7
3.0,2.5,2140,3821,2.0,0,0,3,0,9,0,9,611394.2276422764,624091.0333333333,611.4285714285714,1.7855140186915888,5.5,0.625
2.0,2.0,1180,9265,1.0,0,0,3,0,74,1,18,570223.1185050136,468929.3650793651,393.3333333333333,7.851694915254237,4.0,0.6666666666666666
5.0,2.5,2360,11375,1.0,0,0,4,1180,52,0,52,570223.1185050136,282229.9568965517,674.2857142857143,4.819915254237288,7.5,0.4166666666666667
3.0,2.25,3060,9950,1.5,0,2,4,1250,84,0,84,574543.2427470535,551327.925925926,941.5384615384615,3.2516339869281046,5.25,0.5625
3.0,2.25,1670,7881,1.0,0,0,4,480,37,0,37,298517.84,279734.9791666667,513.8461538461538,4.719161676646706,5.25,0.5625
3.0,1.5,1820,5756,1.5,0,0,3,180,68,0,68,576183.7791741472,915608.1081081082,728.0,3.1626373626373625,4.5,0.375
3.0,2.5,1970,9607,2.0,0,0,3,880,26,1,14,294280.725,248072.46153846153,562.8571428571429,4.876649746192894,5.5,0.625
2.0,2.25,930,747,2.0,0,0,3,300,7,0,7,574543.2427470535,551327.925925926,286.15384615384613,0.8032258064516129,4.25,0.75
3.0,3.5,2300,5611,1.0,0,0,3,0,10,1,11,664524.1592356688,667790.3,511.1111111111111,2.4395652173913045,6.5,0.875
3.0,2.5,2590,18980,1.0,0,0,4,0,38,1,22,298517.84,334007.40625,740.0,7.328185328185328,5.5,0.625
4.0,1.75,1450,8450,1.0,0,0,3,0,54,1,2,611821.4210526316,590589.0952380953,527.2727272727273,5.827586206896552,5.75,0.35
4.0,1.75,1540,5120,1.0,0,0,5,770,71,0,71,574543.2427470535,423128.77358490566,560.0,3.324675324675325,5.75,0.35
5.0,2.75,2730,22572,1.0,0,0,3,650,46,1,22,692567.8918918918,761330.9019607843,728.0,8.268131868131869,7.75,0.4583333333333333
3.0,1.0,880,18205,1.0,0,0,4,0,69,0,69,573185.0026954178,293895.8881578947,440.0,20.6875,4.0,0.25
4.0,2.5,3190,8195,2.0,0,0,3,0,8,0,8,351942.0882352941,351942.0882352941,911.4285714285714,2.5689655172413794,6.5,0.5
3.0,1.5,1330,7600,1.0,0,0,4,0,46,0,46,298547.1904761905,296686.537037037,532.0,5.714285714285714,4.5,0.375
3.0,1.75,1500,7200,1.0,0,0,3,0,57,1,14,420507.6153846154,382840.9275362319,545.4545454545455,4.8,4.75,0.4375
2.0,1.0,740,7680,1.0,0,0,4,0,92,0,92,574543.2427470535,423128.77358490566,370.0,10.378378378378379,3.0,0.3333333333333333
4.0,3.0,2560,5606,2.0,0,0,3,0,10,1,11,308362.248,375611.3,640.0,2.18984375,7.0,0.6
3.0,2.0,2540,4750,1.5,0,0,5,700,84,0,84,576183.7791741472,552908.4521276596,846.6666666666666,1.8700787401574803,5.0,0.5
3.0,2.5,3200,203425,1.0,0,0,3,0,14,0,14,607079.2441860465,660496.5277777778,914.2857142857143,63.5703125,5.5,0.625
4.0,3.0,3330,4000,1.0,0,0,3,1540,56,1,10,583475.1987418453,598663.1875,832.5,1.2012012012012012,7.0,0.6
2.0,1.0,900,5220,1.0,0,0,4,0,58,0,58,570223.1185050136,394355.8048780488,450.0,5.8,3.0,0.3333333333333333
4.0,1.5,1600,6180,1.5,0,0,3,0,68,0,68,583475.1987418453,451032.07547169813,640.0,3.8625,5.5,0.3
2.0,1.0,970,5500,1.0,0,0,3,0,58,1,13,583475.1987418453,451032.07547169813,485.0,5.670103092783505,3.0,0.3333333333333333
2.0,1.0,1130,2640,1.0,0,0,4,0,87,0,87,583475.1987418453,1033972.8260869565,565.0,2.336283185840708,3.0,0.3333333333333333
2.0,1.0,650,5400,1.0,0,0,3,0,64,1,9,576183.7791741472,593491.5454545454,325.0,8.307692307692308,3.0,0.3333333333333333
3.0,2.25,2400,5000,1.5,0,0,4,960,88,1,21,574543.2427470535,566680.5729166666,738.4615384615385,2.0833333333333335,5.25,0.5625
3.0,2.5,2280,6031,2.0,0,0,3,0,3,0,3,413841.8,413841.8,651.4285714285714,2.645175438596491,5.5,0.625
4.0,2.25,3550,13900,1.0,0,0,3,1720,4,0,4,847974.924611399,802442.5981012658,1092.3076923076924,3.915492957746479,6.25,0.45
4.0,2.5,2050,2772,2.0,0,0,3,0,2,1,102,589927.1679389313,617858.71875,585.7142857142857,1.3521951219512196,6.5,0.5
2.0,1.5,830,1119,2.0,0,0,3,0,9,0,9,583475.1987418453,662231.5294117647,332.0,1.3481927710843373,3.5,0.5
4.0,2.5,2440,4850,2.0,0,0,3,0,1,1,91,664018.5575757576,639101.3958333334,697.1428571428571,1.9877049180327868,6.5,0.5
3.0,2.5,1600,1936,2.0,0,0,3,0,7,0,7,570223.1185050136,322012.1379310345,457.14285714285717,1.21,5.5,0.625
4.0,3.5,3190,31450,2.0,0,0,3,0,4,0,4,611821.4210526316,590589.0952380953,708.8888888888889,9.858934169278998,7.5,0.7
4.0,1.0,2550,4000,2.0,0,0,3,180,109,1,4,574543.2427470535,1008059.7826086957,1275.0,1.5686274509803921,5.0,0.2
3.0,2.5,2180,7508,1.0,0,0,4,760,52,0,52,428665.7159090909,382164.4375,622.8571428571429,3.4440366972477063,5.5,0.625
3.0,2.0,1410,9600,1.0,0,0,4,0,31,0,31,607079.2441860465,568618.8,470.0,6.808510638297872,5.0,0.5
3.0,2.0,1410,5760,1.0,0,0,3,0,29,0,29,306368.0406504065,291247.46153846156,470.0,4.085106382978723,5.0,0.5
4.0,2.5,2340,8548,2.0,0,0,3,0,21,0,21,298517.84,279734.9791666667,668.5714285714286,3.652991452991453,6.5,0.5
3.0,1.0,1320,9000,1.0,0,0,3,0,48,1,51,306983.0317460318,273470.65789473685,660.0,6.818181818181818,4.0,0.25
4.0,1.75,3990,13470,2.0,0,0,3,0,8,0,8,635820.0,504551.94666666666,1450.909090909091,3.3759398496240602,5.75,0.35
3.0,1.0,1270,7566,1.0,0,0,4,0,56,1,42,377807.7863636364,401767.1379310345,635.0,5.95748031496063,4.0,0.25
3.0,4.5,4380,47044,2.0,1,3,3,660,46,1,24,345010.7211538461,418429.25675675675,796.3636363636364,10.740639269406392,7.5,1.125
4.0,3.25,4250,8570,2.0,0,0,3,0,10,1,11,859295.1570351758,1264508.6,1000.0,2.0164705882352942,7.25,0.65
3.0,2.5,1860,8060,2.0,0,0,4,0,27,0,27,589927.1679389313,617858.71875,531.4285714285714,4.333333333333333,5.5,0.625
4.0,3.5,3770,37034,2.0,0,0,3,940,25,0,25,881585.4168316831,679366.6666666666,837.7777777777778,9.823342175066314,7.5,0.7
4.0,1.0,1530,8890,1.0,0,0,3,550,89,1,12,570223.1185050136,303242.85714285716,765.0,5.810457516339869,5.0,0.2
4.0,4.0,3570,8250,2.0,0,0,3,710,1,1,91,1182030.1090909091,1182030.1090909091,714.0,2.310924369747899,8.0,0.8
2.0,1.0,1740,5719,1.0,0,0,3,0,59,1,9,583475.1987418453,598663.1875,870.0,3.2867816091954025,3.0,0.3333333333333333
3.0,2.5,1670,8364,1.0,0,0,4,370,24,0,24,306341.6666666667,326180.80597014923,477.14285714285717,5.008383233532935,5.5,0.625
4.0,2.0,1570,9415,2.0,0,0,4,0,30,0,30,297123.8925619835,363214.4727272727,523.3333333333334,5.996815286624204,6.0,0.4
2.0,2.5,1590,1845,2.0,0,0,3,0,17,0,17,655071.1991869919,798061.106557377,454.2857142857143,1.1603773584905661,4.5,0.8333333333333334
5.0,2.5,2980,5377,2.0,0,0,3,0,8,0,8,659713.198757764,628759.967032967,851.4285714285714,1.8043624161073826,7.5,0.4166666666666667
4.0,2.5,2690,4736,2.0,0,0,3,0,13,0,13,667110.3374233128,692946.9841269841,768.5714285714286,1.7605947955390335,6.5,0.5
2.0,1.0,900,2910,1.0,0,0,5,0,90,1,58,583475.1987418453,600662.226744186,450.0,3.2333333333333334,3.0,0.3333333333333333
2.0,0.75,1440,3700,1.0,0,0,3,240,100,1,18,570223.1185050136,574002.5,822.8571428571429,2.5694444444444446,2.75,0.25
4.0,2.5,3000,10392,2.0,0,0,3,0,19,0,19,609064.7603305785,593956.5636363636,857.1428571428571,3.464,6.5,0.5
3.0,1.0,1640,18144,1.5,0,0,3,0,72,1,15,574543.2427470535,270748.24,820.0,11.06341463414634,4.0,0.25
5.0,3.5,3100,10200,1.0,0,4,3,1440,44,1,0,847974.924611399,660358.3333333334,688.8888888888889,3.2903225806451615,8.5,0.5833333333333334
4.0,3.5,4000,15253,2.0,0,0,3,0,7,0,7,533938.304347826,533938.304347826,888.8888888888889,3.81325,7.5,0.7
4.0,2.0,2020,48693,1.5,0,0,3,0,65,1,16,421049.06666666665,421049.06666666665,673.3333333333334,24.105445544554456,6.0,0.4
3.0,1.5,1840,5000,1.5,0,0,5,500,99,0,99,573185.0026954178,580282.4444444445,736.0,2.717391304347826,4.5,0.375
4.0,2.25,2100,9984,1.0,0,0,4,810,41,0,41,453958.47826086957,453958.47826086957,646.1538461538462,4.7542857142857144,6.25,0.45
4.0,2.25,2460,11250,1.0,0,0,4,0,55,0,55,297123.8925619835,220484.78260869565,756.9230769230769,4.573170731707317,6.25,0.45
3.0,2.5,2610,7510,2.0,0,0,3,0,18,0,18,664524.1592356688,661440.7894736842,745.7142857142857,2.8773946360153255,5.5,0.625
3.0,2.0,1460,6377,1.0,0,0,3,0,19,0,19,339211.3264705882,339211.3264705882,486.6666666666667,4.367808219178082,5.0,0.5
3.0,1.0,1050,8498,1.0,0,0,3,0,56,1,10,297151.21774193546,287917.39130434784,525.0,8.093333333333334,4.0,0.25
3.0,2.5,1790,8144,2.0,0,0,3,0,25,0,25,707300.656504065,637825.9692307692,511.42857142857144,4.5497206703910615,5.5,0.625
4.0,2.5,2180,3375,1.5,0,0,4,760,88,1,21,574543.2427470535,566680.5729166666,622.8571428571429,1.548165137614679,6.5,0.5
4.0,2.25,2050,9583,2.0,0,2,3,280,49,1,21,311057.8333333333,313968.0571428572,630.7692307692307,4.674634146341464,6.25,0.45
5.0,3.0,2790,19439,1.0,0,3,5,1290,41,0,41,377807.7863636364,347522.01615384617,697.5,6.967383512544803,8.0,0.5
3.0,2.25,1700,3333,1.5,0,0,3,600,90,1,3,573185.0026954178,566123.421875,523.0769230769231,1.9605882352941177,5.25,0.5625
3.0,2.5,2380,6832,2.0,0,0,3,0,12,0,12,573991.6862745098,573991.6862745098,680.0,2.8705882352941177,5.5,0.625
5.0,2.0,2000,4211,1.5,0,2,4,720,106,0,106,574543.2427470535,1017813.976744186,666.6666666666666,2.1055,7.0,0.3333333333333333
2.0,1.75,1670,4008,1.0,0,0,3,0,9,0,9,611821.4210526316,632427.4029850747,607.2727272727273,2.4,3.75,0.5833333333333334
3.0,1.5,1190,4750,1.0,0,0,3,220,74,1,18,570223.1185050136,574002.5,476.0,3.991596638655462,4.5,0.375
6.0,2.25,3040,28535,1.0,0,0,3,1150,63,1,20,301453.96774193546,287895.1666666667,935.3846153846154,9.386513157894736,8.25,0.32142857142857145
2.0,1.0,780,3475,1.0,0,0,4,0,84,0,84,421049.06666666665,421049.06666666665,390.0,4.455128205128205,3.0,0.3333333333333333
3.0,1.5,2330,11740,1.0,0,0,3,1000,60,1,9,472577.77777777775,386772.68253968254,932.0,5.03862660944206,4.5,0.375
4.0,2.75,2840,4000,1.5,0,0,5,880,102,0,102,573185.0026954178,634904.25,757.3333333333334,1.408450704225352,6.75,0.55
4.0,2.5,2490,5170,2.0,0,0,4,0,14,0,14,659713.198757764,628759.967032967,711.4285714285714,2.076305220883534,6.5,0.5
2.0,1.0,770,4840,1.0,0,0,4,0,87,0,87,583475.1987418453,437527.63157894736,385.0,6.285714285714286,3.0,0.3333333333333333
3.0,2.75,1850,16960,1.0,0,2,4,0,61,1,31,570223.1185050136,653322.2432432432,493.3333333333333,9.167567567567568,5.75,0.6875
3.0,1.0,1090,3264,1.0,0,0,4,0,45,0,45,308362.248,375611.3,545.0,2.994495412844037,4.0,0.25
4.0,2.0,1780,5336,1.5,0,0,5,850,96,0,96,576183.7791741472,282454.22794117645,593.3333333333334,2.997752808988764,6.0,0.4
1.0,0.75,930,29258,1.0,0,0,3,0,73,1,20,570223.1185050136,282229.9568965517,531.4285714285714,31.46021505376344,1.75,0.375
4.0,2.5,2770,5686,2.0,0,0,3,0,10,1,11,712166.302173913,775557.8101851852,791.4285714285714,2.0527075812274367,6.5,0.5
3.0,1.0,1250,6180,1.5,0,0,3,0,59,1,9,433780.94444444444,384471.0,625.0,4.944,4.0,0.25
4.0,2.25,1830,6136,2.0,0,0,3,0,24,1,5,301453.96774193546,287895.1666666667,563.0769230769231,3.353005464480874,6.25,0.45
2.0,1.0,870,5400,1.0,0,0,3,0,64,1,7,574543.2427470535,423128.77358490566,435.0,6.206896551724138,3.0,0.3333333333333333
3.0,1.5,1150,8450,1.0,0,0,4,0,63,1,15,574543.2427470535,274962.0967741936,460.0,7.3478260869565215,4.5,0.375
5.0,3.25,4500,9648,2.0,0,4,4,1500,46,0,46,573185.0026954178,452594.44444444444,1058.8235294117646,2.144,8.25,0.5416666666666666
3.0,1.0,1150,4800,1.5,0,0,4,0,76,0,76,294280.725,238853.55172413794,575.0,4.173913043478261,4.0,0.25
4.0,2.25,2000,3672,2.0,0,0,5,350,88,0,88,570223.1185050136,586761.8313953489,615.3846153846154,1.836,6.25,0.45
6.0,2.0,1900,8240,1.0,0,0,2,700,50,0,50,573185.0026954178,452594.44444444444,633.3333333333334,4.336842105263158,8.0,0.2857142857142857
3.0,1.75,1640,10695,1.0,0,2,3,0,39,0,39,661873.9341085271,490319.85294117645,596.3636363636364,6.521341463414634,4.75,0.4375
3.0,1.5,2680,4775,2.0,0,2,5,800,101,0,101,570223.1185050136,863209.5238095238,1072.0,1.7817164179104477,4.5,0.375
3.0,2.5,2420,7307,2.0,0,0,3,0,16,1,8,561804.3541666666,561804.3541666666,691.4285714285714,3.0194214876033056,5.5,0.625
3.0,1.75,1790,7650,1.0,0,3,3,0,36,0,36,294129.8971962617,292973.1515151515,650.9090909090909,4.273743016759776,4.75,0.4375
4.0,2.5,3920,12415,2.0,0,0,3,0,17,0,17,701918.4194214876,784592.5133928572,1120.0,3.167091836734694,6.5,0.5
3.0,2.25,1640,8400,1.0,0,0,3,460,46,1,17,301453.96774193546,258630.41666666666,504.61538461538464,5.121951219512195,5.25,0.5625
3.0,1.0,890,8400,1.0,0,0,4,0,60,1,35,376968.54547619045,400873.7868852459,445.0,9.438202247191011,4.0,0.25
4.0,2.75,1910,16532,1.0,0,0,4,490,74,1,13,583475.1987418453,552240.609375,509.3333333333333,8.655497382198952,6.75,0.55
5.0,2.25,2140,7910,1.0,0,0,3,1070,52,1,11,881585.4168316831,679366.6666666666,658.4615384615385,3.696261682242991,7.25,0.375
3.0,1.75,2030,17100,1.0,0,0,4,0,61,1,31,364278.9903846154,449850.8552631579,738.1818181818181,8.423645320197044,4.75,0.4375
4.0,4.5,4225,284011,2.0,0,0,4,0,29,0,29,704425.8029661017,632657.0428571429,768.1818181818181,67.22153846153846,8.5,0.9
3.0,2.25,2680,9162,1.0,0,0,3,1110,36,0,36,609064.7603305785,593956.5636363636,824.6153846153846,3.4186567164179102,5.25,0.5625
4.0,2.5,2030,3974,2.0,0,0,3,0,20,0,20,611821.4210526316,632427.4029850747,580.0,1.9576354679802956,6.5,0.5
5.0,3.5,5850,22885,2.0,0,2,4,1180,36,1,14,847974.924611399,1310316.904,1300.0,3.911965811965812,8.5,0.5833333333333334
2.0,1.0,2060,8398,1.0,0,0,3,800,52,1,11,583475.1987418453,275526.7755102041,1030.0,4.076699029126214,3.0,0.3333333333333333
2.0,1.0,1060,3036,1.5,0,0,4,0,71,0,71,583475.1987418453,930145.0333333333,530.0,2.8641509433962264,3.0,0.3333333333333333
3.0,1.0,1010,8184,1.0,0,0,4,0,67,1,26,428665.7159090909,386772.68253968254,505.0,8.102970297029703,4.0,0.25
4.0,2.25,3310,127631,2.0,0,0,5,0,90,1,58,610245.4411764706,560633.5,1018.4615384615385,38.559214501510574,6.25,0.45
4.0,2.5,2000,10051,2.0,0,0,3,0,17,0,17,351942.0882352941,351942.0882352941,571.4285714285714,5.0255,6.5,0.5
4.0,2.5,3070,8086,2.0,0,0,3,0,9,0,9,676159.8148148148,514326.8552631579,877.1428571428571,2.6338762214983715,6.5,0.5
3.0,2.25,1270,1406,2.0,0,0,3,210,0,0,0,573185.0026954178,929461.7,390.7692307692308,1.1070866141732283,5.25,0.5625
4.0,2.75,3110,49765,1.0,0,0,4,0,56,1,42,387666.6666666667,387666.6666666667,829.3333333333334,16.0016077170418,6.75,0.55
3.0,2.0,2110,18815,2.0,0,0,5,0,35,0,35,707300.656504065,773933.2182539683,703.3333333333334,8.917061611374407,5.0,0.5
3.0,2.25,1400,11400,2.0,0,0,3,0,30,0,30,451624.14634146343,451624.14634146343,430.7692307692308,8.142857142857142,5.25,0.5625
4.0,2.75,2310,5650,1.0,0,2,3,980,62,1,2,570223.1185050136,430721.18644067796,616.0,2.445887445887446,6.75,0.55
5.0,2.5,2700,16570,1.0,0,0,4,950,47,0,47,859215.5687192117,788761.9545454546,771.4285714285714,6.137037037037037,7.5,0.4166666666666667
5.0,2.25,2370,15512,2.0,0,0,4,0,33,0,33,847974.924611399,802442.5981012658,729.2307692307693,6.545147679324894,7.25,0.375
4.0,2.5,2760,6000,2.0,0,0,5,530,72,0,72,583475.1987418453,600662.226744186,788.5714285714286,2.1739130434782608,6.5,0.5
2.0,1.75,1610,6300,1.0,0,0,3,600,73,1,20,570223.1185050136,322012.1379310345,585.4545454545455,3.9130434782608696,3.75,0.5833333333333334
3.0,1.75,1230,8250,1.0,0,0,3,0,48,1,51,370580.66352040815,348268.4566176471,447.27272727272725,6.7073170731707314,4.75,0.4375
3.0,1.75,1900,11165,1.0,0,0,4,0,55,0,55,881585.4168316831,699132.2580645161,690.9090909090909,5.876315789473685,4.75,0.4375
3.0,1.5,1580,8184,1.0,0,0,3,440,60,1,9,335615.4146341463,315313.63636363635,632.0,5.179746835443038,4.5,0.375
3.0,1.5,1940,2885,1.5,0,2,3,0,114,1,9,576183.7791741472,915608.1081081082,776.0,1.4871134020618557,4.5,0.375
3.0,1.75,1620,6000,1.0,0,0,5,580,67,0,67,574543.2427470535,602889.9619047618,589.0909090909091,3.7037037037037037,4.75,0.4375
7.0,2.5,1940,5458,2.0,0,0,3,0,20,0,20,294280.725,357244.34545454546,554.2857142857143,2.8134020618556703,9.5,0.3125
3.0,1.0,1230,8750,1.0,0,0,3,0,49,1,21,294129.8971962617,292199.4871794872,615.0,7.1138211382113825,4.0,0.25
5.0,3.25,3160,5000,2.0,0,2,3,980,9,0,9,574543.2427470535,731451.1428571428,743.5294117647059,1.5822784810126582,8.25,0.5416666666666666
5.0,2.5,2700,21208,1.0,0,0,4,750,59,1,5,859295.1570351758,817478.5,771.4285714285714,7.854814814814815,7.5,0.4166666666666667
4.0,1.5,1880,6200,1.0,0,2,5,440,60,0,60,583475.1987418453,371058.47297297296,752.0,3.297872340425532,5.5,0.3
2.0,1.0,890,8100,1.0,0,0,3,0,72,1,15,359824.2021276596,373425.72222222225,445.0,9.101123595505618,3.0,0.3333333333333333
3.0,2.5,1720,3676,2.0,0,0,3,0,22,0,22,298517.84,279734.9791666667,491.42857142857144,2.1372093023255814,5.5,0.625
3.0,2.5,1620,7686,2.0,0,0,3,0,25,0,25,345402.7394736842,345402.7394736842,462.85714285714283,4.7444444444444445,5.5,0.625
2.0,1.0,1380,4390,1.0,0,0,4,500,83,0,83,573185.0026954178,594233.6460674157,690.0,3.181159420289855,3.0,0.3333333333333333
3.0,1.75,1870,9000,1.0,0,0,5,0,56,0,56,576183.7791741472,718727.3611111111,680.0,4.81283422459893,4.75,0.4375
3.0,1.0,1970,22144,1.0,0,0,4,0,44,0,44,533938.304347826,533938.304347826,985.0,11.240609137055838,4.0,0.25
3.0,1.0,1110,8593,1.0,0,0,3,0,35,1,0,402504.4879518072,381644.5188679245,555.0,7.741441441441442,4.0,0.25
3.0,2.0,1190,6833,1.0,0,0,3,0,19,0,19,289521.22794117645,337419.359375,396.6666666666667,5.742016806722689,5.0,0.5
3.0,1.0,1150,11802,1.0,0,0,4,0,82,1,56,583475.1987418453,300070.8333333333,575.0,10.262608695652174,4.0,0.25
4.0,2.75,2890,6825,1.0,0,0,3,1330,41,1,1,661873.9341085271,490319.85294117645,770.6666666666666,2.36159169550173,6.75,0.55
3.0,1.75,1500,13430,1.0,0,0,3,0,37,1,10,632047.53125,597260.8888888889,545.4545454545455,8.953333333333333,4.75,0.4375
4.0,2.5,1950,2617,1.5,0,0,4,700,104,0,104,583475.1987418453,543333.5897435897,557.1428571428571,1.342051282051282,6.5,0.5
3.0,1.5,1250,7700,1.0,0,0,5,0,46,0,46,673746.1363636364,393745.6779661017,500.0,6.16,4.5,0.375
4.0,2.5,2070,5415,2.0,0,0,3,0,18,0,18,609064.7603305785,621249.6153846154,591.4285714285714,2.6159420289855073,6.5,0.5
4.0,3.5,4660,17398,2.0,0,2,3,0,11,0,11,859295.1570351758,809147.9375,1035.5555555555557,3.7334763948497853,7.5,0.7
2.0,2.25,1350,1493,2.0,0,0,3,300,7,0,7,576183.7791741472,509155.26219512196,415.38461538461536,1.105925925925926,4.25,0.75
3.0,2.5,1800,2790,2.0,0,0,3,0,3,0,3,573185.0026954178,446315.6779661017,514.2857142857143,1.55,5.5,0.625
3.0,2.25,1481,2820,2.0,0,0,3,0,2,1,102,308362.248,225450.1,455.6923076923077,1.9041188386225523,5.25,0.5625
3.0,2.5,1730,3600,2.0,0,0,3,0,0,0,0,576183.7791741472,359051.2619047619,494.2857142857143,2.0809248554913293,5.5,0.625
4.0,2.75,2720,4613,2.0,0,0,3,0,9,0,9,451624.14634146343,451624.14634146343,725.3333333333334,1.6959558823529413,6.75,0.55
3.0,2.5,2320,2267,3.0,0,0,3,0,5,0,5,570223.1185050136,653322.2432432432,662.8571428571429,0.9771551724137931,5.5,0.625
3.0,2.5,1860,3730,2.0,0,0,3,0,2,1,102,405085.29411764705,405085.29411764705,531.4285714285714,2.0053763440860215,5.5,0.625
5.0,2.5,2025,7760,2.0,0,0,3,0,7,0,7,219133.33333333334,219133.33333333334,578.5714285714286,3.832098765432099,7.5,0.4166666666666667
3.0,2.5,1400,1312,3.5,0,0,3,0,7,0,7,576183.7791741472,581484.52,400.0,0.9371428571428572,5.5,0.625
5.0,3.0,2620,5477,2.0,0,0,3,0,5,0,5,574543.2427470535,605400.1521739131,655.0,2.0904580152671755,8.0,0.5
3.0,1.75,2450,2691,2.0,0,0,3,700,99,0,99,574543.2427470535,921350.0,890.9090909090909,1.0983673469387756,4.75,0.4375
3.0,3.5,1590,1102,3.0,0,0,3,0,4,0,4,570223.1185050136,606082.1632653062,353.3333333333333,0.6930817610062893,6.5,0.875
4.0,1.75,2085,174240,1.0,0,0,3,475,50,1,14,692285.7142857143,692285.7142857143,758.1818181818181,83.56834532374101,5.75,0.35
4.0,3.5,3450,7832,2.0,0,0,3,0,7,0,7,859295.1570351758,809147.9375,766.6666666666666,2.270144927536232,7.5,0.7
3.0,2.25,1780,16290,2.0,0,0,4,0,27,0,27,371872.2878787879,351000.68055555556,547.6923076923077,9.151685393258427,5.25,0.5625
4.0,2.5,3060,7140,2.0,0,0,3,0,8,0,8,589927.1679389313,617858.71875,874.2857142857143,2.3333333333333335,6.5,0.5
3.0,2.0,1700,11475,1.0,0,0,5,730,69,0,69,359824.2021276596,373425.72222222225,566.6666666666666,6.75,5.0,0.5
4.0,2.0,1330,5926,1.0,0,0,4,0,72,1,32,377807.7863636364,401767.1379310345,443.3333333333333,4.455639097744361,6.0,0.4
4.0,3.0,3060,5000,2.0,0,0,3,0,13,0,13,315737.9310344828,334007.40625,765.0,1.6339869281045751,7.0,0.6
3.0,1.5,1220,6000,1.0,0,0,3,0,46,1,17,377807.7863636364,369614.28571428574,488.0,4.918032786885246,4.5,0.375
4.0,1.5,1600,9289,1.0,0,0,4,0,55,0,55,297123.8925619835,220484.78260869565,640.0,5.805625,5.5,0.3
4.0,1.75,1530,17664,1.5,0,0,3,0,46,1,17,370580.66352040815,348268.4566176471,556.3636363636364,11.545098039215686,5.75,0.35
3.0,2.5,1980,13964,1.0,0,0,5,0,55,0,55,1099543.2580645161,1099543.2580645161,565.7142857142857,7.052525252525252,5.5,0.625
3.0,2.5,1730,8490,1.0,0,0,3,520,45,1,4,665473.701171875,527234.776119403,494.2857142857143,4.907514450867052,5.5,0.625
3.0,1.0,1170,6700,1.0,0,0,3,0,57,1,14,583475.1987418453,455981.53846153844,585.0,5.726495726495727,4.0,0.25
2.0,1.75,1950,10766,1.0,0,3,4,790,62,0,62,378731.27777777775,484335.21428571426,709.0909090909091,5.521025641025641,3.75,0.5833333333333334
3.0,2.0,1470,20000,1.0,0,0,4,0,46,0,46,294280.725,357244.34545454546,490.0,13.605442176870747,5.0,0.5
3.0,1.5,1400,8840,1.0,0,0,4,0,62,0,62,573185.0026954178,452594.44444444444,560.0,6.314285714285714,4.5,0.375
4.0,3.5,4040,50479,2.0,0,0,3,0,27,1,14,610245.4411764706,681119.6428571428,897.7777777777778,12.49480198019802,7.5,0.7
6.0,3.0,3110,5000,1.5,0,0,5,1300,93,0,93,583475.1987418453,598663.1875,777.5,1.607717041800643,9.0,0.42857142857142855
3.0,1.5,1490,4400,1.5,0,0,4,0,108,1,24,574543.2427470535,579453.76,596.0,2.953020134228188,4.5,0.375
4.0,1.5,1770,5750,2.0,0,0,3,0,67,1,2,574543.2427470535,618140.3414634146,708.0,3.248587570621469,5.5,0.3
4.0,3.5,3320,19850,1.0,0,2,4,1280,37,0,37,1223622.0,1223622.0,737.7777777777778,5.978915662650603,7.5,0.7
2.0,1.0,950,5316,1.0,0,2,3,0,66,1,20,570223.1185050136,415307.3275862069,475.0,5.595789473684211,3.0,0.3333333333333333
4.0,2.5,2430,5499,2.0,0,0,3,0,12,0,12,331482.7586206897,336132.38095238095,694.2857142857143,2.262962962962963,6.5,0.5
4.0,2.5,2660,10800,1.0,0,0,3,0,59,1,0,859295.1570351758,817478.5,760.0,4.06015037593985,6.5,0.5
4.0,2.5,2670,11877,2.0,0,0,3,0,18,0,18,692567.8918918918,634856.3076923077,762.8571428571429,4.448314606741573,6.5,0.5
5.0,3.5,2720,7598,2.0,0,0,3,860,21,0,21,573185.0026954178,594233.6460674157,604.4444444444445,2.7933823529411765,8.5,0.5833333333333334
4.0,2.5,3200,22651,1.0,0,0,5,1590,44,0,44,302187.765625,282441.9347826087,914.2857142857143,7.0784375,6.5,0.5
3.0,2.5,2480,37843,1.5,1,3,4,0,40,0,40,488882.5,488882.5,708.5714285714286,15.259274193548388,5.5,0.625
3.0,2.25,1780,10395,1.0,0,0,3,0,47,1,3,376968.54547619045,346675.59929577465,547.6923076923077,5.839887640449438,5.25,0.5625
2.0,1.75,1590,11276,1.0,0,0,4,0,42,0,42,289521.22794117645,230185.82142857142,578.1818181818181,7.091823899371069,3.75,0.5833333333333334
3.0,2.0,1550,34175,1.5,0,0,3,0,15,0,15,412808.4871794872,412808.4871794872,516.6666666666666,22.048387096774192,5.0,0.5
3.0,2.75,2850,14800,1.0,0,0,4,930,38,1,22,854623.3027093596,833646.4126506024,760.0,5.192982456140351,5.75,0.6875
3.0,2.75,2600,5875,1.5,0,2,5,1000,85,0,85,576183.7791741472,616646.6086956522,693.3333333333334,2.2596153846153846,5.75,0.6875
4.0,1.0,1230,7410,1.5,0,0,3,0,70,0,70,372098.1818181818,467334.3243243243,615.0,6.024390243902439,5.0,0.2
5.0,2.0,2080,16117,1.0,0,0,5,340,55,0,55,308362.248,266959.525,693.3333333333334,7.748557692307692,7.0,0.3333333333333333
6.0,3.5,3600,6875,2.0,0,0,3,860,10,1,11,533938.304347826,533938.304347826,800.0,1.9097222222222223,9.5,0.5
4.0,2.75,2110,8751,1.0,0,0,3,600,52,1,11,489242.0238095238,489242.0238095238,562.6666666666666,4.14739336492891,6.75,0.55
4.0,2.5,2550,19017,1.0,0,0,4,1250,53,1,13,478061.90476190473,381644.5188679245,728.5714285714286,7.45764705882353,6.5,0.5
3.0,2.5,1650,6684,2.0,0,0,3,0,23,0,23,306368.0406504065,289447.0487804878,471.42857142857144,4.050909090909091,5.5,0.625
2.0,1.5,1370,1221,2.0,0,0,3,290,6,0,6,576183.7791741472,593491.5454545454,548.0,0.8912408759124087,3.5,0.5
2.0,1.0,1010,7200,1.0,0,0,3,0,39,0,39,478061.90476190473,381644.5188679245,505.0,7.128712871287129,3.0,0.3333333333333333
3.0,2.0,2330,26571,2.5,0,0,3,0,27,1,14,847974.924611399,752347.2222222222,776.6666666666666,11.403862660944206,5.0,0.5
2.0,1.0,620,2475,1.0,0,0,5,0,103,1,30,574543.2427470535,597116.6666666666,310.0,3.9919354838709675,3.0,0.3333333333333333
3.0,1.5,2450,12497,1.0,0,0,4,0,47,0,47,547301.5576923077,547301.5576923077,980.0,5.100816326530612,4.5,0.375
4.0,2.75,2530,7350,1.0,0,0,5,1250,37,0,37,302406.8613861386,294601.05,674.6666666666666,2.9051383399209487,6.75,0.55
4.0,2.5,2220,4652,2.0,0,0,3,0,13,0,13,371872.2878787879,510118.0,634.2857142857143,2.0954954954954954,6.5,0.5
4.0,1.75,2110,265716,1.0,0,0,4,0,35,0,35,659713.198757764,701241.5652173914,767.2727272727273,125.93175355450236,5.75,0.35
5.0,3.0,3690,49709,1.0,0,2,3,1000,54,1,2,306956.0,311282.93333333335,922.5,13.471273712737128,8.0,0.5
4.0,2.5,1940,10200,1.0,0,0,4,800,37,0,37,301453.96774193546,326180.80597014923,554.2857142857143,5.257731958762887,6.5,0.5
4.0,2.25,2070,7350,2.0,0,0,4,0,37,0,37,301453.96774193546,258630.41666666666,636.9230769230769,3.550724637681159,6.25,0.45
4.0,2.5,2160,7826,1.0,0,0,4,770,38,1,22,478061.90476190473,381644.5188679245,617.1428571428571,3.623148148148148,6.5,0.5
4.0,2.25,2600,9900,1.0,0,0,3,1000,49,1,21,570223.1185050136,282229.9568965517,800.0,3.8076923076923075,6.25,0.45
4.0,2.75,2880,4000,1.5,0,0,3,780,102,1,14,574543.2427470535,551327.925925926,768.0,1.3888888888888888,6.75,0.55
4.0,2.25,2260,7200,2.0,0,0,4,0,30,0,30,297151.21774193546,287917.39130434784,695.3846153846154,3.185840707964602,6.25,0.45
5.0,3.0,3640,6930,2.0,0,0,3,0,10,1,11,341878.1945205479,341878.1945205479,910.0,1.9038461538461537,8.0,0.5
3.0,1.5,1530,23660,1.0,0,0,3,0,62,1,6,478061.90476190473,381644.5188679245,612.0,15.4640522875817,4.5,0.375
3.0,2.5,2490,4000,2.0,0,0,5,820,96,0,96,583475.1987418453,1033972.8260869565,711.4285714285714,1.606425702811245,5.5,0.625
3.0,1.75,1440,11787,1.0,0,0,3,0,31,1,5,704425.8029661017,632657.0428571429,523.6363636363636,8.185416666666667,4.75,0.4375
3.0,3.0,3760,8500,2.5,0,3,4,700,104,0,104,574543.2427470535,618140.3414634146,940.0,2.2606382978723403,6.0,0.75
4.0,1.75,1720,6975,1.0,0,0,3,300,39,0,39,667110.3374233128,649564.5408163265,625.4545454545455,4.055232558139535,5.75,0.35
4.0,2.5,2480,16360,1.0,0,0,5,970,55,0,55,447643.1818181818,447643.1818181818,708.5714285714286,6.596774193548387,6.5,0.5
4.0,3.5,3990,5267,2.0,0,0,3,0,6,0,6,847974.924611399,802442.5981012658,886.6666666666666,1.3200501253132833,7.5,0.7
2.0,1.75,840,3340,1.0,0,0,3,140,102,1,20,574543.2427470535,597116.6666666666,305.45454545454544,3.9761904761904763,3.75,0.5833333333333334
3.0,2.0,2270,11989,1.0,0,0,4,0,46,0,46,1182030.1090909091,1182030.1090909091,756.6666666666666,5.2814977973568284,5.0,0.5
4.0,2.5,2580,5476,2.0,0,0,3,0,9,0,9,302187.765625,282441.9347826087,737.1428571428571,2.122480620155039,6.5,0.5
3.0,1.75,1580,6620,1.0,0,0,3,0,26,1,14,294129.8971962617,292199.4871794872,574.5454545454545,4.189873417721519,4.75,0.4375
2.0,1.0,950,7954,1.0,0,0,4,0,73,1,16,576183.7791741472,345272.55555555556,475.0,8.372631578947368,3.0,0.3333333333333333
4.0,3.5,3190,5040,2.0,0,3,3,1030,11,0,11,570223.1185050136,617994.1355932204,708.8888888888889,1.5799373040752351,7.5,0.7
3.0,3.25,3740,136915,2.5,0,0,3,640,24,1,5,359824.2021276596,447644.72222222225,880.0,36.60828877005348,6.25,0.8125
4.0,2.75,2620,4743,1.0,0,2,4,1310,65,1,29,583475.1987418453,552240.609375,698.6666666666666,1.8103053435114504,6.75,0.55
3.0,1.75,2080,75794,1.0,0,0,3,0,56,1,10,654481.2884615385,805533.4016393443,756.3636363636364,36.43942307692308,4.75,0.4375
3.0,2.0,1660,3729,1.0,0,0,5,690,92,1,58,583475.1987418453,639284.1666666666,553.3333333333334,2.246385542168675,5.0,0.5
3.0,1.75,1520,11085,1.0,0,0,3,0,31,1,5,707300.656504065,637825.9692307692,552.7272727272727,7.292763157894737,4.75,0.4375
3.0,1.0,1140,27760,1.0,0,0,4,0,33,0,33,611821.4210526316,590589.0952380953,570.0,24.350877192982455,4.0,0.25
3.0,2.5,3240,8016,2.0,0,0,3,330,10,1,11,561804.3541666666,561804.3541666666,925.7142857142857,2.474074074074074,5.5,0.625
3.0,2.0,2460,41343,1.0,0,0,4,0,26,0,26,611394.2276422764,599392.1333333333,820.0,16.80609756097561,5.0,0.5
4.0,2.75,1750,5080,1.5,0,0,3,0,111,1,9,574543.2427470535,579453.76,466.6666666666667,2.902857142857143,6.75,0.55
3.0,1.75,2430,5000,2.0,0,0,4,670,69,0,69,573185.0026954178,566123.421875,883.6363636363636,2.05761316872428,4.75,0.4375
3.0,1.0,1060,9946,1.0,0,0,4,0,58,0,58,260515.44444444444,273801.64705882355,530.0,9.383018867924529,4.0,0.25
3.0,3.0,2410,7479,2.0,0,2,3,0,72,1,26,466114.81481481483,378368.49253731343,602.5,3.103319502074689,6.0,0.75
2.0,1.0,720,8040,1.0,0,0,3,0,71,1,12,345010.7211538461,418429.25675675675,360.0,11.166666666666666,3.0,0.3333333333333333
3.0,1.75,1260,9346,1.0,0,0,4,0,51,0,51,306368.0406504065,291247.46153846156,458.1818181818182,7.417460317460318,4.75,0.4375
3.0,1.0,1640,12384,1.0,0,0,4,550,60,1,35,298547.1904761905,300771.1538461539,820.0,7.5512195121951216,4.0,0.25
3.0,1.0,1310,9612,1.0,0,0,3,350,52,1,11,306983.0317460318,273470.65789473685,655.0,7.337404580152672,4.0,0.25
3.0,1.5,2120,6290,1.0,0,0,4,900,65,1,29,583475.1987418453,352404.6388888889,848.0,2.9669811320754715,4.5,0.375
3.0,1.75,3320,478288,1.5,0,3,4,1060,81,1,32,312833.3333333333,312833.3333333333,1207.2727272727273,144.06265060240963,4.75,0.4375
3.0,1.0,1210,9622,1.0,0,1,3,0,59,1,5,854623.3027093596,833646.4126506024,605.0,7.952066115702479,4.0,0.25
3.0,2.75,2590,12063,2.0,0,0,3,0,21,0,21,854623.3027093596,833646.4126506024,690.6666666666666,4.657528957528958,5.75,0.6875
4.0,2.5,2250,7526,2.0,0,0,3,0,25,0,25,370580.66352040815,502494.4029850746,642.8571428571429,3.344888888888889,6.5,0.5
4.0,3.0,4040,20001,1.0,0,0,3,2020,42,1,13,1379400.0,1264508.6,1010.0,4.950742574257426,7.0,0.6
3.0,1.0,1090,6710,1.5,0,0,5,0,102,0,102,294280.725,238853.55172413794,545.0,6.155963302752293,4.0,0.25
3.0,1.5,1660,15600,2.0,0,0,3,0,33,1,1,294280.725,248072.46153846153,664.0,9.397590361445783,4.5,0.375
2.0,1.0,1780,81021,1.0,0,3,4,0,60,1,35,297123.8925619835,253411.1914893617,890.0,45.51741573033708,3.0,0.3333333333333333
4.0,3.5,3370,5000,2.0,0,2,3,900,6,0,6,576183.7791741472,428104.3859649123,748.8888888888889,1.4836795252225519,7.5,0.7
5.0,3.0,4480,5000,2.5,0,0,5,1060,112,0,112,573185.0026954178,1024997.5853658536,1120.0,1.1160714285714286,8.0,0.5
4.0,2.5,2990,16809,2.0,0,0,3,0,24,1,5,602057.1753246753,636714.1129032258,854.2857142857143,5.621739130434783,6.5,0.5
5.0,2.0,2280,19000,1.5,0,0,3,0,90,1,3,364278.9903846154,449850.8552631579,760.0,8.333333333333334,7.0,0.3333333333333333
3.0,3.0,2480,5500,2.0,0,3,3,750,64,1,9,570223.1185050136,731861.7619047619,620.0,2.217741935483871,6.0,0.75
5.0,2.75,2830,8925,1.5,0,0,3,0,47,1,3,665473.701171875,527234.776119403,754.6666666666666,3.1537102473498235,7.75,0.4583333333333333
2.0,1.0,920,7569,1.0,0,0,4,0,64,1,31,359824.2021276596,270748.24,460.0,8.227173913043478,3.0,0.3333333333333333
4.0,2.25,3250,16684,2.0,0,0,3,0,35,1,0,2144683.3333333335,2144683.3333333335,1000.0,5.133538461538461,6.25,0.45
2.0,1.75,1240,6417,1.0,0,0,5,0,90,1,58,576183.7791741472,428104.3859649123,450.90909090909093,5.175,3.75,0.5833333333333334
4.0,2.5,3230,12100,1.0,0,0,3,1360,37,1,10,859215.5687192117,827419.403125,922.8571428571429,3.7461300309597525,6.5,0.5
5.0,2.5,2500,9583,1.0,0,0,3,1200,35,1,0,335615.4146341463,334815.04761904763,714.2857142857143,3.8332,7.5,0.4166666666666667
2.0,1.75,1390,4482,1.0,0,0,4,0,34,0,34,295841.6666666667,299247.56097560975,505.45454545454544,3.224460431654676,3.75,0.5833333333333334
5.0,1.75,1940,6654,1.5,0,0,4,0,61,1,31,345010.7211538461,418429.25675675675,705.4545454545455,3.4298969072164947,6.75,0.2916666666666667
3.0,2.0,1900,8002,1.0,0,0,3,0,23,0,23,302406.8613861386,294601.05,633.3333333333334,4.211578947368421,5.0,0.5
3.0,1.5,2380,14500,1.0,0,0,4,530,53,1,13,447643.1818181818,447643.1818181818,952.0,6.092436974789916,4.5,0.375
3.0,2.0,1480,3876,1.0,0,0,5,620,86,1,44,573185.0026954178,566123.421875,493.3333333333333,2.618918918918919,5.0,0.5
4.0,3.75,3460,6738,2.0,0,0,3,0,1,1,91,370580.66352040815,502494.4029850746,728.421052631579,1.9473988439306358,7.75,0.75
3.0,1.75,1444,249126,1.5,0,0,3,0,6,0,6,483484.7826086957,483484.7826086957,525.0909090909091,172.52493074792244,4.75,0.4375
4.0,3.0,1930,3031,1.0,0,0,3,730,8,0,8,420648.1666666667,420648.1666666667,482.5,1.5704663212435233,7.0,0.6
4.0,1.0,1200,2171,1.5,0,0,3,0,81,0,81,570223.1185050136,382164.4375,600.0,1.8091666666666666,5.0,0.2
3.0,2.5,1769,7324,2.0,0,0,3,0,2,1,102,297123.8925619835,363214.4727272727,505.42857142857144,4.140192198982476,5.5,0.625
3.0,2.5,2490,4540,2.5,0,0,3,0,2,1,102,377807.7863636364,523649.19402985077,711.4285714285714,1.823293172690763,5.5,0.625
4.0,3.25,3060,3898,2.0,0,0,3,760,0,0,0,611821.4210526316,590589.0952380953,720.0,1.2738562091503267,7.25,0.65
4.0,2.75,3030,6625,2.0,0,0,3,0,3,0,3,377807.7863636364,523649.19402985077,808.0,2.1864686468646863,6.75,0.55
3.0,2.5,2370,5353,2.0,0,0,3,0,5,0,5,420666.78571428574,420666.78571428574,677.1428571428571,2.258649789029536,5.5,0.625
3.0,3.25,1370,913,2.0,0,0,3,270,8,0,8,574543.2427470535,618140.3414634146,322.3529411764706,0.6664233576642336,6.25,0.8125
3.0,1.75,1500,11968,1.0,0,0,3,0,0,0,0,387666.6666666667,387666.6666666667,545.4545454545455,7.978666666666666,4.75,0.4375
3.0,2.25,1715,6819,2.0,0,0,3,0,19,0,19,298547.1904761905,300771.1538461539,527.6923076923077,3.9760932944606413,5.25,0.5625
2.0,1.0,1110,3200,1.0,0,0,3,0,89,1,12,574543.2427470535,921350.0,555.0,2.8828828828828827,3.0,0.3333333333333333
5.0,2.75,2400,8050,2.0,0,0,3,0,16,1,8,294280.725,357244.34545454546,640.0,3.3541666666666665,7.75,0.4583333333333333
3.0,1.0,1520,213444,1.5,0,3,5,0,26,0,26,371872.2878787879,510118.0,760.0,140.42368421052632,4.0,0.25
4.0,2.75,3190,10970,2.0,0,0,3,0,20,0,20,701918.4194214876,784592.5133928572,850.6666666666666,3.438871473354232,6.75,0.55
3.0,2.25,2400,5300,1.5,0,0,4,1150,75,1,25,570223.1185050136,586761.8313953489,738.4615384615385,2.2083333333333335,5.25,0.5625
3.0,1.0,1060,7473,1.0,0,0,3,0,55,1,25,311057.8333333333,313968.0571428572,530.0,7.05,4.0,0.25
2.0,1.75,1220,15600,1.0,0,0,3,0,42,1,12,308362.248,266959.525,443.6363636363636,12.78688524590164,3.75,0.5833333333333334
4.0,2.25,2020,8424,1.0,0,0,4,640,35,0,35,661873.9341085271,490319.85294117645,621.5384615384615,4.1702970297029704,6.25,0.45
4.0,2.25,2300,7700,1.0,0,0,3,920,55,1,25,583475.1987418453,455981.53846153844,707.6923076923077,3.347826086956522,6.25,0.45
4.0,2.75,2300,37533,1.0,0,3,5,750,35,0,35,488457.5,488457.5,613.3333333333334,16.31869565217391,6.75,0.55
3.0,2.5,1660,1545,2.0,0,2,3,260,12,0,12,573185.0026954178,971798.75,474.2857142857143,0.9307228915662651,5.5,0.625
4.0,3.0,3900,9750,1.0,0,4,5,1380,42,0,42,847974.924611399,802442.5981012658,975.0,2.5,7.0,0.6
3.0,1.75,1650,12349,1.0,0,0,3,0,57,1,14,260515.44444444444,273801.64705882355,600.0,7.484242424242424,4.75,0.4375
4.0,2.5,2110,35091,1.0,0,0,4,820,29,0,29,602238.7424242424,586241.8196721311,602.8571428571429,16.630805687203793,6.5,0.5
3.0,1.75,1960,6380,1.0,0,0,4,980,75,1,25,576183.7791741472,610943.3953488372,712.7272727272727,3.2551020408163267,4.75,0.4375
4.0,2.5,2770,63118,2.0,0,0,3,0,17,0,17,551283.9375,551283.9375,791.4285714285714,22.786281588447654,6.5,0.5
4.0,1.75,2440,7350,1.0,0,0,3,830,36,0,36,298517.84,265478.5,887.2727272727273,3.012295081967213,5.75,0.35
2.0,1.0,1320,8380,1.0,0,0,3,0,61,0,61,576183.7791741472,718727.3611111111,660.0,6.348484848484849,3.0,0.3333333333333333
4.0,2.5,2570,4865,2.0,0,0,3,0,9,0,9,341878.1945205479,341878.1945205479,734.2857142857143,1.8929961089494163,6.5,0.5
2.0,1.0,940,5040,1.0,0,0,3,0,88,1,11,573185.0026954178,446315.6779661017,470.0,5.361702127659575,3.0,0.3333333333333333
2.0,1.0,700,4800,1.0,0,0,3,0,92,1,6,576183.7791741472,593491.5454545454,350.0,6.857142857142857,3.0,0.3333333333333333
3.0,2.0,1400,45738,2.0,0,0,4,0,33,0,33,488882.5,488882.5,466.6666666666667,32.67,5.0,0.5
4.0,2.5,1890,7867,2.0,0,0,3,0,18,0,18,339211.3264705882,339211.3264705882,540.0,4.162433862433862,6.5,0.5
2.0,1.0,720,11400,1.0,0,0,5,0,63,0,63,402504.4879518072,368028.3015873016,360.0,15.833333333333334,3.0,0.3333333333333333
3.0,1.75,2410,8944,1.0,0,0,4,550,47,0,47,376968.54547619045,346675.59929577465,876.3636363636364,3.711203319502075,4.75,0.4375
3.0,2.5,1630,7950,1.0,0,0,3,310,29,0,29,302187.765625,313686.0298507463,465.7142857142857,4.877300613496932,5.5,0.625
5.0,1.75,2330,14322,1.0,0,0,4,1150,46,0,46,379453.5624401914,504551.94666666666,847.2727272727273,6.146781115879828,6.75,0.2916666666666667
2.0,2.25,1330,10838,2.0,0,0,3,0,29,0,29,451624.14634146343,451624.14634146343,409.2307692307692,8.148872180451129,4.25,0.75
4.0,2.25,3190,11597,2.0,0,0,3,890,30,0,30,701918.4194214876,631683.0588235294,981.5384615384615,3.635423197492163,6.25,0.45
3.0,1.75,1400,6300,1.0,0,0,3,0,16,1,8,312833.3333333333,312833.3333333333,509.09090909090907,4.5,4.75,0.4375
3.0,1.0,970,9583,1.0,0,0,4,0,47,0,47,291133.71153846156,283302.9365079365,485.0,9.87938144329897,4.0,0.25
3.0,1.75,1010,9600,1.0,0,0,5,0,45,0,45,331482.7586206897,336132.38095238095,367.27272727272725,9.504950495049505,4.75,0.4375
3.0,2.5,3580,54450,1.5,0,0,3,0,24,1,5,345402.7394736842,345402.7394736842,1022.8571428571429,15.20949720670391,5.5,0.625
2.0,1.0,1050,2570,1.0,0,0,5,200,87,0,87,570223.1185050136,586761.8313953489,525.0,2.447619047619048,3.0,0.3333333333333333
5.0,2.5,2500,7200,1.0,0,0,4,1010,37,0,37,664018.5575757576,639101.3958333334,714.2857142857143,2.88,7.5,0.4166666666666667
3.0,3.0,2630,4896,2.0,0,0,3,0,8,0,8,667110.3374233128,649564.5408163265,657.5,1.861596958174905,6.0,0.75
4.0,4.5,6640,53330,2.0,0,0,3,0,21,0,21,602057.1753246753,636714.1129032258,1207.2727272727273,8.031626506024097,8.5,0.9
3.0,1.0,910,8789,1.0,0,0,3,0,48,1,51,574543.2427470535,324633.3333333333,455.0,9.658241758241758,4.0,0.25
3.0,2.5,2610,35000,2.0,0,0,3,0,26,1,14,612917.84375,554207.5555555555,745.7142857142857,13.409961685823754,5.5,0.625
3.0,2.5,1720,6194,2.0,0,0,3,0,16,1,8,297123.8925619835,363214.4727272727,491.42857142857144,3.6011627906976744,5.5,0.625
5.0,2.75,3650,13297,2.0,0,0,5,900,45,0,45,1157220.9705882352,1157220.9705882352,973.3333333333334,3.643013698630137,7.75,0.4583333333333333
3.0,1.75,2040,22693,1.0,0,0,4,0,34,0,34,298517.84,334007.40625,741.8181818181819,11.124019607843136,4.75,0.4375
5.0,2.5,3260,24300,1.5,0,1,4,950,64,1,31,461754.1666666667,377329.25409836066,931.4285714285714,7.45398773006135,7.5,0.4166666666666667
3.0,1.5,1590,8911,1.0,0,0,3,0,58,1,13,445182.39130434784,445182.39130434784,636.0,5.604402515723271,4.5,0.375
4.0,1.0,1440,7100,1.5,0,0,3,0,108,1,0,583475.1987418453,543333.5897435897,720.0,4.930555555555555,5.0,0.2
2.0,1.0,900,3400,1.0,0,0,5,0,109,0,109,570223.1185050136,322012.1379310345,450.0,3.7777777777777777,3.0,0.3333333333333333
6.0,4.0,3120,4240,2.0,0,2,4,1030,21,0,21,574543.2427470535,305084.0425531915,624.0,1.358974358974359,10.0,0.5714285714285714
3.0,2.5,1060,1536,2.0,0,0,3,0,14,0,14,583475.1987418453,552240.609375,302.85714285714283,1.4490566037735848,5.5,0.625
4.0,2.5,3000,9793,2.0,0,0,3,0,12,0,12,341878.1945205479,341878.1945205479,857.1428571428571,3.2643333333333335,6.5,0.5
3.0,2.5,2230,5348,2.0,0,0,3,0,14,0,14,573991.6862745098,573991.6862745098,637.1428571428571,2.398206278026906,5.5,0.625
5.0,1.75,1890,5000,1.5,0,0,3,800,108,1,0,574543.2427470535,597116.6666666666,687.2727272727273,2.6455026455026456,6.75,0.2916666666666667
4.0,3.5,4150,16197,2.0,0,0,3,0,8,0,8,294280.725,357244.34545454546,922.2222222222222,3.90289156626506,7.5,0.7
3.0,1.75,1780,10409,1.0,0,0,3,500,33,1,1,371872.2878787879,351000.68055555556,647.2727272727273,5.847752808988764,4.75,0.4375
4.0,2.5,2710,6583,2.0,0,0,3,0,11,0,11,377807.7863636364,523649.19402985077,774.2857142857143,2.429151291512915,6.5,0.5
4.0,4.25,4390,13833,2.0,0,3,3,1070,11,0,11,609064.7603305785,621249.6153846154,836.1904761904761,3.151025056947608,8.25,0.85
2.0,1.5,1640,4080,1.5,0,0,5,100,98,0,98,570223.1185050136,896874.1724137932,656.0,2.4878048780487805,3.5,0.5
3.0,2.25,1670,4800,1.5,0,3,3,0,111,1,9,574543.2427470535,921350.0,513.8461538461538,2.874251497005988,5.25,0.5625
3.0,2.5,2570,10431,2.0,0,0,3,0,25,0,25,302187.765625,282441.9347826087,734.2857142857143,4.058754863813229,5.5,0.625
2.0,1.0,1500,3420,1.0,0,0,3,0,112,0,112,574543.2427470535,602889.9619047618,750.0,2.28,3.0,0.3333333333333333
3.0,1.0,2710,19000,2.0,0,3,4,0,64,1,31,378731.27777777775,484335.21428571426,1355.0,7.011070110701107,4.0,0.25
4.0,1.75,2860,48351,1.0,0,0,3,1150,36,0,36,602057.1753246753,636714.1129032258,1040.0,16.905944055944055,5.75,0.35
2.0,0.75,840,40642,1.0,1,4,4,0,77,0,77,488882.5,488882.5,480.0,48.38333333333333,2.75,0.25
4.0,2.5,2990,8913,2.0,0,0,4,0,23,0,23,370580.66352040815,348268.4566176471,854.2857142857143,2.9809364548494983,6.5,0.5
5.0,1.0,1170,6757,1.0,0,0,4,370,70,0,70,583475.1987418453,455981.53846153844,585.0,5.775213675213675,6.0,0.16666666666666666
3.0,1.5,1200,6240,1.0,0,0,3,170,62,1,6,576183.7791741472,1007907.8,480.0,5.2,4.5,0.375
2.0,1.0,1020,8100,1.0,0,0,3,0,74,1,18,570223.1185050136,271166.2641509434,510.0,7.9411764705882355,3.0,0.3333333333333333
2.0,1.0,910,8155,1.0,0,0,4,0,66,0,66,402504.4879518072,381644.5188679245,455.0,8.961538461538462,3.0,0.3333333333333333
1.0,1.0,700,2500,1.0,0,0,4,0,107,0,107,583475.1987418453,300070.8333333333,350.0,3.5714285714285716,2.0,0.5
4.0,1.75,2420,37800,1.0,0,0,4,540,33,0,33,664524.1592356688,667790.3,880.0,15.619834710743802,5.75,0.35
3.0,1.75,1950,8712,1.0,0,0,3,0,54,1,2,379453.5624401914,324671.05263157893,709.0909090909091,4.467692307692308,4.75,0.4375
4.0,2.5,3060,6000,2.0,0,0,3,0,2,1,102,339556.4805970149,339556.4805970149,874.2857142857143,1.9607843137254901,6.5,0.5
4.0,1.0,1390,18000,1.0,0,0,3,0,59,1,1,298517.84,265478.5,695.0,12.949640287769784,5.0,0.2
2.0,1.5,1200,1687,3.0,0,0,3,0,6,0,6,574543.2427470535,602889.9619047618,480.0,1.4058333333333333,3.5,0.5
3.0,2.5,2440,4153,2.0,0,0,3,0,11,0,11,664524.1592356688,661440.7894736842,697.1428571428571,1.7020491803278688,5.5,0.625
3.0,3.25,2310,3075,2.0,0,0,3,580,9,0,9,573185.0026954178,666351.088888889,543.5294117647059,1.3311688311688312,6.25,0.8125
3.0,2.75,2600,64626,1.5,0,0,3,0,5,0,5,551871.586715821,551871.586715821,693.3333333333334,24.856153846153845,5.75,0.6875
3.0,2.25,1490,1212,2.0,0,0,3,450,3,0,3,573185.0026954178,1024997.5853658536,458.46153846153845,0.8134228187919463,5.25,0.5625
3.0,2.5,2432,9391,2.0,0,2,3,0,9,0,9,290510.51923076925,253411.1914893617,694.8571428571429,3.8614309210526314,5.5,0.625
4.0,2.75,3610,8580,2.0,0,0,3,0,0,0,0,661873.9341085271,853114.5491803279,962.6666666666666,2.376731301939058,6.75,0.55
4.0,3.0,2530,10000,2.0,0,0,3,0,1,1,91,359824.2021276596,324633.3333333333,632.5,3.952569169960474,7.0,0.6
4.0,2.75,2790,5527,2.0,0,0,3,0,0,0,0,406146.40625,406146.40625,744.0,1.9810035842293907,6.75,0.55
3.0,3.0,1670,4440,1.0,0,0,3,0,0,0,0,312833.3333333333,312833.3333333333,417.5,2.658682634730539,6.0,0.75
1.0,1.5,1170,1456,2.0,0,0,3,100,7,0,7,570223.1185050136,415307.3275862069,468.0,1.2444444444444445,2.5,0.75
4.0,2.0,1350,942,3.0,0,0,3,0,6,0,6,589927.1679389313,617858.71875,450.0,0.6977777777777778,6.0,0.4
2.0,1.75,1110,1773,2.0,0,0,3,0,0,0,0,574543.2427470535,353735.36363636365,403.6363636363636,1.5972972972972972,3.75,0.5833333333333334
1.0,1.25,1100,638,3.0,0,0,3,0,0,0,0,574543.2427470535,1017813.976744186,488.8888888888889,0.58,2.25,0.625
3.0,4.25,2820,7200,2.0,0,0,4,360,84,0,84,576183.7791741472,1007907.8,537.1428571428571,2.5531914893617023,7.25,1.0625
3.0,1.0,1040,8128,1.0,0,0,3,0,31,1,5,420666.78571428574,420666.78571428574,520.0,7.815384615384615,4.0,0.25
2.0,1.75,1910,3376,2.0,0,0,3,0,34,0,34,345402.7394736842,345402.7394736842,694.5454545454545,1.7675392670157068,3.75,0.5833333333333334
4.0,1.0,1370,8499,1.0,0,0,3,0,65,1,16,402504.4879518072,381644.5188679245,685.0,6.203649635036497,5.0,0.2
3.0,1.5,1500,5000,1.5,0,0,4,360,87,0,87,574543.2427470535,566680.5729166666,600.0,3.3333333333333335,4.5,0.375
3.0,1.0,1200,9087,1.0,0,0,5,0,45,0,45,674250.625,392019.0338983051,600.0,7.5725,4.0,0.25
2.0,1.0,1050,2542,1.0,0,0,3,170,110,0,110,576183.7791741472,593491.5454545454,525.0,2.420952380952381,3.0,0.3333333333333333
5.0,2.5,2670,16777,1.5,0,0,4,1050,94,0,94,576183.7791741472,460224.62686567166,762.8571428571429,6.283520599250936,7.5,0.4166666666666667
4.0,2.5,2190,11500,1.0,0,0,4,760,42,0,42,859215.5687192117,827419.403125,625.7142857142857,5.251141552511416,6.5,0.5
4.0,2.5,3130,40918,2.0,0,0,3,0,20,0,20,405031.2631578947,405031.2631578947,894.2857142857143,13.072843450479233,6.5,0.5
3.0,2.5,1700,9100,1.0,0,0,3,540,16,1,8,570223.1185050136,415307.3275862069,485.7142857142857,5.352941176470588,5.5,0.625
3.0,1.75,1700,17355,1.0,0,0,3,500,36,0,36,351942.0882352941,351942.0882352941,618.1818181818181,10.208823529411765,4.75,0.4375
3.0,3.5,1360,1275,2.0,0,0,3,120,7,0,7,583475.1987418453,662231.5294117647,302.22222222222223,0.9375,6.5,0.875
3.0,2.0,1610,15005,1.0,0,0,4,0,28,0,28,560478.0714285715,560478.0714285715,536.6666666666666,9.319875776397515,5.0,0.5
5.0,2.75,2130,6222,1.0,0,0,3,830,23,0,23,573185.0026954178,458276.3157894737,568.0,2.9211267605633804,7.75,0.4583333333333333
3.0,1.0,1800,7650,1.0,0,0,5,0,57,0,57,371872.2878787879,392019.0338983051,900.0,4.25,4.0,0.25
4.0,2.75,2950,15540,1.0,0,0,4,830,40,0,40,297151.21774193546,336132.38095238095,786.6666666666666,5.2677966101694915,6.75,0.55
3.0,2.25,2120,54014,2.0,0,0,4,0,50,0,50,859215.5687192117,788761.9545454546,652.3076923076923,25.47830188679245,5.25,0.5625
4.0,2.5,3500,7048,2.0,0,0,3,0,9,0,9,667110.3374233128,692946.9841269841,1000.0,2.013714285714286,6.5,0.5
3.0,2.0,1440,9220,1.0,0,0,3,0,49,1,21,335615.4146341463,334815.04761904763,480.0,6.402777777777778,5.0,0.5
4.0,2.0,2120,3360,2.0,0,0,3,0,109,1,4,570223.1185050136,1067396.7391304348,706.6666666666666,1.5849056603773586,6.0,0.4
2.0,2.5,1780,2067,2.0,0,0,5,0,40,0,40,854623.3027093596,1326856.5666666667,508.57142857142856,1.1612359550561797,4.5,0.8333333333333334
2.0,1.0,960,8153,1.0,0,0,3,0,67,1,2,423979.98295454547,377329.25409836066,480.0,8.492708333333333,3.0,0.3333333333333333
2.0,1.75,1510,4980,1.0,0,0,3,0,8,0,8,664018.5575757576,696975.4117647059,549.0909090909091,3.2980132450331126,3.75,0.5833333333333334
1.0,1.5,1010,5750,1.0,0,0,3,0,103,1,66,583475.1987418453,559590.6666666666,404.0,5.693069306930693,2.5,0.75
3.0,3.0,3790,5001,2.0,0,0,3,980,25,0,25,573185.0026954178,544298.1739130435,947.5,1.3195250659630606,6.0,0.75
3.0,1.75,3600,8666,2.0,0,0,4,1200,66,0,66,661873.9341085271,853114.5491803279,1309.090909090909,2.4072222222222224,4.75,0.4375
3.0,1.75,1300,7030,1.0,0,0,3,0,46,1,17,661873.9341085271,490319.85294117645,472.72727272727275,5.407692307692308,4.75,0.4375
4.0,2.25,2500,4046,1.5,0,0,4,980,74,1,13,570223.1185050136,586761.8313953489,769.2307692307693,1.6184,6.25,0.45
3.0,2.25,2090,10733,1.0,0,0,3,650,56,1,10,573185.0026954178,594233.6460674157,643.0769230769231,5.135406698564593,5.25,0.5625
3.0,1.75,2200,14630,1.5,0,1,3,0,66,1,11,859295.1570351758,1264508.6,800.0,6.65,4.75,0.4375
3.0,2.25,2070,15002,1.5,0,0,3,0,59,1,1,472577.77777777775,386772.68253968254,636.9230769230769,7.247342995169082,5.25,0.5625
3.0,1.0,1320,7341,1.0,0,0,3,0,32,0,32,402504.4879518072,381644.5188679245,660.0,5.5613636363636365,4.0,0.25
4.0,2.0,1360,60548,1.0,0,0,3,400,54,1,2,294280.725,248072.46153846153,453.3333333333333,44.52058823529412,6.0,0.4
2.0,1.0,930,7623,1.0,0,0,2,0,72,0,72,364278.9903846154,449850.8552631579,465.0,8.196774193548388,3.0,0.3333333333333333
3.0,2.5,1760,8584,1.5,0,0,5,0,77,0,77,359824.2021276596,324633.3333333333,502.85714285714283,4.877272727272727,5.5,0.625
3.0,1.75,1410,8100,2.0,0,0,3,0,29,0,29,341878.1945205479,341878.1945205479,512.7272727272727,5.74468085106383,4.75,0.4375
4.0,2.5,2570,7859,2.0,0,0,3,0,22,0,22,339556.4805970149,339556.4805970149,734.2857142857143,3.057976653696498,6.5,0.5
3.0,2.75,1300,14197,1.0,0,0,3,440,18,0,18,301453.96774193546,287895.1666666667,346.6666666666667,10.920769230769231,5.75,0.6875
3.0,1.0,1580,6300,1.0,0,0,3,400,89,1,12,570223.1185050136,731861.7619047619,790.0,3.9873417721518987,4.0,0.25
4.0,2.5,2960,6031,2.0,0,0,3,0,9,0,9,351942.0882352941,351942.0882352941,845.7142857142857,2.0375,6.5,0.5
4.0,3.0,2330,3497,2.0,0,0,3,410,11,0,11,576183.7791741472,345272.55555555556,582.5,1.5008583690987125,7.0,0.6
4.0,2.25,2070,39446,1.0,0,0,3,600,37,1,10,473692.0,384471.0,636.9230769230769,19.056038647342994,6.25,0.45
2.0,1.0,970,5750,1.0,0,0,4,0,82,1,56,574543.2427470535,423128.77358490566,485.0,5.927835051546392,3.0,0.3333333333333333
3.0,2.25,2310,7200,2.0,0,0,3,0,24,1,5,306368.0406504065,289447.0487804878,710.7692307692307,3.116883116883117,5.25,0.5625
4.0,2.5,2290,11173,2.0,0,0,4,0,26,0,26,376968.54547619045,346675.59929577465,654.2857142857143,4.879039301310043,6.5,0.5
3.0,2.25,1720,9600,1.0,0,0,4,500,47,0,47,667110.3374233128,649564.5408163265,529.2307692307693,5.5813953488372094,5.25,0.5625
2.0,1.5,1190,3400,1.0,0,0,3,200,95,1,13,583475.1987418453,600662.226744186,476.0,2.857142857142857,3.5,0.5
2.0,1.0,870,5750,1.0,0,0,4,0,67,1,26,570223.1185050136,629754.88,435.0,6.609195402298851,3.0,0.3333333333333333
2.0,1.5,1068,1758,2.0,0,0,3,0,24,1,5,453958.47826086957,453958.47826086957,427.2,1.646067415730337,3.5,0.5
4.0,2.75,2140,10316,2.0,0,0,3,0,21,0,21,294280.725,248072.46153846153,570.6666666666666,4.820560747663551,6.75,0.55
4.0,2.5,3300,165528,2.0,0,0,3,0,30,0,30,610245.4411764706,681119.6428571428,942.8571428571429,50.16,6.5,0.5
5.0,4.25,4830,8050,2.5,0,2,4,1120,100,1,69,576183.7791741472,619323.25,920.0,1.6666666666666667,9.25,0.7083333333333334
5.0,3.25,2820,6589,1.5,0,0,3,500,108,1,0,583475.1987418453,451032.07547169813,663.5294117647059,2.3365248226950355,8.25,0.5416666666666666
4.0,3.0,2440,9664,2.0,0,0,3,550,33,1,1,453958.47826086957,453958.47826086957,610.0,3.960655737704918,7.0,0.6
4.0,1.5,1800,3245,1.5,0,0,4,0,85,0,85,570223.1185050136,606082.1632653062,720.0,1.8027777777777778,5.5,0.3
3.0,1.0,1010,8800,1.0,0,0,4,0,60,1,35,573185.0026954178,458276.3157894737,505.0,8.712871287128714,4.0,0.25
4.0,2.75,3220,4392,1.5,0,0,4,900,83,0,83,573185.0026954178,929461.7,858.6666666666666,1.3639751552795032,6.75,0.55
5.0,3.5,5000,26540,2.0,0,3,3,1590,6,0,6,1204170.349206349,1204170.349206349,1111.111111111111,5.308,8.5,0.5833333333333334
2.0,1.0,1200,24792,2.0,0,0,2,0,38,0,38,659713.198757764,701241.5652173914,600.0,20.66,3.0,0.3333333333333333
3.0,2.25,1470,4322,2.0,0,0,3,0,29,0,29,611821.4210526316,632427.4029850747,452.3076923076923,2.9401360544217687,5.25,0.5625
3.0,2.5,2600,4506,2.0,0,0,3,0,11,0,11,447643.1818181818,447643.1818181818,742.8571428571429,1.7330769230769232,5.5,0.625
4.0,1.5,2750,128502,1.0,0,0,2,1250,56,0,56,371872.2878787879,307678.125,1100.0,46.728,5.5,0.3
2.0,1.0,1320,9967,1.0,0,0,3,380,95,1,13,583475.1987418453,352404.6388888889,660.0,7.550757575757576,3.0,0.3333333333333333
3.0,2.5,3350,4007,2.0,0,0,3,800,9,0,9,654481.2884615385,520942.46376811597,957.1428571428571,1.1961194029850746,5.5,0.625
3.0,2.5,2650,2387,2.0,0,0,3,820,94,1,35,573185.0026954178,933638.5714285715,757.1428571428571,0.9007547169811321,5.5,0.625
2.0,2.0,1860,10856,1.0,0,0,3,600,62,1,6,576183.7791741472,282454.22794117645,620.0,5.836559139784947,4.0,0.6666666666666666
3.0,1.0,960,8855,1.0,0,0,4,0,56,1,42,428665.7159090909,386772.68253968254,480.0,9.223958333333334,4.0,0.25
4.0,1.75,2010,6300,1.0,0,2,5,400,77,0,77,570223.1185050136,731861.7619047619,730.9090909090909,3.1343283582089554,5.75,0.35
2.0,1.0,900,28800,1.0,0,0,1,0,86,0,86,565703.2,565703.2,450.0,32.0,3.0,0.3333333333333333
4.0,2.5,2340,11784,2.0,0,0,3,0,17,0,17,297151.21774193546,336132.38095238095,668.5714285714286,5.035897435897436,6.5,0.5
4.0,3.0,3720,15048,3.0,0,0,3,0,35,1,0,370580.66352040815,502494.4029850746,930.0,4.04516129032258,7.0,0.6
3.0,2.0,1890,29185,1.0,0,0,3,420,65,1,1,859295.1570351758,809147.9375,630.0,15.441798941798941,5.0,0.5
4.0,2.5,2680,12215,1.0,1,4,3,1090,58,1,13,480427.5,418429.25675675675,765.7142857142857,4.557835820895522,6.5,0.5
3.0,2.5,1460,1613,2.0,0,0,3,280,7,0,7,574543.2427470535,566680.5729166666,417.14285714285717,1.1047945205479452,5.5,0.625
3.0,2.5,3180,7904,1.0,0,0,3,1370,8,0,8,377807.7863636364,401767.1379310345,908.5714285714286,2.4855345911949684,5.5,0.625
4.0,2.25,1980,15086,2.0,0,0,3,0,33,1,1,692567.8918918918,634856.3076923077,609.2307692307693,7.619191919191919,6.25,0.45
2.0,2.0,1090,934,3.0,0,0,3,0,6,0,6,583475.1987418453,1033972.8260869565,363.3333333333333,0.8568807339449541,4.0,0.6666666666666666
4.0,2.5,2230,5970,2.0,0,0,4,0,12,0,12,306341.6666666667,326180.80597014923,637.1428571428571,2.6771300448430493,6.5,0.5
4.0,2.75,3330,9143,2.0,0,0,4,0,19,0,19,675464.6038732395,825344.3576388889,888.0,2.7456456456456455,6.75,0.55
4.0,2.0,1880,3840,1.0,0,0,3,910,110,0,110,573185.0026954178,634904.25,626.6666666666666,2.0425531914893615,6.0,0.4
5.0,3.0,2870,5700,1.0,0,0,3,920,50,1,14,570223.1185050136,606082.1632653062,717.5,1.9860627177700347,8.0,0.5
4.0,1.75,2120,9786,1.0,0,0,3,480,47,1,3,433780.94444444444,807100.6571428571,770.9090909090909,4.616037735849057,5.75,0.35
4.0,2.5,2700,6998,2.0,0,0,3,0,13,0,13,248463.04347826086,232418.88888888888,771.4285714285714,2.591851851851852,6.5,0.5
4.0,2.5,3670,7680,2.5,0,0,3,0,7,0,7,611394.2276422764,624091.0333333333,1048.5714285714287,2.092643051771117,6.5,0.5
3.0,2.5,1220,1330,2.0,0,0,3,210,6,0,6,570223.1185050136,586761.8313953489,348.57142857142856,1.0901639344262295,5.5,0.625
5.0,3.25,4390,11250,2.0,0,0,3,0,7,0,7,1223622.0,1223622.0,1032.9411764705883,2.562642369020501,8.25,0.5416666666666666
4.0,2.5,3560,5265,3.0,0,0,3,0,0,0,0,662070.8855421686,637280.5326086957,1017.1428571428571,1.478932584269663,6.5,0.5
4.0,3.25,3530,8589,2.0,0,0,3,0,7,0,7,655071.1991869919,798061.106557377,830.5882352941177,2.4331444759206797,7.25,0.65
4.0,2.5,2280,5000,2.0,0,0,3,0,8,0,8,351942.0882352941,351942.0882352941,651.4285714285714,2.192982456140351,6.5,0.5
4.0,3.75,4350,7965,2.0,0,0,3,0,1,1,91,854623.3027093596,1326856.5666666667,915.7894736842105,1.8310344827586207,7.75,0.75
3.0,3.5,3830,221284,2.0,0,0,3,300,21,0,21,602057.1753246753,636714.1129032258,851.1111111111111,57.77650130548303,6.5,0.875
3.0,2.0,2050,13303,1.0,0,0,3,0,21,0,21,298547.1904761905,300771.1538461539,683.3333333333334,6.489268292682927,5.0,0.5
3.0,2.5,3660,39478,2.0,0,2,4,400,25,0,25,325113.63636363635,325113.63636363635,1045.7142857142858,10.786338797814208,5.5,0.625
4.0,2.5,3350,46748,2.0,0,0,3,0,10,1,11,387666.6666666667,387666.6666666667,957.1428571428571,13.954626865671642,6.5,0.5
3.0,2.0,1270,3600,1.0,0,0,3,0,51,1,6,574543.2427470535,579453.76,423.3333333333333,2.8346456692913384,5.0,0.5
4.0,3.5,3400,3850,2.5,0,0,3,610,6,0,6,573185.0026954178,1024997.5853658536,755.5555555555555,1.1323529411764706,7.5,0.7
3.0,1.0,1200,8514,1.0,0,0,3,0,55,1,25,327370.0,327370.0,600.0,7.095,4.0,0.25
3.0,2.5,2200,11000,2.0,0,2,3,0,36,0,36,859215.5687192117,631745.0,628.5714285714286,5.0,5.5,0.625
3.0,2.5,1680,11312,1.0,0,0,3,600,55,1,25,574543.2427470535,373425.72222222225,480.0,6.733333333333333,5.5,0.625
5.0,3.5,3840,8279,2.0,0,0,3,0,13,0,13,712166.302173913,657703.171875,853.3333333333334,2.155989583333333,8.5,0.5833333333333334
2.0,1.0,950,4500,1.0,0,2,3,100,88,1,11,583475.1987418453,598663.1875,475.0,4.7368421052631575,3.0,0.3333333333333333
4.0,2.5,2280,42077,2.0,0,0,3,0,20,0,20,301453.96774193546,326180.80597014923,651.4285714285714,18.45482456140351,6.5,0.5
4.0,2.5,1970,6600,2.0,0,0,3,0,27,1,14,302187.765625,292224.96153846156,562.8571428571429,3.350253807106599,6.5,0.5
3.0,1.5,1620,9310,1.0,0,0,4,0,47,0,47,331482.7586206897,336132.38095238095,648.0,5.746913580246914,4.5,0.375
4.0,2.5,2600,7200,2.0,0,0,3,0,52,1,12,583475.1987418453,600662.226744186,742.8571428571429,2.769230769230769,6.5,0.5
2.0,1.0,1250,3825,1.0,0,0,3,400,85,0,85,570223.1185050136,586761.8313953489,625.0,3.06,3.0,0.3333333333333333
4.0,1.75,2130,5080,1.5,0,0,3,0,100,1,21,574543.2427470535,921350.0,774.5454545454545,2.384976525821596,5.75,0.35
4.0,1.75,2550,8976,1.0,0,0,5,1250,36,0,36,306368.0406504065,289447.0487804878,927.2727272727273,3.52,5.75,0.35
3.0,1.0,1150,6000,1.5,0,0,3,0,87,1,3,421049.06666666665,421049.06666666665,575.0,5.217391304347826,4.0,0.25
3.0,1.75,1040,9000,1.0,0,0,4,0,47,0,47,611394.2276422764,599392.1333333333,378.1818181818182,8.653846153846153,4.75,0.4375
4.0,2.5,3340,10422,2.0,0,0,3,0,18,0,18,655071.1991869919,798061.106557377,954.2857142857143,3.1203592814371257,6.5,0.5
6.0,2.75,2630,9420,2.0,0,0,5,120,114,0,114,576183.7791741472,581484.52,701.3333333333334,3.581749049429658,8.75,0.39285714285714285
3.0,2.25,1640,3896,2.0,0,0,3,0,20,0,20,589927.1679389313,617858.71875,504.61538461538464,2.375609756097561,5.25,0.5625
2.0,1.0,770,7906,1.0,0,0,4,0,66,0,66,433780.94444444444,384471.0,385.0,10.267532467532467,3.0,0.3333333333333333
4.0,3.25,4350,112750,1.0,0,0,3,2150,8,0,8,611394.2276422764,599392.1333333333,1023.5294117647059,25.919540229885058,7.25,0.65
4.0,1.75,1700,5846,1.0,0,0,3,0,57,1,14,570223.1185050136,731861.7619047619,618.1818181818181,3.438823529411765,5.75,0.35
3.0,1.75,2050,9580,1.0,0,0,3,650,30,0,30,692567.8918918918,634856.3076923077,745.4545454545455,4.673170731707317,4.75,0.4375
3.0,2.25,1660,5128,2.0,0,0,3,0,13,0,13,420648.1666666667,420648.1666666667,510.7692307692308,3.089156626506024,5.25,0.5625
3.0,1.75,1990,9594,1.0,0,0,3,800,37,1,10,664018.5575757576,639101.3958333334,723.6363636363636,4.821105527638191,4.75,0.4375
5.0,5.5,7050,42840,1.0,0,2,4,2730,36,1,14,1379400.0,1264508.6,1084.6153846153845,6.076595744680851,10.5,0.9166666666666666
3.0,2.0,1770,7000,1.0,0,0,3,0,28,0,28,306983.0317460318,273470.65789473685,590.0,3.9548022598870056,5.0,0.5
3.0,2.25,2440,47916,2.0,0,0,3,350,23,0,23,667110.3374233128,692946.9841269841,750.7692307692307,19.637704918032785,5.25,0.5625
3.0,2.5,2620,51354,2.0,0,0,3,0,16,1,8,610245.4411764706,681119.6428571428,748.5714285714286,19.600763358778625,5.5,0.625
4.0,2.5,2440,11005,2.0,0,0,3,0,20,0,20,673746.1363636364,393745.6779661017,697.1428571428571,4.510245901639344,6.5,0.5
2.0,1.0,1080,7775,1.0,0,0,3,0,59,1,9,576183.7791741472,509155.26219512196,540.0,7.199074074074074,3.0,0.3333333333333333
3.0,1.0,1090,10710,1.0,0,0,4,0,52,0,52,377807.7863636364,401767.1379310345,545.0,9.825688073394495,4.0,0.25
3.0,1.75,1400,13775,1.0,0,0,3,0,51,1,6,445182.39130434784,445182.39130434784,509.09090909090907,9.839285714285714,4.75,0.4375
3.0,2.5,2010,7200,2.0,0,0,3,0,20,0,20,466376.511627907,466376.511627907,574.2857142857143,3.582089552238806,5.5,0.625
3.0,1.0,1640,12855,1.5,0,0,5,140,94,0,94,859295.1570351758,1264508.6,820.0,7.838414634146342,4.0,0.25
5.0,2.5,3290,5029,2.0,0,0,3,0,10,1,11,712166.302173913,775557.8101851852,940.0,1.5285714285714285,7.5,0.4166666666666667
2.0,2.5,2510,14878,2.0,0,0,3,0,24,1,5,469170.3125,469170.3125,717.1428571428571,5.927490039840637,4.5,0.8333333333333334
2.0,1.0,860,6050,1.0,0,0,3,0,62,1,6,574543.2427470535,618140.3414634146,430.0,7.034883720930233,3.0,0.3333333333333333
4.0,2.5,2840,12866,1.0,0,0,4,1060,37,0,37,847974.924611399,752347.2222222222,811.4285714285714,4.530281690140845,6.5,0.5
3.0,1.75,1750,7020,2.0,0,0,3,0,80,1,36,411700.0,411700.0,636.3636363636364,4.011428571428572,4.75,0.4375
3.0,1.5,1300,19163,1.0,0,0,3,0,50,1,14,659713.198757764,628759.967032967,520.0,14.740769230769232,4.5,0.375
3.0,2.75,3890,7216,2.0,0,1,3,630,47,1,4,570223.1185050136,430721.18644067796,1037.3333333333333,1.855012853470437,5.75,0.6875
3.0,2.25,1460,941,3.0,0,0,3,0,8,0,8,583475.1987418453,378450.7192982456,449.2307692307692,0.6445205479452055,5.25,0.5625
4.0,1.0,1410,3376,1.5,0,0,5,0,103,1,30,576183.7791741472,601203.7209302326,705.0,2.3943262411347517,5.0,0.2
4.0,2.75,3770,10900,2.0,0,2,5,700,90,1,58,574543.2427470535,551327.925925926,1005.3333333333334,2.8912466843501328,6.75,0.55
3.0,2.0,1190,4072,1.5,0,0,5,0,107,0,107,576183.7791741472,413719.29824561405,396.6666666666667,3.421848739495798,5.0,0.5
3.0,2.0,1410,6413,1.0,0,0,4,500,67,1,26,574543.2427470535,605400.1521739131,470.0,4.54822695035461,5.0,0.5
3.0,2.0,2500,4080,1.5,0,0,5,820,92,1,58,570223.1185050136,606082.1632653062,833.3333333333334,1.632,5.0,0.5
2.0,1.0,800,2280,1.0,0,0,5,0,68,0,68,576183.7791741472,601203.7209302326,400.0,2.85,3.0,0.3333333333333333
3.0,2.5,2530,13446,2.0,0,0,3,0,21,0,21,420648.1666666667,420648.1666666667,722.8571428571429,5.314624505928854,5.5,0.625
3.0,2.0,2570,28500,1.0,0,0,3,600,31,1,5,662070.8855421686,637280.5326086957,856.6666666666666,11.089494163424124,5.0,0.5
3.0,2.75,2090,9620,1.0,0,0,3,750,27,1,14,291133.71153846156,283302.9365079365,557.3333333333334,4.6028708133971294,5.75,0.6875
5.0,2.25,2980,7781,1.0,0,0,3,1400,54,1,2,573185.0026954178,452594.44444444444,916.9230769230769,2.6110738255033556,7.25,0.375
3.0,1.75,1170,8239,1.0,0,0,3,0,33,1,1,271876.92307692306,313686.0298507463,425.45454545454544,7.041880341880342,4.75,0.4375
3.0,3.5,2080,5100,2.0,0,0,3,0,10,1,11,339556.4805970149,339556.4805970149,462.22222222222223,2.451923076923077,6.5,0.875
5.0,3.25,3350,4000,2.0,0,0,4,840,17,0,17,574543.2427470535,951532.2580645161,788.2352941176471,1.1940298507462686,8.25,0.5416666666666666
2.0,2.5,1050,1029,2.0,0,0,3,100,7,0,7,576183.7791741472,593491.5454545454,300.0,0.98,4.5,0.8333333333333334
2.0,1.0,900,13531,1.0,0,0,3,0,35,1,0,219133.33333333334,219133.33333333334,450.0,15.034444444444444,3.0,0.3333333333333333
2.0,1.0,1050,5000,1.0,0,0,5,0,107,0,107,576183.7791741472,601203.7209302326,525.0,4.761904761904762,3.0,0.3333333333333333
5.0,2.25,3740,32481,1.5,0,0,3,1500,56,1,10,311057.8333333333,313968.0571428572,1150.7692307692307,8.68475935828877,7.25,0.375
4.0,1.75,1430,4096,2.0,0,0,3,0,114,1,9,573185.0026954178,544298.1739130435,520.0,2.8643356643356643,5.75,0.35
3.0,1.75,1400,9546,1.0,0,0,4,0,30,0,30,291133.71153846156,302512.97297297296,509.09090909090907,6.8185714285714285,4.75,0.4375
3.0,2.25,1600,45613,2.0,0,0,4,0,31,0,31,602057.1753246753,578701.4130434783,492.3076923076923,28.508125,5.25,0.5625
3.0,2.25,2880,9750,2.0,0,0,3,0,25,0,25,859215.5687192117,827419.403125,886.1538461538462,3.3854166666666665,5.25,0.5625
3.0,3.25,3140,5445,2.0,0,3,4,900,101,0,101,570223.1185050136,863209.5238095238,738.8235294117648,1.734076433121019,6.25,0.8125
2.0,1.0,820,4320,1.0,0,0,3,0,77,1,15,574543.2427470535,305084.0425531915,410.0,5.2682926829268295,3.0,0.3333333333333333
5.0,5.5,5190,12637,2.0,0,2,3,0,13,0,13,547301.5576923077,547301.5576923077,798.4615384615385,2.434874759152216,10.5,0.9166666666666666
4.0,2.5,2180,10140,1.0,0,0,4,1000,46,0,46,664524.1592356688,661440.7894736842,622.8571428571429,4.651376146788991,6.5,0.5
2.0,1.0,910,2002,1.5,0,0,3,0,114,1,9,573185.0026954178,1024997.5853658536,455.0,2.2,3.0,0.3333333333333333
4.0,1.0,1580,8475,1.5,0,2,4,0,86,0,86,574543.2427470535,274962.0967741936,790.0,5.363924050632911,5.0,0.2
4.0,3.0,2130,6325,1.0,0,0,5,690,66,1,29,583475.1987418453,639284.1666666666,532.5,2.9694835680751175,7.0,0.6
4.0,2.5,4570,16015,2.0,0,2,3,0,24,1,5,701918.4194214876,631683.0588235294,1305.7142857142858,3.5043763676148796,6.5,0.5
3.0,2.0,1240,11172,1.0,0,0,3,240,30,0,30,712166.302173913,657703.171875,413.3333333333333,9.009677419354839,5.0,0.5
3.0,1.75,1860,6000,2.0,0,2,4,0,55,0,55,574543.2427470535,551327.925925926,676.3636363636364,3.225806451612903,4.75,0.4375
1.0,0.75,370,1801,1.0,0,0,5,0,91,0,91,570223.1185050136,586761.8313953489,211.42857142857142,4.867567567567567,1.75,0.375
5.0,3.25,3130,12087,2.0,0,0,3,950,39,0,39,602238.7424242424,586241.8196721311,736.4705882352941,3.861661341853035,8.25,0.5416666666666666
3.0,1.75,2530,35150,1.0,0,0,4,730,37,0,37,301453.96774193546,326180.80597014923,920.0,13.893280632411066,4.75,0.4375
4.0,4.75,3970,9778,2.0,0,2,4,580,86,0,86,583475.1987418453,901820.6896551724,690.4347826086956,2.4629722921914357,8.75,0.95
3.0,2.25,1920,9680,1.0,0,0,4,620,53,1,13,297151.21774193546,287917.39130434784,590.7692307692307,5.041666666666667,5.25,0.5625
4.0,2.75,2970,12750,1.5,0,1,4,840,96,1,28,859215.5687192117,1307172.904,792.0,4.292929292929293,6.75,0.55
4.0,2.5,2300,6087,2.0,0,0,3,0,13,0,13,379453.5624401914,390117.4745762712,657.1428571428571,2.646521739130435,6.5,0.5
4.0,2.5,1830,9601,2.0,0,0,3,0,11,0,11,341878.1945205479,341878.1945205479,522.8571428571429,5.246448087431694,6.5,0.5
4.0,1.5,1550,5053,1.0,0,0,4,370,51,0,51,574543.2427470535,445100.0,620.0,3.26,5.5,0.3
4.0,3.5,4080,10666,2.0,0,0,3,0,9,0,9,664524.1592356688,667790.3,906.6666666666666,2.61421568627451,7.5,0.7
3.0,2.25,1710,21485,2.0,0,0,3,0,25,0,25,701918.4194214876,631683.0588235294,526.1538461538462,12.564327485380117,5.25,0.5625
3.0,2.5,2375,4094,2.0,0,0,3,0,12,0,12,667110.3374233128,649564.5408163265,678.5714285714286,1.7237894736842105,5.5,0.625
4.0,2.75,2200,9778,1.0,0,0,4,1100,52,0,52,859295.1570351758,809147.9375,586.6666666666666,4.444545454545454,6.75,0.55
3.0,2.25,3530,17450,1.0,1,3,3,1690,84,1,21,1182030.1090909091,1182030.1090909091,1086.1538461538462,4.943342776203966,5.25,0.5625
3.0,1.75,1110,9012,1.0,0,0,4,0,48,0,48,659713.198757764,628759.967032967,403.6363636363636,8.118918918918919,4.75,0.4375
4.0,1.0,1630,2566,1.5,0,0,3,0,93,1,14,570223.1185050136,577744.32,815.0,1.5742331288343558,5.0,0.2
4.0,1.5,2550,5055,2.0,0,0,4,0,104,0,104,573185.0026954178,1024997.5853658536,1020.0,1.9823529411764707,5.5,0.3
4.0,2.25,2500,8866,2.0,0,0,4,0,27,0,27,859295.1570351758,672573.3333333334,769.2307692307693,3.5464,6.25,0.45
4.0,3.0,2890,6885,1.0,0,0,3,1300,69,1,1,574543.2427470535,605400.1521739131,722.5,2.3823529411764706,7.0,0.6
4.0,1.75,1420,5000,1.5,0,0,4,0,69,0,69,576183.7791741472,552908.4521276596,516.3636363636364,3.5211267605633805,5.75,0.35
4.0,3.5,4270,5800,2.0,0,3,5,1100,77,0,77,570223.1185050136,731861.7619047619,948.8888888888889,1.3583138173302107,7.5,0.7
3.0,2.5,2390,1984,2.0,0,0,3,170,6,0,6,611394.2276422764,624091.0333333333,682.8571428571429,0.8301255230125523,5.5,0.625
4.0,2.5,2530,5048,2.0,0,0,3,0,0,0,0,339211.3264705882,339211.3264705882,722.8571428571429,1.9952569169960475,6.5,0.5
4.0,2.5,2701,4500,2.0,0,0,3,0,0,0,0,297123.8925619835,363214.4727272727,771.7142857142857,1.6660496112550907,6.5,0.5
4.0,2.75,3990,6637,2.0,0,0,3,0,11,0,11,659713.198757764,701241.5652173914,1064.0,1.6634085213032581,6.75,0.55
4.0,2.5,2303,3826,2.0,0,0,3,0,8,0,8,308362.248,375611.3,658.0,1.6613113330438558,6.5,0.5
2.0,2.25,1540,965,3.0,0,0,3,0,7,0,7,574543.2427470535,579453.76,473.84615384615387,0.6266233766233766,4.25,0.75
3.0,2.5,1450,1053,2.0,0,0,3,510,6,0,6,576183.7791741472,601203.7209302326,414.2857142857143,0.7262068965517241,5.5,0.625
2.0,2.5,1160,1458,2.0,0,0,3,120,2,1,102,573185.0026954178,933638.5714285715,331.42857142857144,1.256896551724138,4.5,0.8333333333333334
4.0,2.75,2910,6334,2.0,0,0,3,0,1,1,91,421049.06666666665,421049.06666666665,776.0,2.176632302405498,6.75,0.55
4.0,3.5,3770,8501,2.0,0,0,3,0,6,0,6,665473.701171875,817309.8975409836,837.7777777777778,2.2549071618037133,7.5,0.7
5.0,2.25,2900,10300,1.0,0,0,3,1450,29,0,29,847974.924611399,802442.5981012658,892.3076923076923,3.5517241379310347,7.25,0.375
3.0,1.75,1540,3000,1.0,0,2,3,770,94,1,35,570223.1185050136,586761.8313953489,560.0,1.948051948051948,4.75,0.4375
2.0,1.0,700,3000,1.0,0,0,4,0,96,1,40,570223.1185050136,606082.1632653062,350.0,4.285714285714286,3.0,0.3333333333333333
3.0,2.5,3280,10302,1.0,0,0,3,1600,44,1,0,576183.7791741472,610943.3953488372,937.1428571428571,3.140853658536585,5.5,0.625
4.0,2.0,2430,8960,1.0,0,0,3,1000,54,1,2,570223.1185050136,282229.9568965517,810.0,3.6872427983539096,6.0,0.4
3.0,2.5,1900,7984,2.0,0,0,3,0,21,0,21,489242.0238095238,489242.0238095238,542.8571428571429,4.202105263157895,5.5,0.625
3.0,2.0,1660,15050,1.0,0,0,3,400,31,1,5,661873.9341085271,490319.85294117645,553.3333333333334,9.066265060240964,5.0,0.5
4.0,2.0,1620,7992,2.0,0,0,4,0,39,0,39,297151.21774193546,287917.39130434784,540.0,4.933333333333334,6.0,0.4
4.0,2.0,2090,10800,1.0,0,0,4,0,63,1,15,1223622.0,1223622.0,696.6666666666666,5.167464114832536,6.0,0.4
3.0,2.0,1110,7231,1.0,0,0,4,0,23,0,23,306368.0406504065,289447.0487804878,370.0,6.514414414414414,5.0,0.5
5.0,3.25,3760,9792,2.0,0,0,3,1210,30,0,30,881585.4168316831,809289.1351351351,884.7058823529412,2.6042553191489364,8.25,0.5416666666666666
3.0,2.25,2080,12134,1.0,0,0,4,550,41,0,41,664018.5575757576,639101.3958333334,640.0,5.8336538461538465,5.25,0.5625
4.0,2.25,1950,5950,1.0,0,0,3,620,67,1,2,576183.7791741472,936935.0,600.0,3.051282051282051,6.25,0.45
5.0,2.25,2570,13054,1.0,0,1,3,1100,64,1,22,480427.5,418429.25675675675,790.7692307692307,5.0793774319066145,7.25,0.375
3.0,1.75,2330,12141,1.0,0,0,3,940,31,1,5,602057.1753246753,578701.4130434783,847.2727272727273,5.210729613733905,4.75,0.4375
3.0,3.0,3700,10375,2.0,0,0,3,0,32,0,32,246844.69565217392,269830.4210526316,925.0,2.804054054054054,6.0,0.75
3.0,2.25,1920,7738,1.0,0,0,3,400,49,1,21,372098.1818181818,309513.63636363635,590.7692307692307,4.030208333333333,5.25,0.5625
3.0,2.25,1900,3960,1.5,0,0,3,700,109,1,4,573185.0026954178,544298.1739130435,584.6153846153846,2.0842105263157893,5.25,0.5625
4.0,1.75,1440,13296,1.0,0,0,4,0,47,0,47,854623.3027093596,1326856.5666666667,523.6363636363636,9.233333333333333,5.75,0.35
4.0,2.25,2940,48788,1.0,0,0,5,1420,53,0,53,451624.14634146343,451624.14634146343,904.6153846153846,16.59455782312925,6.25,0.45
4.0,3.5,2500,3080,2.0,0,0,3,690,6,0,6,662070.8855421686,637280.5326086957,555.5555555555555,1.232,7.5,0.7
3.0,2.5,2490,23891,2.0,0,0,3,0,21,0,21,664018.5575757576,696975.4117647059,711.4285714285714,9.594779116465864,5.5,0.625
3.0,2.0,1470,10052,1.0,0,0,4,0,58,0,58,573185.0026954178,452594.44444444444,490.0,6.838095238095238,5.0,0.5
4.0,2.5,2120,4558,2.0,0,0,3,0,12,0,12,339556.4805970149,339556.4805970149,605.7142857142857,2.15,6.5,0.5
3.0,1.75,1200,24805,1.0,0,0,3,0,30,0,30,298517.84,279734.9791666667,436.3636363636364,20.670833333333334,4.75,0.4375
5.0,2.5,2450,6994,2.0,0,0,3,0,12,0,12,301453.96774193546,287895.1666666667,700.0,2.8546938775510204,7.5,0.4166666666666667
4.0,2.5,1780,6000,2.0,0,0,3,0,23,0,23,335615.4146341463,334815.04761904763,508.57142857142856,3.3707865168539324,6.5,0.5
5.0,1.0,1590,6700,1.5,0,0,3,500,72,1,15,583475.1987418453,371058.47297297296,795.0,4.213836477987422,6.0,0.16666666666666666
4.0,2.0,2370,76665,2.0,0,0,4,0,36,1,14,294280.725,248072.46153846153,790.0,32.348101265822784,6.0,0.4
3.0,1.5,1760,4000,2.0,0,0,3,0,92,1,6,573185.0026954178,705945.625,704.0,2.272727272727273,4.5,0.375
4.0,3.0,1940,8170,1.0,0,0,4,0,66,0,66,433780.94444444444,384471.0,485.0,4.211340206185567,7.0,0.6
4.0,3.0,3550,12327,1.5,0,0,4,1370,24,0,24,478132.68518518517,478132.68518518517,887.5,3.4723943661971832,7.0,0.6
4.0,2.5,2050,5787,2.0,0,0,3,0,12,0,12,311057.8333333333,313968.0571428572,585.7142857142857,2.8229268292682925,6.5,0.5
4.0,2.25,1680,3179,2.0,0,0,3,0,12,0,12,294280.725,357244.34545454546,516.9230769230769,1.8922619047619047,6.25,0.45
3.0,2.25,1320,1800,2.0,0,0,3,0,20,0,20,574543.2427470535,579453.76,406.15384615384613,1.3636363636363635,5.25,0.5625
3.0,2.25,1550,5511,2.0,0,0,3,0,27,1,14,665473.701171875,817309.8975409836,476.9230769230769,3.555483870967742,5.25,0.5625
3.0,1.75,2680,8625,1.0,0,0,5,1090,40,0,40,602238.7424242424,586241.8196721311,974.5454545454545,3.218283582089552,4.75,0.4375
3.0,2.5,2390,34041,1.0,0,0,3,550,30,0,30,302187.765625,313686.0298507463,682.8571428571429,14.243096234309624,5.5,0.625
4.0,2.5,2040,7260,2.0,0,0,4,0,51,0,51,402504.4879518072,368028.3015873016,582.8571428571429,3.5588235294117645,6.5,0.5
3.0,3.75,2670,6517,2.5,0,4,4,650,37,0,37,573185.0026954178,446315.6779661017,562.1052631578947,2.440823970037453,6.75,0.9375
4.0,1.75,1880,3720,1.5,0,0,4,0,90,0,90,570223.1185050136,863209.5238095238,683.6363636363636,1.9787234042553192,5.75,0.35
4.0,1.75,2400,7700,1.5,0,0,4,900,87,0,87,576183.7791741472,368028.3015873016,872.7272727272727,3.2083333333333335,5.75,0.35
3.0,1.75,2270,11472,1.0,0,0,4,900,58,0,58,570223.1185050136,653322.2432432432,825.4545454545455,5.05374449339207,4.75,0.4375
4.0,2.5,1850,5444,2.0,0,0,5,0,33,0,33,675464.6038732395,521302.5714285714,528.5714285714286,2.942702702702703,6.5,0.5
4.0,2.75,2160,5005,1.0,0,0,3,730,27,1,14,576183.7791741472,610943.3953488372,576.0,2.3171296296296298,6.75,0.55
2.0,1.0,2160,12960,1.0,0,0,3,800,46,1,17,352033.1,271166.2641509434,1080.0,6.0,3.0,0.3333333333333333
2.0,1.5,1570,3600,1.5,0,2,4,250,108,1,24,574543.2427470535,921350.0,628.0,2.2929936305732483,3.5,0.5
3.0,2.0,1340,7200,1.5,0,0,4,0,91,0,91,574543.2427470535,445100.0,446.6666666666667,5.373134328358209,5.0,0.5
4.0,2.5,3002,6042,2.0,0,0,3,0,10,1,11,306368.0406504065,289447.0487804878,857.7142857142857,2.0126582278481013,6.5,0.5
5.0,2.0,2190,9072,1.0,0,0,5,1080,49,0,49,664018.5575757576,639101.3958333334,730.0,4.142465753424657,7.0,0.3333333333333333
4.0,1.75,2610,21600,1.0,0,0,4,0,48,0,48,1621900.0,1307172.904,949.0909090909091,8.275862068965518,5.75,0.35
2.0,1.0,1010,11919,1.0,0,0,3,0,67,1,2,428665.7159090909,386772.68253968254,505.0,11.800990099009901,3.0,0.3333333333333333
4.0,2.5,2105,6093,2.0,0,0,3,0,11,0,11,306368.0406504065,331194.18666666665,601.4285714285714,2.894536817102138,6.5,0.5
4.0,2.25,2430,4748,1.5,0,0,3,800,86,1,60,576183.7791741472,616646.6086956522,747.6923076923077,1.9539094650205762,6.25,0.45
4.0,3.25,4040,18916,1.0,0,0,4,0,60,1,35,2024100.0,2024100.0,950.5882352941177,4.682178217821782,7.25,0.65
5.0,2.5,2160,7737,2.0,0,0,3,0,16,1,8,561804.3541666666,561804.3541666666,617.1428571428571,3.5819444444444444,7.5,0.4166666666666667
2.0,1.0,900,9260,1.0,0,0,3,0,68,0,68,573185.0026954178,580282.4444444445,450.0,10.28888888888889,3.0,0.3333333333333333
3.0,3.0,1820,1641,3.0,0,0,3,280,8,0,8,583475.1987418453,901820.6896551724,455.0,0.9016483516483517,6.0,0.75
4.0,2.0,2100,13468,1.0,0,0,5,1050,52,0,52,570223.1185050136,468929.3650793651,700.0,6.413333333333333,6.0,0.4
3.0,2.25,1520,7199,2.0,0,0,4,0,22,0,22,351942.0882352941,351942.0882352941,467.6923076923077,4.736184210526316,5.25,0.5625
2.0,1.0,1310,7128,1.0,0,0,4,370,34,0,34,301453.96774193546,288301.54901960783,655.0,5.441221374045801,3.0,0.3333333333333333
4.0,2.5,2190,9880,1.0,0,0,4,780,35,0,35,654481.2884615385,805533.4016393443,625.7142857142857,4.511415525114155,6.5,0.5
5.0,2.5,2950,5500,1.5,0,0,5,1230,96,0,96,570223.1185050136,617994.1355932204,842.8571428571429,1.8644067796610169,7.5,0.4166666666666667
5.0,1.0,1870,7800,1.0,0,0,3,290,52,1,11,576183.7791741472,276613.06976744183,935.0,4.171122994652406,6.0,0.16666666666666666
3.0,3.5,4660,5500,2.0,0,4,5,1620,105,1,26,583475.1987418453,666692.0,1035.5555555555557,1.1802575107296138,6.5,0.875
3.0,2.5,1840,9900,1.0,0,0,3,0,36,0,36,847974.924611399,634524.0,525.7142857142857,5.380434782608695,5.5,0.625
2.0,2.5,3180,9400,2.0,0,4,5,570,29,0,29,881585.4168316831,809289.1351351351,908.5714285714286,2.9559748427672954,4.5,0.8333333333333334
2.0,1.0,1500,4000,1.0,0,0,3,400,81,0,81,573185.0026954178,971798.75,750.0,2.6666666666666665,3.0,0.3333333333333333
3.0,1.75,1730,7416,1.5,0,0,3,0,60,1,9,420507.6153846154,382840.9275362319,629.0909090909091,4.286705202312139,4.75,0.4375
3.0,1.0,1580,7424,1.0,0,0,3,570,52,1,11,370580.66352040815,348268.4566176471,790.0,4.69873417721519,4.0,0.25
4.0,2.5,1540,1870,2.0,0,0,3,0,0,0,0,611394.2276422764,624091.0333333333,440.0,1.2142857142857142,6.5,0.5
4.0,3.5,3390,3979,2.0,0,0,3,780,0,0,0,574543.2427470535,731451.1428571428,753.3333333333334,1.1737463126843657,7.5,0.7
2.0,1.5,830,1858,2.0,0,0,3,0,9,0,9,574543.2427470535,551327.925925926,332.0,2.23855421686747,3.5,0.5
4.0,2.75,2620,6178,2.0,0,0,3,0,1,1,91,405031.2631578947,405031.2631578947,698.6666666666666,2.3580152671755723,6.75,0.55
3.0,2.5,2242,4500,2.0,0,0,3,0,0,0,0,308362.248,375611.3,640.5714285714286,2.007136485280999,5.5,0.625
4.0,2.5,2890,7798,2.0,0,0,3,0,9,0,9,859215.5687192117,827419.403125,825.7142857142857,2.6982698961937714,6.5,0.5
3.0,2.25,1450,4050,2.0,0,0,3,0,4,0,4,339211.3264705882,339211.3264705882,446.15384615384613,2.793103448275862,5.25,0.5625
2.0,1.5,800,2119,2.0,0,0,3,0,6,0,6,574543.2427470535,305084.0425531915,320.0,2.64875,3.5,0.5
3.0,2.5,2280,2502,2.0,0,0,3,400,8,0,8,589927.1679389313,562969.2461538462,651.4285714285714,1.0973684210526315,5.5,0.625
3.0,4.5,3850,62726,2.0,0,0,3,730,1,1,91,664524.1592356688,667790.3,700.0,16.292467532467533,7.5,1.125
5.0,2.5,2270,6300,2.0,0,0,3,0,19,0,19,297123.8925619835,363214.4727272727,648.5714285714286,2.7753303964757707,7.5,0.4166666666666667
3.0,2.5,2250,5692,2.0,0,0,3,0,14,0,14,570223.1185050136,394355.8048780488,642.8571428571429,2.529777777777778,5.5,0.625
4.0,1.75,2600,11325,1.0,0,0,4,990,45,0,45,302187.765625,282441.9347826087,945.4545454545455,4.355769230769231,5.75,0.35
4.0,2.0,2490,9525,2.0,0,0,5,0,46,0,46,1204170.349206349,1204170.349206349,830.0,3.825301204819277,6.0,0.4
4.0,2.5,3160,8281,2.0,0,0,4,0,19,0,19,665473.701171875,817309.8975409836,902.8571428571429,2.6205696202531645,6.5,0.5
4.0,4.25,4930,25714,2.0,0,0,3,0,9,0,9,289521.22794117645,337419.359375,939.047619047619,5.215821501014199,8.25,0.85
3.0,1.0,1440,11250,1.0,0,0,3,0,47,1,3,370580.66352040815,304373.5294117647,720.0,7.8125,4.0,0.25
3.0,1.75,1770,8868,1.0,0,0,4,0,55,0,55,308362.248,225450.1,643.6363636363636,5.010169491525423,4.75,0.4375
4.0,2.5,2300,6448,2.0,0,0,3,0,13,0,13,302187.765625,292224.96153846156,657.1428571428571,2.803478260869565,6.5,0.5
4.0,2.5,2980,16263,2.0,0,0,3,0,25,0,25,881585.4168316831,809289.1351351351,851.4285714285714,5.457382550335571,6.5,0.5
4.0,2.25,2230,7200,1.0,0,0,4,930,51,0,51,428665.7159090909,382164.4375,686.1538461538462,3.2286995515695067,6.25,0.45
3.0,1.75,1830,7969,1.0,0,0,3,900,64,1,6,371872.2878787879,307678.125,665.4545454545455,4.35464480874317,4.75,0.4375
3.0,1.0,1740,10875,1.0,0,0,4,720,52,0,52,338981.5238095238,266966.6,870.0,6.25,4.0,0.25
3.0,1.75,1530,6743,1.0,0,0,3,120,59,1,9,583475.1987418453,639284.1666666666,556.3636363636364,4.4071895424836605,4.75,0.4375
3.0,1.5,1520,9041,1.0,0,0,4,0,60,1,35,881585.4168316831,1323936.9862068966,608.0,5.948026315789473,4.5,0.375
3.0,2.5,3230,5000,2.0,0,2,5,800,69,0,69,570223.1185050136,586761.8313953489,922.8571428571429,1.5479876160990713,5.5,0.625
3.0,3.25,3620,4000,2.0,0,0,3,890,9,0,9,574543.2427470535,731451.1428571428,851.7647058823529,1.1049723756906078,6.25,0.8125
4.0,3.75,5070,60123,2.0,0,0,3,0,14,0,14,664018.5575757576,696975.4117647059,1067.3684210526317,11.858579881656805,7.75,0.75
3.0,1.75,1570,8750,1.0,0,0,3,0,54,1,2,359824.2021276596,324633.3333333333,570.9090909090909,5.573248407643312,4.75,0.4375
4.0,1.75,2080,7200,1.0,0,0,4,1030,48,0,48,294280.725,248072.46153846153,756.3636363636364,3.4615384615384617,5.75,0.35
4.0,2.5,2230,8624,1.0,0,0,4,800,45,0,45,664018.5575757576,639101.3958333334,637.1428571428571,3.867264573991031,6.5,0.5
5.0,3.0,3420,18129,2.0,0,0,3,880,62,1,9,1099543.2580645161,1099543.2580645161,855.0,5.3008771929824565,8.0,0.5
8.0,2.75,2790,6695,1.0,0,0,3,1320,37,1,10,402504.4879518072,368028.3015873016,744.0,2.399641577060932,10.75,0.3055555555555556
4.0,2.5,3150,4203,2.0,0,0,3,0,12,0,12,655071.1991869919,798061.106557377,900.0,1.3342857142857143,6.5,0.5
4.0,3.25,3930,10929,2.0,0,0,3,0,8,0,8,854623.3027093596,1326856.5666666667,924.7058823529412,2.780916030534351,7.25,0.65
5.0,3.0,2190,4900,2.0,0,0,5,700,74,0,74,573185.0026954178,566123.421875,547.5,2.2374429223744294,8.0,0.5
4.0,2.5,1890,6962,2.0,0,0,3,0,17,0,17,297123.8925619835,363214.4727272727,540.0,3.6835978835978835,6.5,0.5
4.0,2.0,1900,76877,1.0,0,0,3,0,10,1,11,297151.21774193546,336132.38095238095,633.3333333333334,40.46157894736842,6.0,0.4
2.0,1.5,1930,3521,2.0,0,0,3,0,25,0,25,881585.4168316831,679366.6666666666,772.0,1.8243523316062176,3.5,0.5
3.0,2.5,3316,11447,2.0,0,0,3,0,28,0,28,291133.71153846156,283302.9365079365,947.4285714285714,3.4520506634499397,5.5,0.625
3.0,1.5,1380,4500,1.0,0,0,5,0,54,0,54,1223622.0,1223622.0,552.0,3.260869565217391,4.5,0.375
3.0,4.0,2080,2250,3.0,0,4,3,0,17,0,17,574543.2427470535,602889.9619047618,416.0,1.0817307692307692,7.0,1.0
3.0,1.0,1240,5000,1.5,0,0,5,0,105,1,26,576183.7791741472,601203.7209302326,620.0,4.032258064516129,4.0,0.25
3.0,1.0,1020,8610,1.0,0,0,5,0,55,0,55,370580.66352040815,393745.6779661017,510.0,8.441176470588236,4.0,0.25
3.0,2.0,2360,4800,2.0,0,0,3,0,105,1,0,573185.0026954178,1024997.5853658536,786.6666666666666,2.0338983050847457,5.0,0.5
3.0,2.5,2780,33503,1.5,0,1,4,670,45,0,45,704425.8029661017,793072.1490384615,794.2857142857143,12.051438848920863,5.5,0.625
3.0,2.0,2300,13418,1.0,0,0,3,870,59,1,9,847974.924611399,1310316.904,766.6666666666666,5.833913043478261,5.0,0.5
4.0,2.5,2020,4350,2.0,0,0,5,290,71,0,71,570223.1185050136,731861.7619047619,577.1428571428571,2.1534653465346536,6.5,0.5
5.0,1.75,1840,10453,1.0,0,2,3,480,66,1,20,364278.9903846154,449850.8552631579,669.0909090909091,5.680978260869566,6.75,0.2916666666666667
3.0,1.0,1390,4814,1.5,0,0,3,0,106,1,26,576183.7791741472,610943.3953488372,695.0,3.4633093525179857,4.0,0.25
4.0,2.25,2060,11385,1.0,0,0,4,860,52,0,52,294129.8971962617,292973.1515151515,633.8461538461538,5.526699029126213,6.25,0.45
4.0,2.75,2640,35070,1.5,0,0,3,0,51,1,6,298517.84,279734.9791666667,704.0,13.284090909090908,6.75,0.55
3.0,2.25,1980,10115,1.0,0,0,3,0,55,1,25,881585.4168316831,809052.625,609.2307692307693,5.108585858585859,5.25,0.5625
3.0,1.5,1810,5080,1.0,0,0,3,780,56,1,10,574543.2427470535,605400.1521739131,724.0,2.8066298342541436,4.5,0.375
4.0,2.5,1700,9000,1.0,0,0,5,0,42,0,42,675464.6038732395,521302.5714285714,485.7142857142857,5.294117647058823,6.5,0.5
4.0,1.0,1200,6000,1.5,0,0,3,0,91,1,16,570223.1185050136,303242.85714285716,600.0,5.0,5.0,0.2
4.0,3.25,2980,3600,2.0,0,0,3,830,15,0,15,574543.2427470535,1017813.976744186,701.1764705882352,1.2080536912751678,7.25,0.65
2.0,2.75,1350,1252,2.0,0,0,3,230,8,0,8,583475.1987418453,559590.6666666666,360.0,0.9274074074074075,4.75,0.9166666666666666
4.0,2.5,2360,10000,1.0,0,3,3,380,37,1,10,574543.2427470535,423128.77358490566,674.2857142857143,4.237288135593221,6.5,0.5
2.0,1.0,1190,6200,1.0,0,0,3,0,66,1,20,420507.6153846154,382840.9275362319,595.0,5.2100840336134455,3.0,0.3333333333333333
4.0,5.0,4110,43560,2.0,0,0,4,0,36,1,14,847974.924611399,752347.2222222222,685.0,10.598540145985401,9.0,1.0
4.0,2.5,2800,10786,1.0,0,0,3,1380,44,1,0,881585.4168316831,699132.2580645161,800.0,3.8521428571428573,6.5,0.5
2.0,1.5,920,1598,2.0,0,0,3,0,19,0,19,576183.7791741472,368028.3015873016,368.0,1.7369565217391305,3.5,0.5
3.0,1.75,1530,8000,2.0,0,0,3,0,36,0,36,664018.5575757576,639101.3958333334,556.3636363636364,5.228758169934641,4.75,0.4375
2.0,1.0,860,5040,1.0,0,0,3,0,58,1,13,573185.0026954178,566123.421875,430.0,5.8604651162790695,3.0,0.3333333333333333
3.0,2.5,1520,3593,2.0,0,0,3,0,10,1,11,351942.0882352941,351942.0882352941,434.2857142857143,2.3638157894736844,5.5,0.625
2.0,0.75,660,5240,1.0,0,0,4,0,102,1,25,306368.0406504065,285579.4666666667,377.14285714285717,7.9393939393939394,2.75,0.25
5.0,2.5,3580,8921,2.0,0,0,3,0,14,0,14,661873.9341085271,853114.5491803279,1022.8571428571429,2.4918994413407822,7.5,0.4166666666666667
5.0,2.25,3000,13899,2.0,0,0,4,0,39,0,39,659713.198757764,628759.967032967,923.0769230769231,4.633,7.25,0.375
5.0,3.25,2740,9629,1.0,0,0,5,1350,37,0,37,487024.75,487024.75,644.7058823529412,3.5142335766423356,8.25,0.5416666666666666
4.0,2.5,2040,5523,2.0,0,0,3,0,15,0,15,364278.9903846154,315313.63636363635,582.8571428571429,2.7073529411764707,6.5,0.5
6.0,2.75,2520,54160,2.0,1,4,3,0,60,1,9,576183.7791741472,359051.2619047619,672.0,21.49206349206349,8.75,0.39285714285714285
3.0,2.0,2470,8800,2.0,0,0,3,0,53,1,10,1157220.9705882352,1157220.9705882352,823.3333333333334,3.562753036437247,5.0,0.5
3.0,2.5,1930,1348,2.0,0,0,3,630,9,0,9,570223.1185050136,731861.7619047619,551.4285714285714,0.6984455958549223,5.5,0.625
3.0,2.5,2950,10254,2.0,0,0,3,0,8,0,8,377807.7863636364,523649.19402985077,842.8571428571429,3.4759322033898306,5.5,0.625
3.0,2.5,2610,6405,2.0,0,0,3,0,13,0,13,547301.5576923077,547301.5576923077,745.7142857142857,2.454022988505747,5.5,0.625
3.0,1.75,1630,1526,3.0,0,0,3,0,0,0,0,583475.1987418453,598663.1875,592.7272727272727,0.9361963190184049,4.75,0.4375
3.0,1.5,1400,1022,3.0,0,0,3,0,7,0,7,573185.0026954178,594233.6460674157,560.0,0.73,4.5,0.375
2.0,1.75,1410,1005,1.5,0,0,3,510,3,0,3,602238.7424242424,616797.9852941176,512.7272727272727,0.7127659574468085,3.75,0.5833333333333334
4.0,3.5,4370,10860,2.0,0,0,3,0,6,0,6,377807.7863636364,523649.19402985077,971.1111111111111,2.48512585812357,7.5,0.7
4.0,4.25,5010,19412,2.0,0,1,3,1010,0,0,0,1157220.9705882352,1157220.9705882352,954.2857142857143,3.874650698602794,8.25,0.85
4.0,3.0,2590,6160,2.0,0,0,3,0,0,0,0,370580.66352040815,502494.4029850746,647.5,2.3783783783783785,7.0,0.6
3.0,1.5,1300,7200,1.0,0,0,5,0,54,0,54,675464.6038732395,825344.3576388889,520.0,5.538461538461538,4.5,0.375
3.0,2.5,2320,7609,2.0,0,0,3,0,11,0,11,609064.7603305785,593956.5636363636,662.8571428571429,3.279741379310345,5.5,0.625
4.0,2.5,2700,4275,2.0,0,0,3,0,10,1,11,573185.0026954178,594233.6460674157,771.4285714285714,1.5833333333333333,6.5,0.5
4.0,2.25,2920,6513,2.0,0,0,4,660,77,0,77,583475.1987418453,1042056.6226415094,898.4615384615385,2.2304794520547944,6.25,0.45
4.0,3.0,3130,5700,1.5,0,0,3,1380,61,0,61,573185.0026954178,594233.6460674157,782.5,1.8210862619808306,7.0,0.6
3.0,1.75,1470,4950,1.0,0,0,3,440,30,0,30,583475.1987418453,378450.7192982456,534.5454545454545,3.36734693877551,4.75,0.4375
3.0,2.5,1540,1326,3.0,0,0,3,150,19,0,19,570223.1185050136,891559.6774193548,440.0,0.861038961038961,5.5,0.625
4.0,2.5,3160,4620,1.5,0,4,3,1140,97,1,9,574543.2427470535,618140.3414634146,902.8571428571429,1.4620253164556962,6.5,0.5
3.0,1.75,1480,7700,1.0,0,0,3,0,39,0,39,655071.1991869919,514387.5806451613,538.1818181818181,5.202702702702703,4.75,0.4375
5.0,2.75,3595,5639,2.0,0,0,3,0,0,0,0,659713.198757764,701241.5652173914,958.6666666666666,1.568567454798331,7.75,0.4583333333333333
2.0,1.0,1190,4440,1.0,0,0,3,0,33,1,1,574543.2427470535,443537.9032258064,595.0,3.73109243697479,3.0,0.3333333333333333
4.0,2.25,2340,217014,1.0,0,0,4,0,32,1,3,297123.8925619835,363214.4727272727,720.0,92.74102564102564,6.25,0.45
3.0,1.75,1320,2500,1.0,0,0,3,450,96,0,96,570223.1185050136,896874.1724137932,480.0,1.893939393939394,4.75,0.4375
2.0,1.0,1190,27007,1.0,0,0,4,0,104,0,104,611394.2276422764,599392.1333333333,595.0,22.694957983193277,3.0,0.3333333333333333
4.0,2.25,2350,18600,2.0,0,0,4,0,37,0,37,447643.1818181818,447643.1818181818,723.0769230769231,7.914893617021277,6.25,0.45
3.0,1.0,1100,8560,1.0,0,0,3,0,53,1,10,294129.8971962617,292973.1515151515,550.0,7.781818181818182,4.0,0.25
4.0,1.0,1660,4704,1.5,0,0,3,400,84,1,17,570223.1185050136,610774.3578947368,830.0,2.833734939759036,5.0,0.2
4.0,3.0,3040,36246,1.5,0,0,3,360,91,1,0,712166.302173913,657703.171875,760.0,11.923026315789473,7.0,0.6
3.0,2.0,1860,4777,2.0,0,0,5,0,106,0,106,573185.0026954178,594233.6460674157,620.0,2.568279569892473,5.0,0.5
4.0,3.25,4100,241322,2.0,0,0,3,1600,33,1,1,602057.1753246753,578701.4130434783,964.7058823529412,58.8590243902439,7.25,0.65
6.0,3.0,4050,36171,2.0,0,0,4,1430,44,0,44,611394.2276422764,599392.1333333333,1012.5,8.931111111111111,9.0,0.42857142857142855
2.0,2.0,1240,2500,2.0,0,0,3,0,29,0,29,583475.1987418453,552240.609375,413.3333333333333,2.0161290322580645,4.0,0.6666666666666666
4.0,3.0,2200,10800,1.0,0,0,3,0,54,1,2,377807.7863636364,347522.01615384617,550.0,4.909090909090909,7.0,0.6
3.0,2.25,1680,9090,1.0,0,0,4,550,55,0,55,881585.4168316831,699132.2580645161,516.9230769230769,5.410714285714286,5.25,0.5625
3.0,1.0,930,5160,1.5,0,0,5,0,95,1,80,576183.7791741472,286897.82608695654,465.0,5.548387096774194,4.0,0.25
3.0,1.5,1800,22000,2.0,0,0,3,0,83,0,83,333746.17391304346,276613.06976744183,720.0,12.222222222222221,4.5,0.375
6.0,3.5,3000,8401,1.0,0,0,3,1500,35,1,0,576183.7791741472,460224.62686567166,666.6666666666666,2.800333333333333,9.5,0.5
3.0,1.5,1820,12686,1.0,0,0,4,0,62,0,62,859295.1570351758,1264508.6,728.0,6.97032967032967,4.5,0.375
4.0,2.25,1995,7102,2.0,0,0,4,0,33,0,33,298547.1904761905,296686.537037037,613.8461538461538,3.5598997493734337,6.25,0.45
4.0,3.25,3990,9786,2.0,0,0,3,0,10,1,11,662070.8855421686,692332.75,938.8235294117648,2.4526315789473685,7.25,0.65
2.0,1.5,800,5192,1.0,0,0,5,0,63,0,63,573185.0026954178,386791.8375,320.0,6.49,3.5,0.5
3.0,1.0,960,9563,1.0,0,0,5,0,47,0,47,294129.8971962617,292973.1515151515,480.0,9.961458333333333,4.0,0.25
4.0,2.5,2286,8269,2.0,0,0,3,0,12,0,12,377807.7863636364,401767.1379310345,653.1428571428571,3.6172353455818023,6.5,0.5
3.0,1.75,2220,11646,1.0,0,0,3,950,64,1,9,453958.47826086957,453958.47826086957,807.2727272727273,5.245945945945946,4.75,0.4375
3.0,1.75,1940,7500,1.5,0,0,4,0,96,1,29,327370.0,327370.0,705.4545454545455,3.865979381443299,4.75,0.4375
3.0,1.5,1640,7222,2.0,0,0,4,0,106,0,106,573185.0026954178,356533.4210526316,656.0,4.4036585365853655,4.5,0.375
3.0,1.0,1120,10576,1.0,0,0,4,0,45,0,45,602057.1753246753,636714.1129032258,560.0,9.442857142857143,4.0,0.25
4.0,2.0,2600,4800,1.0,0,2,3,1200,61,0,61,583475.1987418453,901820.6896551724,866.6666666666666,1.8461538461538463,6.0,0.4
3.0,2.0,1490,4800,2.0,0,0,5,0,66,1,29,570223.1185050136,586761.8313953489,496.6666666666667,3.221476510067114,5.0,0.5
5.0,1.75,1650,3000,1.5,0,0,3,0,112,0,112,576183.7791741472,619323.25,600.0,1.8181818181818181,6.75,0.2916666666666667
4.0,2.5,2400,6137,2.0,0,0,3,0,24,1,5,707300.656504065,637825.9692307692,685.7142857142857,2.5570833333333334,6.5,0.5
2.0,1.0,1500,6685,1.0,0,0,3,310,88,1,11,573185.0026954178,382840.9275362319,750.0,4.456666666666667,3.0,0.3333333333333333
3.0,2.5,1990,12793,2.0,0,0,3,0,21,0,21,466376.511627907,466376.511627907,568.5714285714286,6.428643216080402,5.5,0.625
2.0,1.5,1130,746,2.0,0,0,3,100,5,0,5,574543.2427470535,597116.6666666666,452.0,0.6601769911504425,3.5,0.5
3.0,3.25,2030,11070,2.0,0,0,4,0,34,0,34,667110.3374233128,649564.5408163265,477.6470588235294,5.45320197044335,6.25,0.8125
4.0,1.75,1590,7920,2.0,0,0,4,0,54,1,13,433780.94444444444,378450.7192982456,578.1818181818181,4.981132075471698,5.75,0.35
3.0,1.75,1480,8394,1.0,0,0,4,0,43,0,43,667110.3374233128,649564.5408163265,538.1818181818181,5.671621621621622,4.75,0.4375
4.0,2.5,2690,18653,2.0,0,0,3,0,29,0,29,701918.4194214876,631683.0588235294,768.5714285714286,6.934200743494424,6.5,0.5
3.0,2.5,3870,46609,2.0,0,3,3,0,17,0,17,847974.924611399,660358.3333333334,1105.7142857142858,12.043669250645994,5.5,0.625
3.0,1.0,1390,6000,1.0,0,0,3,0,60,1,9,376968.54547619045,400873.7868852459,695.0,4.316546762589928,4.0,0.25
3.0,2.75,1830,1850,2.0,0,0,3,140,3,0,3,609064.7603305785,593956.5636363636,488.0,1.010928961748634,5.75,0.6875
2.0,2.0,1580,5750,1.0,0,0,5,790,104,0,104,576183.7791741472,616646.6086956522,526.6666666666666,3.6392405063291138,4.0,0.6666666666666666
3.0,2.25,2590,15229,2.0,0,3,3,0,30,0,30,295841.6666666667,299247.56097560975,796.9230769230769,5.87992277992278,5.25,0.5625
5.0,2.5,2510,8050,1.0,0,0,4,1020,37,0,37,654481.2884615385,520942.46376811597,717.1428571428571,3.2071713147410357,7.5,0.4166666666666667
3.0,1.5,1180,7300,1.0,0,0,4,0,46,0,46,297123.8925619835,220484.78260869565,472.0,6.186440677966102,4.5,0.375
3.0,2.25,1450,19206,2.0,0,0,3,0,25,0,25,707300.656504065,637825.9692307692,446.15384615384613,13.24551724137931,5.25,0.5625
3.0,2.5,3110,6765,2.0,0,1,4,560,68,1,25,574543.2427470535,605400.1521739131,888.5714285714286,2.17524115755627,5.5,0.625
5.0,2.5,2860,68519,2.0,0,0,5,0,56,0,56,547301.5576923077,547301.5576923077,817.1428571428571,23.95769230769231,7.5,0.4166666666666667
3.0,2.75,2760,8476,1.0,0,0,4,1070,47,0,47,1223622.0,1223622.0,736.0,3.071014492753623,5.75,0.6875
5.0,2.0,2800,17788,1.0,0,0,4,1400,51,0,51,654481.2884615385,805533.4016393443,933.3333333333334,6.352857142857143,7.0,0.3333333333333333
3.0,2.5,1450,3748,2.0,0,0,3,0,10,1,11,561804.3541666666,561804.3541666666,414.2857142857143,2.5848275862068966,5.5,0.625
4.0,2.0,2530,5650,1.5,0,0,4,620,104,0,104,574543.2427470535,618140.3414634146,843.3333333333334,2.233201581027668,6.0,0.4
3.0,2.0,1640,2808,1.0,0,3,4,820,90,0,90,573185.0026954178,634904.25,546.6666666666666,1.7121951219512195,5.0,0.5
3.0,1.75,2220,17568,1.0,0,0,4,0,47,0,47,602057.1753246753,578701.4130434783,807.2727272727273,7.9135135135135135,4.75,0.4375
3.0,2.5,2040,10086,2.0,0,0,3,0,27,1,14,664524.1592356688,661440.7894736842,582.8571428571429,4.944117647058824,5.5,0.625
3.0,1.0,1230,6000,1.0,0,0,4,0,47,0,47,306983.0317460318,232806.76666666666,615.0,4.878048780487805,4.0,0.25
2.0,1.0,1060,7700,1.0,0,0,3,240,33,1,1,377807.7863636364,337515.625,530.0,7.264150943396227,3.0,0.3333333333333333
3.0,2.5,1920,9625,2.0,0,0,3,0,21,0,21,405031.2631578947,405031.2631578947,548.5714285714286,5.013020833333333,5.5,0.625
3.0,2.5,1520,4170,2.0,0,0,3,0,10,1,11,339556.4805970149,339556.4805970149,434.2857142857143,2.7434210526315788,5.5,0.625
4.0,3.25,3770,4103,2.0,0,0,5,1060,89,0,89,576183.7791741472,936935.0,887.0588235294117,1.0883289124668436,7.25,0.65
3.0,2.5,3540,38322,2.0,0,0,3,0,25,0,25,664524.1592356688,667790.3,1011.4285714285714,10.82542372881356,5.5,0.625
4.0,3.0,5430,108900,2.0,0,0,4,0,27,0,27,664524.1592356688,667790.3,1357.5,20.055248618784532,7.0,0.6
3.0,2.0,2250,7904,1.5,0,0,3,0,16,1,8,294280.725,248072.46153846153,750.0,3.512888888888889,5.0,0.5
4.0,2.5,2090,5195,2.0,0,0,3,0,7,0,7,297151.21774193546,287917.39130434784,597.1428571428571,2.485645933014354,6.5,0.5
3.0,2.5,1720,3012,2.0,0,0,3,0,3,0,3,576183.7791741472,368028.3015873016,491.42857142857144,1.7511627906976743,5.5,0.625
3.0,2.5,1910,2091,2.0,0,0,3,0,0,0,0,611394.2276422764,624091.0333333333,545.7142857142857,1.094764397905759,5.5,0.625
3.0,2.5,1601,2491,3.0,0,0,3,65,7,0,7,583475.1987418453,455981.53846153844,457.42857142857144,1.555902560899438,5.5,0.625
2.0,2.25,1060,1209,2.0,0,0,3,120,8,0,8,573185.0026954178,705945.625,326.15384615384613,1.140566037735849,4.25,0.75
4.0,2.75,2330,3920,2.0,0,0,3,0,9,0,9,609064.7603305785,621249.6153846154,621.3333333333334,1.6824034334763949,6.75,0.55
3.0,2.5,2370,4200,2.0,0,0,3,0,0,0,0,339556.4805970149,339556.4805970149,677.1428571428571,1.7721518987341771,5.5,0.625
3.0,2.5,1420,1237,3.0,0,0,3,0,0,0,0,573185.0026954178,580282.4444444445,405.7142857142857,0.8711267605633802,5.5,0.625
4.0,2.25,2360,4000,2.0,0,0,3,0,1,1,91,574543.2427470535,1017813.976744186,726.1538461538462,1.694915254237288,6.25,0.45
2.0,1.5,1260,1575,2.0,0,0,3,0,13,0,13,574543.2427470535,551327.925925926,504.0,1.25,3.5,0.5
3.0,2.5,3030,9053,2.0,0,0,3,0,5,0,5,370580.66352040815,502494.4029850746,865.7142857142857,2.9877887788778876,5.5,0.625
3.0,1.75,1140,1201,2.0,0,0,3,0,0,0,0,573185.0026954178,356533.4210526316,414.54545454545456,1.0535087719298246,4.75,0.4375
5.0,2.5,2820,9375,1.0,0,0,4,1270,46,0,46,881585.4168316831,809289.1351351351,805.7142857142857,3.324468085106383,7.5,0.4166666666666667
2.0,2.0,1270,1372,3.0,0,0,3,0,14,0,14,570223.1185050136,610774.3578947368,423.3333333333333,1.0803149606299212,4.0,0.6666666666666666
3.0,2.5,3180,12600,2.0,0,0,4,0,36,1,14,692567.8918918918,634856.3076923077,908.5714285714286,3.9622641509433962,5.5,0.625
3.0,2.25,2790,13791,1.0,0,3,3,0,8,0,8,515479.54545454547,449850.8552631579,858.4615384615385,4.943010752688172,5.25,0.5625
4.0,2.25,2570,9503,2.0,0,0,3,0,34,0,34,487024.75,487024.75,790.7692307692307,3.6976653696498056,6.25,0.45
2.0,1.0,1080,2674,1.0,0,0,4,360,95,1,29,570223.1185050136,322012.1379310345,540.0,2.475925925925926,3.0,0.3333333333333333
4.0,4.0,3010,7221,2.0,0,0,3,0,10,1,11,692567.8918918918,761330.9019607843,602.0,2.3990033222591363,8.0,0.8
3.0,2.25,2120,14915,1.0,0,0,3,400,35,1,0,297123.8925619835,253411.1914893617,652.3076923076923,7.035377358490566,5.25,0.5625
3.0,2.25,1900,46609,1.5,0,0,4,460,45,0,45,612917.84375,554207.5555555555,584.6153846153846,24.531052631578948,5.25,0.5625
3.0,2.5,2860,43821,2.0,0,0,4,0,24,0,24,306983.0317460318,361680.06451612903,817.1428571428571,15.322027972027971,5.5,0.625
3.0,1.0,910,10575,1.0,0,0,4,0,46,0,46,298547.1904761905,300771.1538461539,455.0,11.62087912087912,4.0,0.25
4.0,2.5,2850,37522,2.0,0,0,3,0,27,1,14,704425.8029661017,793072.1490384615,814.2857142857143,13.165614035087719,6.5,0.5
2.0,2.5,2560,2500,2.0,0,0,5,870,113,0,113,570223.1185050136,1067396.7391304348,731.4285714285714,0.9765625,4.5,0.8333333333333334
3.0,1.75,1570,16817,2.0,0,0,3,0,32,0,32,406146.40625,406146.40625,570.9090909090909,10.711464968152866,4.75,0.4375
4.0,3.5,3110,108464,2.0,0,2,4,0,35,0,35,701918.4194214876,784592.5133928572,691.1111111111111,34.87588424437299,7.5,0.7
4.0,3.75,4740,126759,2.0,0,0,4,0,23,0,23,602238.7424242424,586241.8196721311,997.8947368421053,26.74240506329114,7.75,0.75
3.0,1.0,1340,13750,1.0,0,0,4,0,59,1,5,881585.4168316831,809289.1351351351,670.0,10.261194029850746,4.0,0.25
4.0,2.25,2600,6390,1.0,0,0,3,1210,36,0,36,298547.1904761905,296686.537037037,800.0,2.457692307692308,6.25,0.45
3.0,1.75,1070,8030,1.0,0,0,3,0,48,1,0,659713.198757764,628759.967032967,389.09090909090907,7.5046728971962615,4.75,0.4375
3.0,2.25,1820,9670,2.0,0,0,3,0,30,0,30,664524.1592356688,661440.7894736842,560.0,5.313186813186813,5.25,0.5625
2.0,1.0,1060,3040,1.0,0,0,3,200,90,1,3,576183.7791741472,581484.52,530.0,2.8679245283018866,3.0,0.3333333333333333
3.0,2.25,2220,4060,1.0,0,0,3,890,21,0,21,574543.2427470535,445100.0,683.0769230769231,1.8288288288288288,5.25,0.5625
3.0,1.0,1350,8700,1.5,0,0,3,0,72,1,15,256392.83333333334,273468.22222222225,675.0,6.444444444444445,4.0,0.25
5.0,2.75,2510,9180,1.0,0,1,4,910,39,0,39,667110.3374233128,649564.5408163265,669.3333333333334,3.6573705179282867,7.75,0.4583333333333333
5.0,2.5,2340,13713,1.0,0,0,2,670,47,0,47,302406.8613861386,314291.5789473684,668.5714285714286,5.86025641025641,7.5,0.4166666666666667
3.0,1.0,1060,7920,1.0,0,0,4,0,46,0,46,583475.1987418453,300070.8333333333,530.0,7.471698113207547,4.0,0.25
4.0,2.5,2200,8065,2.0,0,0,3,0,16,1,8,302187.765625,282441.9347826087,628.5714285714286,3.665909090909091,6.5,0.5
3.0,1.0,1400,8100,1.5,0,0,3,0,70,0,70,573185.0026954178,452594.44444444444,700.0,5.785714285714286,4.0,0.25
3.0,1.5,1520,7123,1.0,0,0,4,0,55,0,55,377807.7863636364,401767.1379310345,608.0,4.686184210526315,4.5,0.375
5.0,3.0,1810,3000,2.0,0,0,3,0,16,1,8,583475.1987418453,451032.07547169813,452.5,1.6574585635359116,8.0,0.5
2.0,2.0,2360,11340,1.5,0,0,3,0,17,0,17,1204170.349206349,1204170.349206349,786.6666666666666,4.805084745762712,4.0,0.6666666666666666
2.0,1.75,1210,1032,2.0,0,0,3,0,0,0,0,602238.7424242424,616797.9852941176,440.0,0.8528925619834711,3.75,0.5833333333333334
3.0,2.5,3420,25150,1.0,0,0,4,1670,27,0,27,859215.5687192117,827419.403125,977.1428571428571,7.353801169590644,5.5,0.625
3.0,2.5,1810,4592,2.0,0,0,3,0,22,0,22,611821.4210526316,632427.4029850747,517.1428571428571,2.5370165745856355,5.5,0.625
3.0,2.25,2760,10160,1.0,0,0,3,0,45,1,4,376968.54547619045,346675.59929577465,849.2307692307693,3.681159420289855,5.25,0.5625
4.0,2.25,1950,9800,1.0,0,0,3,620,46,1,17,665473.701171875,817309.8975409836,600.0,5.0256410256410255,6.25,0.45
3.0,2.5,3830,48743,2.0,0,0,3,0,23,0,23,854623.3027093596,833646.4126506024,1094.2857142857142,12.7266318537859,5.5,0.625
4.0,2.25,2060,7283,1.0,0,0,3,840,51,1,1,423979.98295454547,377329.25409836066,633.8461538461538,3.5354368932038835,6.25,0.45
3.0,1.0,1650,6400,1.0,0,0,4,670,60,1,35,576183.7791741472,286897.82608695654,825.0,3.878787878787879,4.0,0.25
4.0,1.75,2100,11942,1.0,0,0,3,1070,50,1,14,576183.7791741472,286897.82608695654,763.6363636363636,5.6866666666666665,5.75,0.35
4.0,3.0,3720,57499,1.0,0,0,3,1840,11,0,11,549237.5,549237.5,930.0,15.456720430107527,7.0,0.6
4.0,2.5,1920,8562,2.0,0,2,4,0,20,0,20,325113.63636363635,325113.63636363635,548.5714285714286,4.459375,6.5,0.5
3.0,2.0,1860,217800,2.0,0,2,3,0,16,1,8,370580.66352040815,502494.4029850746,620.0,117.09677419354838,5.0,0.5
2.0,2.5,2290,3507,2.0,0,0,3,0,9,0,9,611394.2276422764,624091.0333333333,654.2857142857143,1.5314410480349345,4.5,0.8333333333333334
3.0,1.75,1200,9085,1.0,0,0,4,0,46,0,46,298547.1904761905,296686.537037037,436.3636363636364,7.570833333333334,4.75,0.4375
4.0,3.5,5270,53428,2.0,0,0,3,1830,10,1,11,377807.7863636364,347522.01615384617,1171.111111111111,10.138140417457306,7.5,0.7
3.0,2.5,1600,2788,2.0,0,0,4,0,22,0,22,297151.21774193546,287917.39130434784,457.14285714285717,1.7425,5.5,0.625
4.0,2.5,2560,4020,2.0,0,0,3,0,8,0,8,341878.1945205479,341878.1945205479,731.4285714285714,1.5703125,6.5,0.5
2.0,1.0,880,4000,1.0,0,0,3,0,74,1,18,576183.7791741472,552908.4521276596,440.0,4.545454545454546,3.0,0.3333333333333333
2.0,1.0,1020,7920,1.0,0,0,3,0,75,1,45,583475.1987418453,352404.6388888889,510.0,7.764705882352941,3.0,0.3333333333333333
3.0,2.0,960,9380,1.0,0,0,3,0,65,1,16,574543.2427470535,373425.72222222225,320.0,9.770833333333334,5.0,0.5
4.0,2.25,1900,7200,1.0,0,0,3,530,37,1,10,574543.2427470535,373425.72222222225,584.6153846153846,3.789473684210526,6.25,0.45
3.0,2.0,1320,6000,1.5,0,0,4,0,94,0,94,576183.7791741472,619323.25,440.0,4.545454545454546,5.0,0.5
4.0,2.75,2230,9640,1.0,0,0,3,910,16,1,8,574543.2427470535,443537.9032258064,594.6666666666666,4.322869955156951,6.75,0.55
3.0,1.0,1150,7314,1.0,0,0,3,0,54,1,2,859295.1570351758,680245.7142857143,575.0,6.36,4.0,0.25
4.0,3.5,3440,6000,2.0,0,0,4,0,12,0,12,583115.9090909091,306565.7297297297,764.4444444444445,1.744186046511628,7.5,0.7
3.0,1.0,1070,8179,1.0,0,0,3,0,65,1,16,570223.1185050136,394355.8048780488,535.0,7.64392523364486,4.0,0.25
4.0,2.75,2250,3433,1.5,0,0,3,750,87,1,1,574543.2427470535,1017813.976744186,600.0,1.5257777777777777,6.75,0.55
4.0,2.5,1910,10300,1.0,0,0,3,0,93,1,46,423979.98295454547,754622.6341463415,545.7142857142857,5.392670157068062,6.5,0.5
3.0,1.75,1180,16552,1.0,0,0,4,0,47,0,47,632047.53125,597260.8888888889,429.09090909090907,14.027118644067796,4.75,0.4375
3.0,1.0,1400,7360,1.0,0,0,4,0,46,0,46,308362.248,375611.3,700.0,5.257142857142857,4.0,0.25
4.0,3.0,3580,9316,2.5,0,0,3,1210,23,0,23,847974.924611399,634524.0,895.0,2.6022346368715086,7.0,0.6
3.0,2.75,3176,13391,2.0,0,3,4,450,29,0,29,294129.8971962617,292199.4871794872,846.9333333333333,4.216309823677582,5.75,0.6875
2.0,2.0,1170,1890,1.5,0,1,4,0,87,0,87,570223.1185050136,891559.6774193548,390.0,1.6153846153846154,4.0,0.6666666666666666
2.0,2.0,1570,4665,1.0,0,0,3,0,8,0,8,667110.3374233128,692946.9841269841,523.3333333333334,2.9713375796178343,4.0,0.6666666666666666
3.0,1.5,1460,15000,1.0,0,0,3,0,48,1,51,294280.725,248072.46153846153,584.0,10.273972602739725,4.5,0.375
3.0,1.75,1140,10400,1.0,0,0,4,0,31,0,31,551871.586715821,551871.586715821,414.54545454545456,9.12280701754386,4.75,0.4375
1.0,2.0,1150,9812,1.0,0,0,4,0,52,0,52,306983.0317460318,273470.65789473685,383.3333333333333,8.532173913043477,3.0,1.0
4.0,2.5,3180,31931,1.0,0,0,4,790,36,1,14,854623.3027093596,673630.7692307692,908.5714285714286,10.041194968553459,6.5,0.5
4.0,2.5,2630,6185,2.0,0,0,3,0,15,0,15,376968.54547619045,400873.7868852459,751.4285714285714,2.3517110266159698,6.5,0.5
3.0,2.25,1940,5980,1.0,0,0,3,420,27,1,14,609064.7603305785,593956.5636363636,596.9230769230769,3.082474226804124,5.25,0.5625
1.0,1.0,850,8050,1.0,0,0,2,0,108,0,108,573185.0026954178,458276.3157894737,425.0,9.470588235294118,2.0,0.5
3.0,2.0,1550,6039,1.0,0,0,5,720,72,0,72,570223.1185050136,415307.3275862069,516.6666666666666,3.8961290322580644,5.0,0.5
3.0,2.25,2090,15000,1.0,0,0,3,0,53,1,10,421049.06666666665,421049.06666666665,643.0769230769231,7.177033492822966,5.25,0.5625
4.0,3.5,3960,6654,2.0,0,0,3,1110,8,0,8,573185.0026954178,743714.088888889,880.0,1.6803030303030304,7.5,0.7
3.0,1.0,1320,5000,1.5,0,0,3,0,102,1,20,583475.1987418453,639284.1666666666,660.0,3.787878787878788,4.0,0.25
4.0,2.5,3220,35400,2.0,0,0,3,0,23,0,23,612917.84375,554207.5555555555,920.0,10.993788819875776,6.5,0.5
2.0,1.0,800,7260,1.0,0,0,3,0,61,0,61,570223.1185050136,415307.3275862069,400.0,9.075,3.0,0.3333333333333333
3.0,1.75,1660,9673,1.0,0,0,3,530,38,0,38,632047.53125,597260.8888888889,603.6363636363636,5.8271084337349395,4.75,0.4375
4.0,2.5,2250,11370,2.0,0,0,3,0,23,0,23,675464.6038732395,521302.5714285714,642.8571428571429,5.053333333333334,6.5,0.5
3.0,2.25,2120,13090,1.0,0,0,3,0,17,0,17,297123.8925619835,220484.78260869565,652.3076923076923,6.1745283018867925,5.25,0.5625
4.0,2.75,2310,4020,3.0,0,0,5,0,35,0,35,583475.1987418453,577872.32,616.0,1.7402597402597402,6.75,0.55
4.0,1.75,1920,7700,2.0,0,0,4,0,44,0,44,676159.8148148148,400873.7868852459,698.1818181818181,4.010416666666667,5.75,0.35
3.0,1.75,1550,9720,1.0,0,0,3,500,38,0,38,462700.0,462700.0,563.6363636363636,6.2709677419354835,4.75,0.4375
2.0,2.5,1785,779,2.0,0,0,3,190,39,0,39,859215.5687192117,1307172.904,510.0,0.43641456582633054,4.5,0.8333333333333334
3.0,1.5,1830,9848,1.0,0,0,5,0,52,0,52,704362.1153846154,401767.1379310345,732.0,5.381420765027323,4.5,0.375
5.0,2.75,3500,5040,2.0,0,2,3,550,87,1,7,570223.1185050136,415307.3275862069,933.3333333333334,1.44,7.75,0.4583333333333333
3.0,2.0,2560,14680,1.0,0,0,3,1230,27,1,14,662070.8855421686,637280.5326086957,853.3333333333334,5.734375,5.0,0.5
4.0,1.75,1360,4840,1.5,0,0,4,0,86,0,86,573185.0026954178,446315.6779661017,494.54545454545456,3.5588235294117645,5.75,0.35
4.0,5.25,6500,14986,2.0,0,0,3,1320,13,0,13,1789164.2857142857,1789164.2857142857,1040.0,2.3055384615384615,9.25,1.05
4.0,3.5,3150,5500,2.0,0,0,3,0,0,0,0,570223.1185050136,896874.1724137932,700.0,1.746031746031746,7.5,0.7
2.0,1.0,810,4080,1.0,0,0,4,0,73,1,16,576183.7791741472,428104.3859649123,405.0,5.037037037037037,3.0,0.3333333333333333
5.0,4.0,7320,217800,2.0,0,0,3,0,22,0,22,370580.66352040815,348268.4566176471,1464.0,29.75409836065574,9.0,0.6666666666666666
4.0,1.75,2790,17476,1.0,0,2,3,1340,58,1,13,378731.27777777775,484335.21428571426,1014.5454545454545,6.263799283154122,5.75,0.35
2.0,1.5,1920,3408,1.0,0,0,4,960,102,1,25,573185.0026954178,544298.1739130435,768.0,1.775,3.5,0.5
4.0,2.75,2530,14178,2.0,0,0,3,0,17,0,17,420648.1666666667,420648.1666666667,674.6666666666666,5.6039525691699605,6.75,0.55
3.0,2.5,3490,8343,2.0,1,4,4,1340,75,1,23,574543.2427470535,443537.9032258064,997.1428571428571,2.3905444126074498,5.5,0.625
6.0,2.75,4710,11000,2.0,0,3,3,1020,83,0,83,570223.1185050136,896874.1724137932,1256.0,2.335456475583864,8.75,0.39285714285714285
3.0,1.75,2050,16313,1.0,0,0,2,0,41,0,41,1204170.349206349,1204170.349206349,745.4545454545455,7.9575609756097565,4.75,0.4375
4.0,2.25,2410,8400,2.0,0,0,5,0,49,0,49,847974.924611399,660358.3333333334,741.5384615384615,3.4854771784232366,6.25,0.45
3.0,1.0,1180,8240,1.0,0,0,4,0,47,0,47,302406.8613861386,314291.5789473684,590.0,6.983050847457627,4.0,0.25
2.0,1.0,630,4200,1.0,0,0,3,0,84,1,17,576183.7791741472,286897.82608695654,315.0,6.666666666666667,3.0,0.3333333333333333
3.0,2.5,3480,7800,1.0,0,0,4,1730,73,1,16,573185.0026954178,756218.7948717949,994.2857142857143,2.2413793103448274,5.5,0.625
3.0,1.5,1010,7683,1.5,0,0,5,0,61,0,61,576183.7791741472,460224.62686567166,404.0,7.606930693069307,4.5,0.375
3.0,2.25,1910,3481,2.0,0,0,3,0,5,0,5,297151.21774193546,287917.39130434784,587.6923076923077,1.8225130890052357,5.25,0.5625
3.0,3.5,2490,3582,2.0,0,0,3,770,9,0,9,609064.7603305785,593956.5636363636,553.3333333333334,1.4385542168674699,6.5,0.875
4.0,2.5,2150,3143,2.0,0,0,3,0,4,0,4,370580.66352040815,502494.4029850746,614.2857142857143,1.461860465116279,6.5,0.5
4.0,2.75,3000,5470,2.0,0,0,3,0,9,0,9,339211.3264705882,339211.3264705882,800.0,1.8233333333333333,6.75,0.55
3.0,2.75,2830,3496,2.0,0,0,3,0,2,1,102,602238.7424242424,616797.9852941176,754.6666666666666,1.2353356890459364,5.75,0.6875
4.0,2.5,2680,5539,2.0,0,0,3,0,1,1,91,400620.86486486485,400620.86486486485,765.7142857142857,2.0667910447761195,6.5,0.5
2.0,1.5,1090,2686,2.0,0,0,3,0,32,0,32,655071.1991869919,514387.5806451613,436.0,2.4642201834862387,3.5,0.5
4.0,2.5,1984,32400,1.0,0,0,3,420,52,1,11,311057.8333333333,313968.0571428572,566.8571428571429,16.330645161290324,6.5,0.5
4.0,2.75,3090,5859,2.0,0,0,3,0,4,0,4,704425.8029661017,632657.0428571429,824.0,1.896116504854369,6.75,0.55
4.0,2.5,2610,5140,2.0,0,0,3,0,8,0,8,574543.2427470535,602889.9619047618,745.7142857142857,1.9693486590038314,6.5,0.5
4.0,3.5,3370,3634,2.0,0,0,3,620,7,0,7,589927.1679389313,617858.71875,748.8888888888889,1.0783382789317508,7.5,0.7
4.0,2.5,2250,3916,2.0,0,0,3,0,0,0,0,289521.22794117645,337419.359375,642.8571428571429,1.7404444444444445,6.5,0.5
3.0,3.25,1450,1387,2.0,0,0,3,270,1,1,91,570223.1185050136,303242.85714285716,341.1764705882353,0.956551724137931,6.25,0.8125
4.0,2.5,3130,10849,2.0,0,0,3,0,1,1,91,661873.9341085271,853114.5491803279,894.2857142857143,3.4661341853035146,6.5,0.5
2.0,2.75,2700,8572,1.0,0,0,3,0,7,0,7,662070.8855421686,692332.75,720.0,3.1748148148148148,4.75,0.9166666666666666
5.0,2.75,1970,5400,1.0,0,0,3,650,28,0,28,573185.0026954178,634904.25,525.3333333333334,2.7411167512690353,7.75,0.4583333333333333
3.0,2.0,1970,4166,2.0,0,3,5,700,85,0,85,573185.0026954178,446315.6779661017,656.6666666666666,2.114720812182741,5.0,0.5
3.0,1.5,1950,15954,1.0,0,0,4,0,55,0,55,302406.8613861386,314291.5789473684,780.0,8.181538461538462,4.5,0.375
3.0,1.5,1940,9887,1.0,0,0,4,800,45,0,45,290510.51923076925,297778.6111111111,776.0,5.096391752577319,4.5,0.375
4.0,3.5,3550,11000,1.0,0,2,3,1290,15,0,15,847974.924611399,802442.5981012658,788.8888888888889,3.0985915492957745,7.5,0.7
3.0,2.5,2500,7394,2.0,0,0,3,0,24,1,5,632047.53125,597260.8888888889,714.2857142857143,2.9576,5.5,0.625
4.0,2.75,2910,18700,1.0,0,0,3,700,57,1,19,420507.6153846154,756218.7948717949,776.0,6.426116838487973,6.75,0.55
4.0,2.5,3350,35298,2.0,0,0,4,0,29,0,29,667110.3374233128,692946.9841269841,957.1428571428571,10.536716417910448,6.5,0.5
3.0,1.75,2140,40098,1.0,0,0,5,650,64,0,64,379453.5624401914,351241.91041666665,778.1818181818181,18.737383177570095,4.75,0.4375
5.0,4.5,4030,13474,2.0,0,0,3,0,14,0,14,712166.302173913,775557.8101851852,732.7272727272727,3.343424317617866,9.5,0.75
4.0,2.5,1980,6660,2.0,0,0,4,0,40,0,40,655071.1991869919,514387.5806451613,565.7142857142857,3.3636363636363638,6.5,0.5
3.0,1.5,1460,9908,1.0,0,0,3,0,62,1,6,307819.2631578947,309970.8333333333,584.0,6.786301369863014,4.5,0.375
4.0,1.75,1880,8800,1.0,0,0,3,750,54,1,2,576183.7791741472,276613.06976744183,683.6363636363636,4.680851063829787,5.75,0.35
3.0,1.75,2320,10900,2.0,0,0,3,0,79,1,40,583475.1987418453,600662.226744186,843.6363636363636,4.698275862068965,4.75,0.4375
3.0,3.25,2220,8227,1.5,0,0,5,450,85,0,85,570223.1185050136,322012.1379310345,522.3529411764706,3.7058558558558556,6.25,0.8125
3.0,1.0,1410,7200,2.0,0,0,4,0,113,0,113,583475.1987418453,662231.5294117647,705.0,5.1063829787234045,4.0,0.25
3.0,1.0,1240,3500,1.0,0,0,4,0,87,0,87,573185.0026954178,576457.3465346535,620.0,2.8225806451612905,4.0,0.25
4.0,2.0,2030,8426,2.0,0,0,3,0,70,0,70,338981.5238095238,275526.7755102041,676.6666666666666,4.150738916256158,6.0,0.4
6.0,3.75,4000,6015,2.0,0,2,3,920,10,1,11,379453.5624401914,351241.91041666665,842.1052631578947,1.50375,9.75,0.5357142857142857
3.0,0.75,490,38500,1.5,0,0,4,0,55,0,55,551871.586715821,551871.586715821,280.0,78.57142857142857,3.75,0.1875
3.0,2.5,1590,3411,2.0,0,0,3,0,14,0,14,561804.3541666666,561804.3541666666,454.2857142857143,2.1452830188679246,5.5,0.625
3.0,2.5,2630,5827,2.0,0,0,3,0,13,0,13,667110.3374233128,692946.9841269841,751.4285714285714,2.215589353612167,5.5,0.625
2.0,1.75,1350,4614,1.0,0,0,3,0,6,0,6,664524.1592356688,667790.3,490.90909090909093,3.417777777777778,3.75,0.5833333333333334
3.0,1.0,990,4440,1.0,0,0,3,0,71,1,12,574543.2427470535,305084.0425531915,495.0,4.484848484848484,4.0,0.25
4.0,2.75,3710,7984,2.0,0,0,3,0,15,0,15,561804.3541666666,561804.3541666666,989.3333333333334,2.152021563342318,6.75,0.55
3.0,1.0,990,8062,1.0,0,0,4,0,54,1,13,306956.0,311282.93333333335,495.0,8.143434343434343,4.0,0.25
4.0,2.5,2510,4543,2.0,0,0,3,0,12,0,12,704425.8029661017,793072.1490384615,717.1428571428571,1.8099601593625498,6.5,0.5
2.0,1.0,800,6500,1.0,0,0,4,0,61,1,31,423979.98295454547,379153.1549295775,400.0,8.125,3.0,0.3333333333333333
4.0,1.0,1600,10183,1.0,0,0,4,0,48,0,48,294280.725,238853.55172413794,800.0,6.364375,5.0,0.2
5.0,3.25,3320,11340,2.0,0,0,4,840,15,0,15,297151.21774193546,336132.38095238095,781.1764705882352,3.4156626506024095,8.25,0.5416666666666666
5.0,1.5,1730,9230,1.0,0,0,3,720,52,1,11,379453.5624401914,351241.91041666665,692.0,5.335260115606936,6.5,0.25
4.0,1.75,2000,3988,1.0,0,4,4,1000,56,1,42,574543.2427470535,618140.3414634146,727.2727272727273,1.994,5.75,0.35
4.0,2.75,2910,6308,1.0,0,0,3,1270,29,0,29,489242.0238095238,489242.0238095238,776.0,2.167697594501718,6.75,0.55
4.0,1.75,1710,10440,1.0,0,0,4,0,59,1,5,881585.4168316831,809289.1351351351,621.8181818181819,6.105263157894737,5.75,0.35
3.0,1.0,1200,7800,1.0,0,0,4,0,60,1,35,574543.2427470535,423128.77358490566,600.0,6.5,4.0,0.25
3.0,2.5,2600,5100,2.0,0,1,3,0,16,1,8,371872.2878787879,392019.0338983051,742.8571428571429,1.9615384615384615,5.5,0.625
2.0,1.75,1460,7926,1.0,0,0,4,0,27,0,27,271876.92307692306,313686.0298507463,530.9090909090909,5.428767123287671,3.75,0.5833333333333334
4.0,3.75,4260,9800,2.0,0,0,3,0,6,0,6,655071.1991869919,798061.106557377,896.8421052631579,2.300469483568075,7.75,0.75
4.0,2.75,2100,4480,1.5,0,0,4,320,86,0,86,574543.2427470535,951532.2580645161,560.0,2.1333333333333333,6.75,0.55
6.0,4.5,4230,6420,2.0,0,3,4,1870,98,0,98,574543.2427470535,921350.0,769.0909090909091,1.5177304964539007,10.5,0.6428571428571429
3.0,1.75,1660,6250,1.0,0,0,3,830,34,0,34,574543.2427470535,618140.3414634146,603.6363636363636,3.7650602409638556,4.75,0.4375
3.0,1.0,1450,7200,1.0,0,0,3,440,45,1,4,665473.701171875,527234.776119403,725.0,4.9655172413793105,4.0,0.25
4.0,1.5,1860,5040,1.5,0,0,5,0,94,0,94,327370.0,327370.0,744.0,2.7096774193548385,5.5,0.3
4.0,2.5,2720,10006,2.0,0,0,3,0,25,0,25,692567.8918918918,634856.3076923077,777.1428571428571,3.6786764705882353,6.5,0.5
4.0,2.5,2920,5500,1.0,0,3,3,890,57,1,14,574543.2427470535,731451.1428571428,834.2857142857143,1.8835616438356164,6.5,0.5
3.0,1.5,1800,12196,1.0,0,0,4,0,48,0,48,298547.1904761905,296686.537037037,720.0,6.775555555555556,4.5,0.375
2.0,1.0,1320,8830,1.0,0,0,3,300,75,1,45,583475.1987418453,788787.2272727273,660.0,6.6893939393939394,3.0,0.3333333333333333
3.0,1.75,1770,29004,1.0,0,0,3,0,55,1,25,291133.71153846156,283302.9365079365,643.6363636363636,16.386440677966103,4.75,0.4375
5.0,2.75,2550,7725,1.0,0,0,5,1160,47,0,47,674250.625,392019.0338983051,680.0,3.0294117647058822,7.75,0.4583333333333333
4.0,1.75,2150,9000,1.0,0,0,4,1040,48,0,48,664018.5575757576,639101.3958333334,781.8181818181819,4.186046511627907,5.75,0.35
4.0,2.5,3020,7465,2.0,0,0,3,0,10,1,11,712166.302173913,775557.8101851852,862.8571428571429,2.4718543046357615,6.5,0.5
3.0,1.0,960,27442,1.0,0,0,4,0,44,0,44,377807.7863636364,347522.01615384617,480.0,28.585416666666667,4.0,0.25
3.0,2.0,2783,11177,2.0,0,0,3,0,104,1,15,570223.1185050136,415307.3275862069,927.6666666666666,4.016169601149838,5.0,0.5
3.0,2.0,2250,14274,1.0,0,0,4,750,50,0,50,1099543.2580645161,1099543.2580645161,750.0,6.344,5.0,0.5
3.0,1.75,1710,8767,1.0,0,0,4,0,28,0,28,655071.1991869919,798061.106557377,621.8181818181819,5.1269005847953215,4.75,0.4375
3.0,2.5,2650,9380,1.0,0,0,5,970,39,0,39,478061.90476190473,381644.5188679245,757.1428571428571,3.539622641509434,5.5,0.625
3.0,3.25,1830,1804,3.0,0,0,3,0,0,0,0,574543.2427470535,566680.5729166666,430.5882352941176,0.985792349726776,6.25,0.8125
3.0,2.5,1460,3044,2.0,0,0,3,0,14,0,14,576183.7791741472,345272.55555555556,417.14285714285717,2.084931506849315,5.5,0.625
3.0,2.0,1760,6875,1.0,0,0,4,0,47,0,47,607079.2441860465,568618.8,586.6666666666666,3.90625,5.0,0.5
3.0,2.5,1960,6058,2.0,0,0,3,0,12,0,12,692567.8918918918,634856.3076923077,560.0,3.090816326530612,5.5,0.625
4.0,2.25,2010,7688,1.0,0,0,3,840,35,1,0,290510.51923076925,287434.2,618.4615384615385,3.824875621890547,6.25,0.45
4.0,2.5,3670,9958,2.0,0,0,3,0,9,0,9,379453.5624401914,351241.91041666665,1048.5714285714287,2.713351498637602,6.5,0.5
2.0,2.25,2290,9772,1.0,0,0,3,0,7,0,7,667110.3374233128,692946.9841269841,704.6153846153846,4.267248908296943,4.25,0.75
3.0,2.0,1780,5720,1.0,0,0,5,800,89,0,89,574543.2427470535,602889.9619047618,593.3333333333334,3.2134831460674156,5.0,0.5
4.0,2.5,3080,35430,2.0,0,0,3,0,17,0,17,667110.3374233128,692946.9841269841,880.0,11.503246753246753,6.5,0.5
4.0,2.5,3360,15091,2.0,0,0,3,0,17,0,17,662070.8855421686,637280.5326086957,960.0,4.491369047619048,6.5,0.5
3.0,1.0,1370,6780,2.0,0,0,3,0,84,1,17,574543.2427470535,443537.9032258064,685.0,4.9489051094890515,4.0,0.25
4.0,2.5,1660,8063,1.0,0,0,4,0,36,1,14,295841.6666666667,299247.56097560975,474.2857142857143,4.857228915662651,6.5,0.5
4.0,3.5,4440,10660,2.0,0,0,3,0,11,0,11,673746.1363636364,502494.4029850746,986.6666666666666,2.400900900900901,7.5,0.7
5.0,2.5,2850,209523,1.0,0,0,4,920,89,1,46,370580.66352040815,348268.4566176471,814.2857142857143,73.51684210526315,7.5,0.4166666666666667
3.0,2.5,1530,2913,2.0,0,0,4,0,28,0,28,661873.9341085271,853114.5491803279,437.14285714285717,1.9039215686274509,5.5,0.625
4.0,2.5,2100,8400,1.0,0,0,4,860,38,1,22,632047.53125,597260.8888888889,600.0,4.0,6.5,0.5
1.0,1.0,730,1942,1.0,0,0,3,0,6,0,6,576183.7791741472,619323.25,365.0,2.66027397260274,2.0,0.5
3.0,2.25,1920,8223,2.0,0,0,4,0,25,0,25,477717.23214285716,477717.23214285716,590.7692307692307,4.2828125,5.25,0.5625
3.0,1.0,1600,7324,1.0,0,0,4,0,56,1,42,376968.54547619045,400873.7868852459,800.0,4.5775,4.0,0.25
4.0,2.25,2380,17199,2.0,0,0,3,850,35,1,0,447643.1818181818,447643.1818181818,732.3076923076923,7.226470588235294,6.25,0.45
3.0,2.5,2760,17377,2.0,0,0,3,0,12,0,12,377807.7863636364,401767.1379310345,788.5714285714286,6.296014492753623,5.5,0.625
4.0,1.5,1840,11367,1.5,0,0,4,0,64,1,31,402504.4879518072,718727.3611111111,736.0,6.1777173913043475,5.5,0.3
7.0,2.5,2580,5750,1.0,0,0,4,700,113,0,113,570223.1185050136,577744.32,737.1428571428571,2.2286821705426356,9.5,0.3125
4.0,1.75,2100,4750,1.0,0,0,3,760,39,0,39,573185.0026954178,576457.3465346535,763.6363636363636,2.261904761904762,5.75,0.35
4.0,1.75,1820,5015,1.0,0,0,4,630,88,1,21,570223.1185050136,322012.1379310345,661.8181818181819,2.7554945054945055,5.75,0.35
5.0,5.25,4830,18707,2.0,0,1,5,900,62,1,16,1204170.349206349,1204170.349206349,772.8,3.8730848861283644,10.25,0.875
3.0,1.5,1550,4980,1.0,0,0,3,470,36,0,36,576183.7791741472,368028.3015873016,620.0,3.2129032258064516,4.5,0.375
4.0,1.0,1440,3600,1.5,0,0,4,0,90,0,90,583475.1987418453,639284.1666666666,720.0,2.5,5.0,0.2
2.0,1.0,930,6380,1.0,0,0,4,0,74,1,13,574543.2427470535,605400.1521739131,465.0,6.860215053763441,3.0,0.3333333333333333
4.0,2.5,3560,12047,2.0,0,0,3,0,26,1,14,291133.71153846156,283302.9365079365,1017.1428571428571,3.3839887640449438,6.5,0.5
2.0,1.0,840,11600,1.0,0,0,3,0,62,1,6,372098.1818181818,275526.7755102041,420.0,13.80952380952381,3.0,0.3333333333333333
4.0,3.25,4280,47179,2.0,0,0,3,1230,12,0,12,289521.22794117645,337419.359375,1007.0588235294117,11.023130841121496,7.25,0.65
3.0,1.5,1500,10018,1.0,0,0,4,0,57,1,13,370580.66352040815,348268.4566176471,600.0,6.6786666666666665,4.5,0.375
4.0,3.5,3650,38546,2.0,0,0,3,1100,18,0,18,406146.40625,406146.40625,811.1111111111111,10.56054794520548,7.5,0.7
2.0,1.0,780,3910,1.0,0,0,3,0,96,0,96,583475.1987418453,437527.63157894736,390.0,5.012820512820513,3.0,0.3333333333333333
4.0,1.0,1600,5500,1.5,0,0,4,0,68,1,25,570223.1185050136,586761.8313953489,800.0,3.4375,5.0,0.2
4.0,1.75,1120,8250,1.0,0,0,4,0,48,0,48,370580.66352040815,348268.4566176471,407.27272727272725,7.366071428571429,5.75,0.35
2.0,1.0,1010,9219,1.0,0,0,4,0,54,1,13,654481.2884615385,805533.4016393443,505.0,9.127722772277227,3.0,0.3333333333333333
4.0,2.75,1970,37026,1.0,0,0,4,0,53,1,13,483484.7826086957,483484.7826086957,525.3333333333334,18.79492385786802,6.75,0.55
4.0,2.5,2230,4372,2.0,0,0,5,690,79,0,79,576183.7791741472,581484.52,637.1428571428571,1.9605381165919282,6.5,0.5
5.0,3.0,4290,20445,2.0,0,0,4,0,29,0,29,1789164.2857142857,1789164.2857142857,1072.5,4.765734265734266,8.0,0.5
3.0,1.75,3160,76230,1.0,0,0,4,1000,36,1,14,294280.725,248072.46153846153,1149.090909090909,24.123417721518987,4.75,0.4375
3.0,1.75,1850,5100,1.0,0,0,3,830,105,1,10,574543.2427470535,951532.2580645161,672.7272727272727,2.7567567567567566,4.75,0.4375
3.0,2.25,1980,8755,1.0,0,0,4,680,51,0,51,295841.6666666667,299247.56097560975,609.2307692307693,4.421717171717172,5.25,0.5625
4.0,3.5,3360,9767,2.0,0,0,3,910,24,1,5,298547.1904761905,296686.537037037,746.6666666666666,2.9068452380952383,7.5,0.7
3.0,2.0,2660,192099,1.0,0,0,4,0,50,0,50,312833.3333333333,312833.3333333333,886.6666666666666,72.21766917293233,5.0,0.5
3.0,1.0,1200,7280,1.0,0,0,4,0,47,0,47,302187.765625,276112.8,600.0,6.066666666666666,4.0,0.25
2.0,2.5,2150,5760,1.0,0,0,3,0,4,0,4,664524.1592356688,667790.3,614.2857142857143,2.6790697674418604,4.5,0.8333333333333334
3.0,2.75,2820,5348,2.0,0,0,3,0,6,0,6,659713.198757764,628759.967032967,752.0,1.8964539007092198,5.75,0.6875
4.0,2.75,3510,9400,2.0,0,0,3,0,0,0,0,379453.5624401914,504551.94666666666,936.0,2.678062678062678,6.75,0.55
3.0,2.5,1790,3078,2.0,0,0,3,0,4,0,4,589927.1679389313,562969.2461538462,511.42857142857144,1.7195530726256982,5.5,0.625
4.0,2.75,2700,6000,2.0,0,0,4,600,104,0,104,576183.7791741472,616646.6086956522,720.0,2.2222222222222223,6.75,0.55
5.0,4.75,5780,17004,2.0,0,0,3,1520,8,0,8,1099543.2580645161,1099543.2580645161,1005.2173913043479,2.9418685121107266,9.75,0.7916666666666666
4.0,3.25,3730,4560,2.0,0,0,3,970,1,1,91,573185.0026954178,576457.3465346535,877.6470588235294,1.2225201072386058,7.25,0.65
4.0,2.5,2540,5001,2.0,0,0,3,0,9,0,9,570223.1185050136,322012.1379310345,725.7142857142857,1.9688976377952756,6.5,0.5
4.0,2.25,3300,8365,3.0,0,0,3,0,0,0,0,574543.2427470535,423128.77358490566,1015.3846153846154,2.5348484848484847,6.25,0.45
5.0,3.5,5430,10327,2.0,0,2,3,1420,7,0,7,881585.4168316831,809289.1351351351,1206.6666666666667,1.901841620626151,8.5,0.5833333333333334
4.0,2.5,2550,5200,2.0,0,0,3,0,5,0,5,377807.7863636364,523649.19402985077,728.5714285714286,2.0392156862745097,6.5,0.5
3.0,2.25,1390,1484,3.0,0,0,3,0,7,0,7,570223.1185050136,606082.1632653062,427.6923076923077,1.0676258992805756,5.25,0.5625
3.0,1.5,1270,1413,3.0,0,0,3,0,7,0,7,574543.2427470535,605400.1521739131,508.0,1.1125984251968504,4.5,0.375
4.0,2.5,2380,5000,2.0,0,0,3,0,9,0,9,341878.1945205479,341878.1945205479,680.0,2.100840336134454,6.5,0.5
4.0,2.5,3360,22111,2.0,0,0,3,0,20,0,20,701918.4194214876,784592.5133928572,960.0,6.5806547619047615,6.5,0.5
5.0,4.25,6070,171626,2.0,0,0,3,0,15,0,15,730700.0,730700.0,1156.1904761904761,28.274464579901153,9.25,0.7083333333333334
2.0,1.0,1240,57000,1.0,0,0,3,0,52,1,11,704425.8029661017,793072.1490384615,620.0,45.96774193548387,3.0,0.3333333333333333
2.0,2.0,2930,14057,1.0,0,2,4,1250,34,0,34,488457.5,488457.5,976.6666666666666,4.797610921501707,4.0,0.6666666666666666
2.0,2.5,2410,102366,1.0,0,0,4,470,102,1,25,730700.0,730700.0,688.5714285714286,42.47551867219917,4.5,0.8333333333333334
6.0,2.75,2980,5000,1.5,0,0,3,500,98,1,28,576183.7791741472,581484.52,794.6666666666666,1.6778523489932886,8.75,0.39285714285714285
2.0,1.75,1950,2719,1.0,0,0,5,940,95,1,80,570223.1185050136,606082.1632653062,709.0909090909091,1.3943589743589744,3.75,0.5833333333333334
4.0,2.75,2600,36583,1.0,0,0,5,1020,38,0,38,701918.4194214876,784592.5133928572,693.3333333333334,14.070384615384615,6.75,0.55
4.0,1.0,1170,8147,1.5,0,0,3,0,55,1,25,583475.1987418453,455981.53846153844,585.0,6.963247863247863,5.0,0.2
3.0,1.0,1470,6500,1.0,0,0,4,0,61,1,31,372098.1818181818,467334.3243243243,735.0,4.421768707482993,4.0,0.25
4.0,2.0,1840,5419,1.0,0,0,4,920,72,1,32,573185.0026954178,743714.088888889,613.3333333333334,2.945108695652174,6.0,0.4
4.0,2.0,1560,7500,1.0,0,0,4,0,46,0,46,655071.1991869919,514387.5806451613,520.0,4.8076923076923075,6.0,0.4
4.0,1.75,1520,7700,1.0,0,0,4,0,47,0,47,661873.9341085271,490319.85294117645,552.7272727272727,5.065789473684211,5.75,0.35
3.0,2.75,2220,4000,2.0,0,0,3,520,100,1,14,570223.1185050136,577744.32,592.0,1.8018018018018018,5.75,0.6875
4.0,2.5,2800,9538,2.0,0,0,3,0,21,0,21,291133.71153846156,302512.97297297296,800.0,3.4064285714285716,6.5,0.5
2.0,1.0,670,6300,1.0,0,0,5,0,72,0,72,573185.0026954178,446315.6779661017,335.0,9.402985074626866,3.0,0.3333333333333333
3.0,2.25,1720,7885,2.0,0,0,3,0,31,1,5,298547.1904761905,296686.537037037,529.2307692307693,4.584302325581396,5.25,0.5625
3.0,2.5,2110,4038,2.0,0,0,4,0,25,0,25,297151.21774193546,336132.38095238095,602.8571428571429,1.913744075829384,5.5,0.625
3.0,1.75,1580,9187,1.0,0,0,3,400,21,0,21,339556.4805970149,339556.4805970149,574.5454545454545,5.814556962025317,4.75,0.4375
6.0,2.5,2640,3680,2.0,0,0,5,880,92,1,58,574543.2427470535,423128.77358490566,754.2857142857143,1.393939393939394,8.5,0.35714285714285715
4.0,2.5,2700,6515,2.0,0,0,3,0,16,1,8,377807.7863636364,347522.01615384617,771.4285714285714,2.412962962962963,6.5,0.5
3.0,2.5,2820,8159,2.0,0,0,3,0,10,1,11,589927.1679389313,617858.71875,805.7142857142857,2.893262411347518,5.5,0.625
4.0,2.5,3340,8930,2.0,0,2,3,0,15,0,15,533938.304347826,533938.304347826,954.2857142857143,2.6736526946107784,6.5,0.5
3.0,2.5,1530,6000,2.0,0,0,4,0,23,0,23,339556.4805970149,339556.4805970149,437.14285714285717,3.9215686274509802,5.5,0.625
4.0,3.5,3840,85728,2.0,0,0,3,0,16,1,8,524471.4375,524471.4375,853.3333333333334,22.325,7.5,0.7
3.0,2.0,2320,10960,1.0,0,0,3,810,58,1,13,854623.3027093596,800098.3181818182,773.3333333333334,4.724137931034483,5.0,0.5
5.0,2.0,2310,13430,1.5,0,0,4,0,48,0,48,854623.3027093596,1326856.5666666667,770.0,5.813852813852814,7.0,0.3333333333333333
3.0,2.5,1770,1235,3.0,0,0,3,170,7,0,7,573185.0026954178,576457.3465346535,505.7142857142857,0.6977401129943502,5.5,0.625
2.0,3.0,3160,66646,2.0,0,0,3,0,21,0,21,610245.4411764706,681119.6428571428,790.0,21.090506329113925,5.0,1.0
3.0,1.5,1620,6630,1.0,0,0,3,340,60,1,9,573185.0026954178,566123.421875,648.0,4.092592592592593,4.5,0.375
4.0,2.0,1510,4235,1.0,0,0,3,0,59,1,9,574543.2427470535,353735.36363636365,503.3333333333333,2.8046357615894038,6.0,0.4
3.0,1.75,960,8106,1.0,0,0,3,0,52,1,11,667110.3374233128,649564.5408163265,349.09090909090907,8.44375,4.75,0.4375
4.0,2.25,1740,8449,1.0,0,0,4,570,56,1,42,859295.1570351758,680245.7142857143,535.3846153846154,4.855747126436782,6.25,0.45
4.0,2.0,1470,8395,1.0,0,0,4,0,49,0,49,854623.3027093596,621811.7647058824,490.0,5.710884353741497,6.0,0.4
4.0,2.5,2460,4200,2.0,0,0,3,0,16,1,8,704425.8029661017,632657.0428571429,702.8571428571429,1.7073170731707317,6.5,0.5
3.0,1.75,1170,8182,1.0,0,0,3,0,52,1,11,402504.4879518072,381644.5188679245,425.45454545454544,6.993162393162393,4.75,0.4375
2.0,1.75,1210,7507,1.0,0,0,3,0,32,0,32,665473.701171875,527234.776119403,440.0,6.204132231404959,3.75,0.5833333333333334
3.0,2.5,1870,7942,2.0,0,0,3,0,24,1,5,289521.22794117645,261910.125,534.2857142857143,4.247058823529412,5.5,0.625
3.0,2.5,1950,5689,2.0,0,0,3,0,5,0,5,561804.3541666666,561804.3541666666,557.1428571428571,2.9174358974358974,5.5,0.625
4.0,2.5,2570,5250,2.0,0,0,3,0,24,1,5,611821.4210526316,632427.4029850747,734.2857142857143,2.0428015564202333,6.5,0.5
3.0,2.0,1460,10311,1.0,0,0,4,0,39,0,39,662070.8855421686,637280.5326086957,486.6666666666667,7.0623287671232875,5.0,0.5
3.0,2.5,2970,23100,1.0,0,0,3,1460,47,1,3,602057.1753246753,578701.4130434783,848.5714285714286,7.777777777777778,5.5,0.625
4.0,2.5,2040,21781,2.0,0,0,3,0,20,0,20,549237.5,549237.5,582.8571428571429,10.676960784313726,6.5,0.5
5.0,3.25,3240,6551,1.5,0,4,4,740,75,1,25,576183.7791741472,610943.3953488372,762.3529411764706,2.0219135802469137,8.25,0.5416666666666666
4.0,2.75,3150,67518,1.0,0,0,4,900,49,0,49,306983.0317460318,361680.06451612903,840.0,21.434285714285714,6.75,0.55
3.0,2.25,1820,8008,1.0,0,0,3,580,33,1,1,662070.8855421686,637280.5326086957,560.0,4.4,5.25,0.5625
4.0,2.5,2130,35752,1.0,0,0,3,640,34,0,34,692567.8918918918,761330.9019607843,608.5714285714286,16.784976525821595,6.5,0.5
3.0,1.5,1430,8000,1.0,0,0,4,0,58,0,58,881585.4168316831,679366.6666666666,572.0,5.594405594405594,4.5,0.375
3.0,2.5,2030,6970,2.0,0,0,4,0,23,0,23,609064.7603305785,621249.6153846154,580.0,3.4334975369458127,5.5,0.625
4.0,2.75,2000,5827,2.0,0,0,3,0,17,0,17,339211.3264705882,339211.3264705882,533.3333333333334,2.9135,6.75,0.55
4.0,2.25,1940,6206,2.0,0,0,3,0,24,1,5,298547.1904761905,296686.537037037,596.9230769230769,3.1989690721649486,6.25,0.45
2.0,1.75,880,6780,1.0,0,0,4,0,69,0,69,570223.1185050136,282229.9568965517,320.0,7.704545454545454,3.75,0.5833333333333334
3.0,1.0,950,9400,1.0,0,0,4,0,60,1,35,859215.5687192117,827419.403125,475.0,9.894736842105264,4.0,0.25
3.0,2.25,1670,1596,2.0,0,0,3,450,12,0,12,583475.1987418453,788787.2272727273,513.8461538461538,0.9556886227544911,5.25,0.5625
3.0,2.5,2670,10496,2.0,0,0,3,0,25,0,25,704425.8029661017,632657.0428571429,762.8571428571429,3.9310861423220973,5.5,0.625
3.0,2.5,2700,1438,2.0,0,0,3,1420,11,0,11,573185.0026954178,705945.625,771.4285714285714,0.5325925925925926,5.5,0.625
1.0,1.0,590,833,1.0,0,0,4,0,88,1,21,574543.2427470535,579453.76,295.0,1.411864406779661,2.0,0.5
4.0,2.25,2160,8119,1.0,0,0,3,1080,48,1,101,859295.1570351758,809147.9375,664.6153846153846,3.758796296296296,6.25,0.45
4.0,2.5,2700,8810,2.0,0,0,3,0,10,1,11,664018.5575757576,639101.3958333334,771.4285714285714,3.262962962962963,6.5,0.5
6.0,2.25,3206,5793,2.0,0,0,3,0,2,1,102,301453.96774193546,258630.41666666666,986.4615384615385,1.8069245165315033,8.25,0.32142857142857145
3.0,1.75,1560,9788,1.0,0,0,3,0,50,1,14,574543.2427470535,274962.0967741936,567.2727272727273,6.274358974358974,4.75,0.4375
3.0,1.75,1400,6956,1.0,0,0,4,0,57,1,13,306368.0406504065,289447.0487804878,509.09090909090907,4.968571428571429,4.75,0.4375
4.0,3.25,3090,6744,2.0,0,4,3,0,1,1,91,420507.6153846154,756218.7948717949,727.0588235294117,2.18252427184466,7.25,0.65
4.0,2.0,2630,16475,2.0,0,0,4,0,61,1,31,1400000.0,1326856.5666666667,876.6666666666666,6.26425855513308,6.0,0.4
4.0,1.0,2100,9200,1.0,0,0,3,1050,55,1,25,248463.04347826086,232418.88888888888,1050.0,4.380952380952381,5.0,0.2
4.0,1.5,1120,5427,1.0,0,0,3,0,45,1,0,271876.92307692306,313686.0298507463,448.0,4.845535714285714,5.5,0.3
4.0,2.75,3260,19542,1.0,0,0,4,1090,46,0,46,2397393.75,2397393.75,869.3333333333334,5.994478527607362,6.75,0.55
4.0,2.5,2800,5900,1.0,0,0,3,1140,51,1,6,583475.1987418453,600662.226744186,800.0,2.107142857142857,6.5,0.5
3.0,2.25,1970,11088,1.0,0,0,4,790,47,0,47,473692.0,384471.0,606.1538461538462,5.628426395939086,5.25,0.5625
3.0,2.0,1570,7200,1.0,0,0,4,0,62,0,62,423979.98295454547,377329.25409836066,523.3333333333334,4.585987261146497,5.0,0.5
3.0,2.5,2280,2289,2.0,0,0,3,400,8,0,8,611394.2276422764,599392.1333333333,651.4285714285714,1.0039473684210527,5.5,0.625
3.0,2.5,1600,3573,2.0,0,0,3,0,1,1,91,379453.5624401914,390117.4745762712,457.14285714285717,2.233125,5.5,0.625
3.0,3.0,1680,1570,3.0,0,0,3,0,0,0,0,574543.2427470535,602889.9619047618,420.0,0.9345238095238095,6.0,0.75
2.0,1.0,520,22334,1.0,0,0,2,0,63,0,63,260515.44444444444,232418.88888888888,260.0,42.95,3.0,0.3333333333333333
4.0,3.0,2920,33976,1.0,0,3,5,1460,50,0,50,881585.4168316831,699132.2580645161,730.0,11.635616438356164,7.0,0.6
3.0,1.0,1620,30736,1.5,0,0,4,0,103,1,37,847974.924611399,802442.5981012658,810.0,18.97283950617284,4.0,0.25
3.0,2.25,2950,78843,1.5,0,0,3,0,8,0,8,704425.8029661017,793072.1490384615,907.6923076923077,26.726440677966103,5.25,0.5625
3.0,1.5,1770,17208,1.0,0,0,3,610,55,1,25,854623.3027093596,833646.4126506024,708.0,9.722033898305085,4.5,0.375
3.0,1.0,1830,8209,1.0,0,0,3,0,72,1,15,466376.511627907,466376.511627907,915.0,4.4857923497267755,4.0,0.25
4.0,2.5,2550,10000,1.0,0,0,3,1260,50,1,14,847974.924611399,634524.0,728.5714285714286,3.9215686274509802,6.5,0.5
3.0,2.5,1490,1709,3.0,0,0,3,0,10,1,11,573185.0026954178,452594.44444444444,425.7142857142857,1.146979865771812,5.5,0.625
4.0,1.5,1590,131551,1.0,0,3,4,0,48,0,48,325113.63636363635,325113.63636363635,636.0,82.73647798742138,5.5,0.3
3.0,2.0,1510,7066,1.0,0,2,3,280,41,1,1,574543.2427470535,443537.9032258064,503.3333333333333,4.679470198675497,5.0,0.5
4.0,2.5,1840,1562,2.0,0,0,3,440,10,1,11,574543.2427470535,305084.0425531915,525.7142857142857,0.8489130434782609,6.5,0.5
3.0,1.0,1040,5000,1.0,0,0,3,0,55,1,25,583475.1987418453,371058.47297297296,520.0,4.8076923076923075,4.0,0.25
4.0,2.5,2110,3750,2.0,0,0,3,0,14,0,14,574543.2427470535,566680.5729166666,602.8571428571429,1.7772511848341233,6.5,0.5
3.0,1.75,2150,4333,1.0,0,0,3,950,58,1,13,574543.2427470535,534537.3662790698,781.8181818181819,2.0153488372093022,4.75,0.4375
5.0,3.75,5340,10655,2.5,0,3,4,1600,102,1,25,570223.1185050136,617994.1355932204,1124.2105263157894,1.9953183520599251,8.75,0.625
4.0,1.75,2420,7672,1.0,0,0,3,940,35,1,0,609064.7603305785,593956.5636363636,880.0,3.1702479338842977,5.75,0.35
4.0,3.25,5010,34460,2.0,0,0,3,0,26,1,14,859215.5687192117,827419.403125,1178.8235294117646,6.878243512974052,7.25,0.65
2.0,1.0,910,9612,1.0,0,0,4,0,33,0,33,379453.5624401914,351241.91041666665,455.0,10.562637362637362,3.0,0.3333333333333333
3.0,1.5,2200,5000,1.5,0,0,3,0,82,0,82,576183.7791741472,760659.568627451,880.0,2.272727272727273,4.5,0.375
4.0,2.5,3430,64441,2.0,0,0,3,0,1,1,91,607079.2441860465,660496.5277777778,980.0,18.78746355685131,6.5,0.5
3.0,2.0,1490,7770,1.0,0,0,4,0,24,0,24,271876.92307692306,313686.0298507463,496.6666666666667,5.214765100671141,5.0,0.5
3.0,2.0,1370,78408,1.0,0,0,5,0,50,0,50,319992.64705882355,331194.18666666665,456.6666666666667,57.232116788321164,5.0,0.5
4.0,3.0,4060,35621,1.0,0,0,3,2030,25,0,25,306983.0317460318,361680.06451612903,1015.0,8.773645320197044,7.0,0.6
3.0,2.5,1870,5449,2.0,0,0,3,0,11,0,11,489242.0238095238,489242.0238095238,534.2857142857143,2.913903743315508,5.5,0.625
2.0,1.0,720,4222,1.0,0,0,4,0,72,1,32,376968.54547619045,400873.7868852459,360.0,5.863888888888889,3.0,0.3333333333333333
3.0,2.25,2180,7741,2.0,0,0,3,0,28,0,28,712166.302173913,657703.171875,670.7692307692307,3.5509174311926603,5.25,0.5625
3.0,1.5,1430,8960,1.0,0,0,4,0,61,1,31,378731.27777777775,484335.21428571426,572.0,6.265734265734266,4.5,0.375
2.0,1.0,780,6685,1.0,0,0,4,0,66,0,66,294280.725,238853.55172413794,390.0,8.570512820512821,3.0,0.3333333333333333
4.0,3.0,4260,18000,2.0,0,2,3,0,14,0,14,1223622.0,1223622.0,1065.0,4.225352112676056,7.0,0.6
2.0,1.75,2050,11900,1.0,0,0,4,0,64,1,31,859295.1570351758,1264508.6,745.4545454545455,5.804878048780488,3.75,0.5833333333333334
3.0,1.75,2930,19876,1.0,0,0,3,900,21,0,21,607079.2441860465,568618.8,1065.4545454545455,6.783617747440273,4.75,0.4375
5.0,3.5,5960,13703,2.0,0,2,3,1190,30,0,30,881585.4168316831,699132.2580645161,1324.4444444444443,2.2991610738255033,8.5,0.5833333333333334
2.0,1.0,1000,4776,1.0,0,0,4,0,72,1,32,576183.7791741472,345272.55555555556,500.0,4.776,3.0,0.3333333333333333
3.0,2.5,2260,19821,2.0,0,0,3,0,20,0,20,379453.5624401914,351241.91041666665,645.7142857142857,8.770353982300884,5.5,0.625
3.0,2.0,2120,7560,1.0,0,0,3,0,23,0,23,371872.2878787879,351000.68055555556,706.6666666666666,3.5660377358490565,5.0,0.5
4.0,2.5,2310,5100,2.0,0,0,3,0,1,1,91,576183.7791741472,718727.3611111111,660.0,2.207792207792208,6.5,0.5
5.0,2.75,2910,36250,1.0,0,0,3,1320,37,1,10,692567.8918918918,761330.9019607843,776.0,12.457044673539519,7.75,0.4583333333333333
4.0,2.75,3270,12880,2.0,0,0,3,0,0,0,0,665473.701171875,817309.8975409836,872.0,3.9388379204892967,6.75,0.55
5.0,2.75,3040,10257,2.0,0,0,3,0,21,0,21,881585.4168316831,809289.1351351351,810.6666666666666,3.374013157894737,7.75,0.4583333333333333
4.0,2.25,2290,5350,2.0,0,0,4,170,56,1,42,573185.0026954178,743714.088888889,704.6153846153846,2.336244541484716,6.25,0.45
3.0,1.75,1590,27200,1.5,0,0,4,0,88,1,21,351942.0882352941,351942.0882352941,578.1818181818181,17.10691823899371,4.75,0.4375
3.0,1.0,1040,6860,2.0,0,0,3,0,72,1,15,573185.0026954178,386791.8375,520.0,6.596153846153846,4.0,0.25
4.0,1.0,1540,115434,1.5,0,0,4,0,91,0,91,302187.765625,282441.9347826087,770.0,74.95714285714286,5.0,0.2
4.0,2.75,3370,12447,2.0,0,0,3,0,23,0,23,632047.53125,676773.2142857143,898.6666666666666,3.693471810089021,6.75,0.55
4.0,2.25,2980,8051,1.5,0,2,4,960,79,0,79,583475.1987418453,788787.2272727273,916.9230769230769,2.7016778523489933,6.25,0.45
4.0,2.25,2192,12128,2.0,0,0,3,0,8,0,8,306368.0406504065,291247.46153846156,674.4615384615385,5.532846715328467,6.25,0.45
3.0,1.75,1980,6250,1.0,0,1,5,890,104,0,104,573185.0026954178,531402.2828947369,720.0,3.1565656565656566,4.75,0.4375
4.0,3.5,4280,9583,2.0,0,0,3,0,9,0,9,859295.1570351758,1264508.6,951.1111111111111,2.239018691588785,7.5,0.7
3.0,2.5,3080,12476,2.0,0,0,3,0,24,1,5,351942.0882352941,351942.0882352941,880.0,4.05064935064935,5.5,0.625
4.0,2.75,3010,7215,2.0,0,0,3,0,0,0,0,675464.6038732395,825344.3576388889,802.6666666666666,2.3970099667774085,6.75,0.55
4.0,2.0,2030,9300,1.0,0,0,4,0,38,1,22,664524.1592356688,661440.7894736842,676.6666666666666,4.58128078817734,6.0,0.4
3.0,2.5,2340,5957,2.0,0,0,3,0,19,0,19,447643.1818181818,447643.1818181818,668.5714285714286,2.5457264957264956,5.5,0.625
4.0,2.5,3700,21755,1.0,0,4,3,1080,26,1,14,859295.1570351758,809147.9375,1057.142857142857,5.879729729729729,6.5,0.5
5.0,3.5,3690,11928,2.0,0,0,3,1150,8,0,8,707300.656504065,637825.9692307692,820.0,3.232520325203252,8.5,0.5833333333333334
2.0,1.0,1100,8281,1.0,0,0,4,0,67,1,26,423979.98295454547,377329.25409836066,550.0,7.528181818181818,3.0,0.3333333333333333
4.0,3.25,2420,4000,1.5,0,0,5,550,103,1,30,576183.7791741472,947948.46875,569.4117647058823,1.6528925619834711,7.25,0.65
3.0,3.5,1240,1666,2.0,0,0,3,240,6,0,6,583475.1987418453,559590.6666666666,275.55555555555554,1.3435483870967742,6.5,0.875
3.0,2.0,2020,8555,1.0,0,0,4,800,57,1,13,574543.2427470535,443537.9032258064,673.3333333333334,4.235148514851486,5.0,0.5
4.0,3.25,2500,5801,1.5,0,0,3,540,88,1,11,573185.0026954178,1024997.5853658536,588.2352941176471,2.3204,7.25,0.65
4.0,1.75,1580,5340,1.0,0,0,3,450,67,1,2,583475.1987418453,662231.5294117647,574.5454545454545,3.3797468354430378,5.75,0.35
3.0,2.5,2670,10481,2.0,0,0,3,0,11,0,11,665473.701171875,817309.8975409836,762.8571428571429,3.9254681647940073,5.5,0.625
3.0,1.0,1140,8366,1.0,0,0,5,0,71,0,71,371872.2878787879,351000.68055555556,570.0,7.338596491228071,4.0,0.25
3.0,2.75,2750,18029,1.0,0,2,5,940,36,0,36,859295.1570351758,809147.9375,733.3333333333334,6.556,5.75,0.6875
2.0,1.0,940,9839,1.0,0,0,3,0,104,1,8,583475.1987418453,559590.6666666666,470.0,10.467021276595744,3.0,0.3333333333333333
3.0,3.0,3910,19023,2.0,0,0,3,0,29,0,29,560478.0714285715,560478.0714285715,977.5,4.8652173913043475,6.0,0.75
3.0,2.5,1800,2700,2.0,0,0,3,0,3,0,3,576183.7791741472,428104.3859649123,514.2857142857143,1.5,5.5,0.625
3.0,1.75,1880,11249,1.0,0,0,3,550,29,0,29,306983.0317460318,273470.65789473685,683.6363636363636,5.983510638297872,4.75,0.4375
4.0,2.25,2870,6280,1.5,0,0,4,890,109,0,109,573185.0026954178,1024997.5853658536,883.0769230769231,2.1881533101045294,6.25,0.45
5.0,2.5,3390,9760,1.0,0,0,5,1640,36,0,36,379453.5624401914,351241.91041666665,968.5714285714286,2.8790560471976403,7.5,0.4166666666666667
4.0,2.5,3160,13194,2.0,0,0,5,0,49,0,49,1204170.349206349,1204170.349206349,902.8571428571429,4.175316455696202,6.5,0.5
5.0,2.75,3831,13800,2.0,1,4,3,0,55,1,34,1182030.1090909091,1182030.1090909091,1021.6,3.602192638997651,7.75,0.4583333333333333
2.0,1.75,1240,3000,1.5,0,0,3,0,108,1,0,574543.2427470535,951532.2580645161,450.90909090909093,2.4193548387096775,3.75,0.5833333333333334
4.0,2.75,2520,14021,2.0,0,0,3,0,15,0,15,413841.8,413841.8,672.0,5.563888888888889,6.75,0.55
4.0,2.25,2420,10200,2.0,0,0,4,0,41,0,41,1182030.1090909091,1182030.1090909091,744.6153846153846,4.214876033057851,6.25,0.45
4.0,1.75,1250,7400,1.0,0,0,5,0,55,0,55,847974.924611399,660358.3333333334,454.54545454545456,5.92,5.75,0.35
3.0,1.0,1410,8053,1.0,0,0,4,0,63,1,15,574543.2427470535,754622.6341463415,705.0,5.711347517730497,4.0,0.25
3.0,1.0,990,9798,1.0,0,0,3,0,46,1,17,612917.84375,554207.5555555555,495.0,9.896969696969697,4.0,0.25
3.0,1.75,2000,7560,1.0,0,0,4,700,46,0,46,376968.54547619045,346675.59929577465,727.2727272727273,3.78,4.75,0.4375
2.0,1.0,1120,5650,1.0,0,0,3,0,70,0,70,574543.2427470535,274962.0967741936,560.0,5.044642857142857,3.0,0.3333333333333333
5.0,3.25,3370,7947,2.0,0,0,3,0,13,0,13,654481.2884615385,805533.4016393443,792.9411764705883,2.358160237388724,8.25,0.5416666666666666
3.0,2.75,2210,4000,2.0,0,0,3,0,6,0,6,659713.198757764,701241.5652173914,589.3333333333334,1.8099547511312217,5.75,0.6875
3.0,2.5,1150,887,3.0,0,0,3,0,7,0,7,583475.1987418453,378450.7192982456,328.57142857142856,0.7713043478260869,5.5,0.625
4.0,2.75,4230,31747,2.0,0,0,4,0,29,0,29,602057.1753246753,578701.4130434783,1128.0,7.505200945626478,6.75,0.55
3.0,1.75,1570,15330,1.0,0,0,3,490,58,1,13,372098.1818181818,467334.3243243243,570.9090909090909,9.764331210191083,4.75,0.4375
3.0,2.5,1630,7700,1.0,0,0,3,510,36,0,36,297151.21774193546,287917.39130434784,465.7142857142857,4.723926380368098,5.5,0.625
4.0,2.5,2770,10274,2.0,0,0,3,0,25,0,25,611394.2276422764,624091.0333333333,791.4285714285714,3.7090252707581226,6.5,0.5
3.0,1.5,1090,8160,1.0,0,0,3,0,47,1,0,379453.5624401914,351241.91041666665,436.0,7.486238532110092,4.5,0.375
2.0,1.0,930,7740,1.0,0,0,3,0,90,1,3,573185.0026954178,452594.44444444444,465.0,8.32258064516129,3.0,0.3333333333333333
1.0,1.0,690,1950,1.0,0,0,3,0,86,1,60,576183.7791741472,552908.4521276596,345.0,2.8260869565217392,2.0,0.5
4.0,3.0,2370,3672,1.5,0,0,5,720,98,0,98,574543.2427470535,605400.1521739131,592.5,1.549367088607595,7.0,0.6
2.0,1.0,840,3400,1.0,0,2,4,0,90,0,90,574543.2427470535,921350.0,420.0,4.0476190476190474,3.0,0.3333333333333333
4.0,2.25,1830,8734,2.0,0,0,4,0,23,0,23,302187.765625,292224.96153846156,563.0769230769231,4.772677595628415,6.25,0.45
5.0,2.75,2520,16100,1.0,0,3,4,950,54,1,13,1182030.1090909091,1182030.1090909091,672.0,6.388888888888889,7.75,0.4583333333333333
4.0,2.5,2590,8483,2.0,0,0,3,0,23,0,23,487024.75,487024.75,740.0,3.2752895752895754,6.5,0.5
2.0,1.75,1530,3503,1.0,0,1,4,700,98,0,98,583475.1987418453,901820.6896551724,556.3636363636364,2.2895424836601306,3.75,0.5833333333333334
3.0,1.75,1490,1036,2.0,0,0,3,400,6,0,6,574543.2427470535,731451.1428571428,541.8181818181819,0.6953020134228188,4.75,0.4375
3.0,3.0,2470,7410,2.0,0,0,5,610,37,0,37,570223.1185050136,586761.8313953489,617.5,3.0,6.0,0.75
4.0,2.25,2110,12653,2.0,0,0,4,0,42,0,42,1204170.349206349,1204170.349206349,649.2307692307693,5.9966824644549765,6.25,0.45
2.0,1.75,1990,4000,1.0,0,0,5,900,62,1,16,583475.1987418453,598663.1875,723.6363636363636,2.0100502512562812,3.75,0.5833333333333334
3.0,1.5,1740,4200,1.5,0,0,4,100,94,0,94,576183.7791741472,552908.4521276596,696.0,2.413793103448276,4.5,0.375
2.0,1.0,1290,4650,1.0,0,0,4,0,108,1,24,573185.0026954178,594233.6460674157,645.0,3.604651162790698,3.0,0.3333333333333333
3.0,1.0,1890,3330,1.5,0,0,4,500,113,0,113,583475.1987418453,598663.1875,945.0,1.7619047619047619,4.0,0.25
2.0,1.0,770,8149,1.0,0,0,3,0,66,1,20,402504.4879518072,381644.5188679245,385.0,10.583116883116883,3.0,0.3333333333333333
3.0,1.0,1040,8892,1.0,0,0,4,240,56,1,42,302406.8613861386,294601.05,520.0,8.55,4.0,0.25
4.0,2.5,2530,8169,2.0,0,0,3,0,21,0,21,298547.1904761905,300771.1538461539,722.8571428571429,3.2288537549407113,6.5,0.5
4.0,2.0,2090,6630,1.0,0,0,3,1020,40,0,40,583475.1987418453,282381.0546875,696.6666666666666,3.172248803827751,6.0,0.4
3.0,2.5,1490,8102,2.0,0,0,4,0,24,0,24,331482.7586206897,336132.38095238095,425.7142857142857,5.437583892617449,5.5,0.625
